stock_id,store_id,product_id,quantity_on_hand,quantity_reserved,reorder_level,reorder_quantity,unit_cost,bin_location,last_counted_at,stock_status
STK0001,STR0809,PRD0001,158,20,36,76,4.40,B-03,2025-11-25 18:18:10,ok
STK0002,STR0858,PRD0002,144,1,57,138,7.18,A-11,2024-10-28 06:14:34,ok
STK0003,STR0680,PRD0003,16,13,18,19,5.79,C-11,2026-01-31 15:57:27,low
STK0004,STR0307,PRD0004,15,9,18,39,3.17,C-18,2025-11-17 16:25:58,low
STK0005,STR0434,PRD0005,146,11,30,66,3.12,A-06,2025-10-08 04:40:37,ok
STK0006,STR0529,PRD0006,23,1,24,55,5.80,B-15,2024-11-22 02:21:09,low
STK0007,STR0112,PRD0007,200,7,43,87,9.21,C-04,2024-09-23 01:10:48,ok
STK0008,STR0755,PRD0008,60,8,58,99,3.96,B-07,2024-10-01 10:11:58,ok
STK0009,STR0831,PRD0009,94,16,54,61,5.28,B-10,2025-06-24 04:48:51,ok
STK0010,STR0327,PRD0010,214,2,41,54,4.91,F-06,2025-12-24 01:00:48,ok
STK0011,STR0277,PRD0011,197,10,23,29,4.01,C-20,2024-07-14 09:13:17,ok
STK0012,STR0527,PRD0012,210,6,36,53,6.99,F-02,2024-08-27 08:15:47,ok
STK0013,STR0211,PRD0013,25,8,39,43,5.37,B-17,2024-04-25 16:53:03,low
STK0014,STR0046,PRD0014,246,0,34,96,4.80,F-08,2025-04-06 07:40:18,ok
STK0015,STR0281,PRD0015,53,8,23,66,8.00,F-01,2024-10-09 05:14:23,ok
STK0016,STR0666,PRD0016,247,12,57,83,2.74,B-12,2025-09-10 17:28:31,ok
STK0017,STR0285,PRD0017,18,12,55,136,8.92,B-19,2026-04-30 12:10:43,low
STK0018,STR0680,PRD0018,241,1,41,62,2.82,C-05,2024-05-27 08:21:21,ok
STK0019,STR0369,PRD0019,184,2,56,90,6.70,B-12,2024-05-28 09:45:47,ok
STK0020,STR0487,PRD0020,33,6,51,136,9.33,F-17,2025-07-22 16:05:43,low
STK0021,STR0045,PRD0021,67,9,56,124,7.09,C-06,2025-08-26 18:50:15,ok
STK0022,STR0053,PRD0022,162,4,58,163,5.33,B-11,2025-03-22 15:29:48,ok
STK0023,STR0671,PRD0023,120,5,19,35,3.51,A-11,2025-07-13 21:00:36,ok
STK0024,STR0823,PRD0024,208,1,25,73,4.33,F-03,2024-06-29 09:57:53,ok
STK0025,STR0232,PRD0025,156,0,11,19,7.37,C-17,2026-07-28 02:30:56,ok
STK0026,STR0139,PRD0026,121,20,33,54,5.18,B-09,2024-03-21 08:11:47,ok
STK0027,STR0519,PRD0027,125,11,12,25,3.92,B-08,2025-06-03 21:53:44,ok
STK0028,STR0375,PRD0028,243,12,32,62,8.84,C-19,2026-05-12 04:59:33,ok
STK0029,STR0065,PRD0029,134,4,59,130,3.14,C-07,2026-05-26 05:05:55,ok
STK0030,STR0797,PRD0030,112,16,29,79,8.86,F-19,2026-05-21 02:40:30,ok
STK0031,STR0044,PRD0031,11,11,32,78,8.44,F-07,2024-11-10 19:27:59,low
STK0032,STR0930,PRD0032,134,14,10,29,6.38,B-13,2025-08-26 13:22:50,ok
STK0033,STR0001,PRD0033,147,9,53,54,3.35,C-09,2025-12-09 15:05:42,ok
STK0034,STR0906,PRD0034,232,0,33,46,4.49,F-11,2024-01-25 10:36:11,ok
STK0035,STR0342,PRD0035,105,12,53,97,5.38,C-17,2026-07-14 00:38:57,ok
STK0036,STR0784,PRD0036,156,1,50,132,4.86,F-11,2026-04-11 06:47:35,ok
STK0037,STR0956,PRD0037,101,15,47,138,3.47,B-06,2024-11-10 01:27:03,ok
STK0038,STR0174,PRD0038,74,1,21,37,6.18,B-01,2024-04-05 11:52:52,ok
STK0039,STR0409,PRD0039,61,2,54,127,2.71,A-02,2025-10-29 16:07:38,ok
STK0040,STR0874,PRD0040,144,3,40,71,5.05,F-08,2025-06-12 07:41:25,ok
STK0041,STR0606,PRD0041,20,2,58,166,3.59,C-05,2024-03-18 02:12:30,low
STK0042,STR1000,PRD0042,214,17,19,44,5.83,A-05,2024-08-12 16:08:43,ok
STK0043,STR0222,PRD0043,40,13,45,131,2.54,A-09,2024-01-04 09:46:38,low
STK0044,STR0733,PRD0044,197,20,18,36,2.78,C-10,2024-07-31 04:02:37,ok
STK0045,STR0150,PRD0045,66,19,57,76,5.36,B-10,2025-01-07 22:33:12,ok
STK0046,STR0023,PRD0046,38,4,24,68,6.25,A-01,2024-02-12 15:11:03,ok
STK0047,STR0099,PRD0047,48,14,18,51,8.59,B-18,2024-09-07 14:49:50,ok
STK0048,STR0272,PRD0048,169,10,25,28,6.39,F-19,2024-05-29 06:46:01,ok
STK0049,STR0732,PRD0049,238,10,24,38,9.50,B-20,2025-05-16 15:39:15,ok
STK0050,STR0997,PRD0050,97,20,17,48,4.38,F-06,2026-07-03 08:30:57,ok
STK0051,STR0288,PRD0051,228,16,57,92,4.93,F-16,2025-08-07 04:43:52,ok
STK0052,STR0293,PRD0052,14,8,59,155,7.86,F-15,2026-06-20 08:46:17,low
STK0053,STR0957,PRD0053,92,12,23,27,6.98,C-01,2026-05-07 13:36:19,ok
STK0054,STR0194,PRD0054,0,0,51,56,4.18,A-13,2025-01-17 10:56:32,out_of_stock
STK0055,STR0918,PRD0055,238,12,25,28,6.85,B-16,2024-10-18 21:31:57,ok
STK0056,STR0932,PRD0056,31,10,56,110,7.83,F-06,2025-10-16 22:48:42,low
STK0057,STR0071,PRD0057,125,6,57,111,7.63,B-19,2024-08-14 11:37:14,ok
STK0058,STR0299,PRD0058,82,17,48,121,5.20,F-15,2025-12-07 23:16:11,ok
STK0059,STR0201,PRD0059,139,5,56,144,6.41,C-07,2026-02-19 20:42:15,ok
STK0060,STR0160,PRD0060,16,13,27,37,8.25,B-06,2024-10-16 09:18:42,low
STK0061,STR0165,PRD0061,242,7,43,68,8.90,A-07,2026-02-16 05:10:47,ok
STK0062,STR0962,PRD0062,237,5,30,76,6.53,B-07,2025-06-09 04:00:40,ok
STK0063,STR0616,PRD0063,7,2,34,96,8.76,A-19,2025-03-28 19:16:00,low
STK0064,STR0942,PRD0064,209,3,12,20,4.82,C-03,2024-09-24 04:03:02,ok
STK0065,STR0319,PRD0065,86,5,20,57,3.08,B-09,2025-07-28 14:42:24,ok
STK0066,STR0398,PRD0066,113,0,53,119,2.98,B-19,2024-12-18 11:46:43,ok
STK0067,STR0927,PRD0067,223,20,54,98,4.46,A-09,2025-10-06 23:41:36,ok
STK0068,STR0931,PRD0068,40,19,54,142,4.61,B-07,2025-12-14 11:46:03,low
STK0069,STR0286,PRD0069,28,6,32,75,4.47,B-07,2026-03-22 16:18:01,low
STK0070,STR0458,PRD0070,130,18,51,97,2.53,A-20,2024-02-03 22:29:18,ok
STK0071,STR0349,PRD0071,62,1,58,132,4.89,C-11,2026-05-22 10:14:29,ok
STK0072,STR0494,PRD0072,92,11,46,53,5.71,B-12,2026-01-11 07:50:34,ok
STK0073,STR0133,PRD0073,57,6,21,21,8.16,A-16,2024-01-08 06:58:11,ok
STK0074,STR0573,PRD0074,107,17,14,27,4.05,C-17,2025-04-08 05:23:19,ok
STK0075,STR0404,PRD0075,174,9,39,98,8.44,C-06,2024-06-01 12:44:19,ok
STK0076,STR0276,PRD0076,140,11,25,66,2.82,F-12,2024-03-05 13:15:32,ok
STK0077,STR0570,PRD0077,163,12,59,132,3.61,B-05,2025-12-12 22:15:12,ok
STK0078,STR0865,PRD0078,240,0,52,147,3.11,B-11,2024-07-21 13:44:41,ok
STK0079,STR0694,PRD0079,174,20,33,66,5.18,A-04,2024-04-06 19:15:16,ok
STK0080,STR0914,PRD0080,192,11,33,85,3.35,B-10,2024-04-21 17:25:27,ok
STK0081,STR0147,PRD0081,108,13,52,109,3.79,F-17,2024-02-10 23:41:51,ok
STK0082,STR0805,PRD0082,165,8,46,52,3.98,C-19,2025-09-17 06:41:41,ok
STK0083,STR0310,PRD0083,123,7,12,18,7.02,F-09,2024-09-22 05:38:45,ok
STK0084,STR0862,PRD0084,73,10,59,156,3.79,B-05,2024-02-06 18:43:54,ok
STK0085,STR0441,PRD0085,81,7,27,35,9.29,F-03,2025-04-03 11:51:17,ok
STK0086,STR0226,PRD0086,76,6,13,28,4.50,A-12,2024-08-20 08:26:15,ok
STK0087,STR0911,PRD0087,215,8,55,79,5.76,A-02,2024-04-11 05:49:50,ok
STK0088,STR0344,PRD0088,173,17,36,67,8.37,A-20,2025-07-21 14:01:05,ok
STK0089,STR0247,PRD0089,186,5,14,19,7.40,C-06,2025-09-16 14:06:50,ok
STK0090,STR0283,PRD0090,150,9,38,94,7.48,F-02,2025-11-06 20:58:23,ok
STK0091,STR0449,PRD0091,166,12,50,87,2.69,C-06,2026-02-25 18:50:58,ok
STK0092,STR0424,PRD0092,160,1,24,53,2.88,A-15,2026-03-25 15:37:10,ok
STK0093,STR0082,PRD0093,188,2,12,35,5.24,A-04,2024-07-29 08:52:49,ok
STK0094,STR0302,PRD0094,214,16,28,77,4.85,A-12,2025-08-31 20:42:32,ok
STK0095,STR0621,PRD0095,163,4,29,35,3.59,A-17,2026-01-19 15:55:25,ok
STK0096,STR0315,PRD0096,183,20,47,49,4.04,A-09,2025-02-02 06:58:18,ok
STK0097,STR0599,PRD0097,17,1,13,27,2.78,B-07,2024-04-21 05:28:39,ok
STK0098,STR0750,PRD0098,215,18,28,39,7.42,A-10,2026-06-02 08:58:59,ok
STK0099,STR0616,PRD0099,53,13,11,20,6.79,A-09,2024-05-13 07:20:39,ok
STK0100,STR0134,PRD0100,18,14,13,14,7.11,C-07,2024-04-26 21:41:23,ok
STK0101,STR0030,PRD0101,204,11,32,33,8.94,B-03,2025-07-20 11:01:20,ok
STK0102,STR0746,PRD0102,133,14,42,112,3.65,C-02,2025-08-24 13:48:10,ok
STK0103,STR0426,PRD0103,3,3,59,115,8.14,C-04,2025-02-19 12:41:02,low
STK0104,STR0119,PRD0104,67,7,43,87,9.15,A-11,2025-09-18 14:03:47,ok
STK0105,STR0022,PRD0105,145,3,32,66,4.32,B-15,2026-01-06 20:48:35,ok
STK0106,STR0053,PRD0106,175,2,19,40,4.52,B-18,2025-08-26 12:10:53,ok
STK0107,STR0118,PRD0107,26,3,31,38,9.21,A-14,2024-09-27 21:22:38,low
STK0108,STR0886,PRD0108,185,3,40,72,3.50,B-12,2024-10-26 20:24:21,ok
STK0109,STR0270,PRD0109,28,12,12,15,3.76,F-11,2024-01-17 12:23:37,ok
STK0110,STR0647,PRD0110,65,15,54,77,7.29,C-12,2024-12-01 00:35:35,ok
STK0111,STR0125,PRD0111,217,1,54,117,8.58,B-16,2024-04-25 21:09:08,ok
STK0112,STR0192,PRD0112,37,14,10,14,5.73,C-02,2026-04-28 02:40:20,ok
STK0113,STR0664,PRD0113,78,5,30,49,5.12,A-18,2026-03-15 08:03:07,ok
STK0114,STR0448,PRD0114,184,1,60,154,4.11,F-19,2024-07-18 16:26:49,ok
STK0115,STR0326,PRD0115,196,7,24,50,3.85,A-04,2024-01-24 12:47:48,ok
STK0116,STR0945,PRD0116,238,20,47,125,7.52,B-03,2026-07-07 01:54:39,ok
STK0117,STR0101,PRD0117,241,8,59,157,5.35,A-01,2026-07-13 18:15:00,ok
STK0118,STR0626,PRD0118,174,3,42,63,2.53,F-04,2026-07-01 13:34:16,ok
STK0119,STR0139,PRD0119,169,20,54,77,8.74,F-10,2024-04-29 18:04:19,ok
STK0120,STR0344,PRD0120,181,8,47,126,8.22,B-12,2025-02-15 12:18:06,ok
STK0121,STR0652,PRD0121,49,10,29,81,7.23,A-05,2025-09-21 18:00:39,ok
STK0122,STR0437,PRD0122,66,5,51,112,7.57,B-18,2025-11-04 17:48:01,ok
STK0123,STR0641,PRD0123,152,13,35,70,8.92,A-03,2024-02-28 15:03:22,ok
STK0124,STR0343,PRD0124,17,5,59,131,6.48,B-15,2024-08-18 21:15:31,low
STK0125,STR0839,PRD0125,69,0,22,49,8.86,F-16,2026-02-12 11:06:01,ok
STK0126,STR0633,PRD0126,132,12,24,53,8.79,F-17,2024-04-13 20:51:59,ok
STK0127,STR0012,PRD0127,126,16,10,14,8.64,C-02,2026-02-21 05:01:04,ok
STK0128,STR0625,PRD0128,202,20,24,46,6.97,A-08,2024-10-24 00:49:26,ok
STK0129,STR0761,PRD0129,195,11,16,45,8.76,B-02,2026-05-23 06:09:15,ok
STK0130,STR0185,PRD0130,171,13,25,49,6.11,A-13,2024-09-12 01:27:14,ok
STK0131,STR0017,PRD0131,21,4,38,113,2.79,C-04,2024-08-06 11:22:53,low
STK0132,STR0391,PRD0132,164,1,35,88,5.63,F-04,2024-05-16 03:50:02,ok
STK0133,STR0872,PRD0133,246,17,11,19,8.72,A-08,2024-02-12 05:21:40,ok
STK0134,STR0761,PRD0134,145,20,21,63,7.41,F-13,2026-01-21 06:43:34,ok
STK0135,STR0222,PRD0135,193,0,36,103,9.34,F-08,2024-11-17 13:26:17,ok
STK0136,STR0224,PRD0136,208,19,47,129,6.55,C-02,2025-08-30 22:19:18,ok
STK0137,STR0401,PRD0137,179,20,35,98,8.59,F-01,2025-06-13 01:51:30,ok
STK0138,STR0363,PRD0138,5,5,43,46,4.29,A-11,2024-03-16 22:27:36,low
STK0139,STR0696,PRD0139,155,17,13,19,6.32,A-14,2024-10-17 13:06:34,ok
STK0140,STR0370,PRD0140,12,11,54,129,3.61,A-12,2025-07-30 07:18:10,low
STK0141,STR0913,PRD0141,110,9,28,79,2.80,A-19,2026-06-10 21:02:52,ok
STK0142,STR0767,PRD0142,73,2,59,167,5.89,B-09,2024-11-24 09:27:18,ok
STK0143,STR0428,PRD0143,16,1,35,82,8.02,A-06,2026-07-15 12:54:25,low
STK0144,STR0651,PRD0144,192,19,47,52,5.51,F-13,2024-05-23 13:55:16,ok
STK0145,STR0596,PRD0145,30,20,58,122,4.74,A-10,2026-04-13 21:54:05,low
STK0146,STR0216,PRD0146,105,16,41,74,8.13,A-08,2024-07-27 09:21:14,ok
STK0147,STR0858,PRD0147,242,14,15,29,8.70,C-19,2024-05-25 16:45:04,ok
STK0148,STR0998,PRD0148,30,15,59,114,8.05,F-11,2025-07-31 04:55:15,low
STK0149,STR0024,PRD0149,248,1,54,89,4.73,B-16,2025-06-10 22:29:20,ok
STK0150,STR0658,PRD0150,222,3,22,43,7.96,F-12,2024-07-24 19:28:36,ok
STK0151,STR0915,PRD0151,45,10,49,55,7.51,B-18,2025-09-03 20:48:03,low
STK0152,STR0037,PRD0152,232,18,22,25,4.94,B-14,2026-02-09 09:06:57,ok
STK0153,STR0299,PRD0153,142,14,37,83,6.58,F-16,2025-07-24 19:05:07,ok
STK0154,STR0874,PRD0154,52,10,59,68,5.32,C-08,2025-02-06 05:27:05,low
STK0155,STR0678,PRD0155,178,9,41,66,4.51,B-16,2024-01-02 22:44:23,ok
STK0156,STR0531,PRD0156,26,1,20,49,9.11,A-01,2024-11-18 15:43:43,ok
STK0157,STR0505,PRD0157,138,0,15,18,3.90,A-08,2024-08-10 22:51:57,ok
STK0158,STR0822,PRD0158,221,16,10,14,9.39,B-09,2024-05-30 18:20:35,ok
STK0159,STR0833,PRD0159,196,0,35,38,5.45,F-12,2026-01-30 01:40:58,ok
STK0160,STR0722,PRD0160,133,11,44,58,2.76,F-13,2024-05-11 09:27:09,ok
STK0161,STR0577,PRD0161,4,3,41,74,2.72,C-09,2026-07-20 04:40:16,low
STK0162,STR0050,PRD0162,71,18,24,42,8.87,F-03,2025-11-05 19:02:24,ok
STK0163,STR0982,PRD0163,165,4,19,29,6.05,F-15,2024-07-24 18:01:40,ok
STK0164,STR0442,PRD0164,26,10,11,19,6.49,A-06,2025-08-16 01:46:23,ok
STK0165,STR0020,PRD0165,190,16,21,62,8.47,C-14,2025-07-06 21:28:49,ok
STK0166,STR0739,PRD0166,84,4,47,58,7.35,C-13,2026-04-20 15:18:38,ok
STK0167,STR0520,PRD0167,206,8,35,62,5.25,B-19,2025-11-30 01:20:30,ok
STK0168,STR0282,PRD0168,90,19,22,26,2.52,A-06,2024-12-28 17:15:02,ok
STK0169,STR0555,PRD0169,75,14,45,97,7.17,A-10,2025-04-17 01:18:06,ok
STK0170,STR0262,PRD0170,57,7,56,141,3.96,F-08,2025-08-10 03:15:56,ok
STK0171,STR0790,PRD0171,164,1,51,130,9.42,A-17,2025-05-26 20:45:20,ok
STK0172,STR0449,PRD0172,86,14,24,62,7.49,C-15,2025-09-01 19:42:03,ok
STK0173,STR0772,PRD0173,55,16,16,29,6.63,C-06,2026-06-08 13:35:11,ok
STK0174,STR0017,PRD0174,3,2,20,57,3.30,B-16,2026-04-14 21:00:04,low
STK0175,STR0960,PRD0175,203,5,31,85,7.01,B-10,2025-09-12 22:14:29,ok
STK0176,STR0742,PRD0176,243,2,52,92,8.67,A-06,2024-06-22 07:51:56,ok
STK0177,STR0774,PRD0177,208,15,37,88,7.44,A-17,2025-09-27 12:50:00,ok
STK0178,STR0046,PRD0178,22,12,11,24,6.24,C-17,2025-11-23 19:51:25,ok
STK0179,STR0515,PRD0179,173,9,20,28,6.14,C-14,2025-07-14 09:38:58,ok
STK0180,STR0566,PRD0180,33,18,58,85,8.60,C-09,2024-03-05 19:25:47,low
STK0181,STR0644,PRD0181,168,9,29,69,7.27,C-01,2024-12-27 14:32:32,ok
STK0182,STR0903,PRD0182,147,12,45,69,6.73,B-09,2025-08-08 23:58:44,ok
STK0183,STR0972,PRD0183,99,0,48,114,3.48,A-09,2025-04-02 09:04:18,ok
STK0184,STR0622,PRD0184,135,1,35,52,5.34,F-11,2024-12-16 01:24:39,ok
STK0185,STR0188,PRD0185,175,7,45,54,5.29,C-07,2024-02-04 18:10:00,ok
STK0186,STR0491,PRD0186,4,4,39,52,5.53,A-10,2026-03-29 18:41:23,low
STK0187,STR0713,PRD0187,127,13,43,45,8.97,A-12,2024-04-06 19:48:37,ok
STK0188,STR0528,PRD0188,181,20,58,160,8.32,B-08,2025-03-06 20:57:58,ok
STK0189,STR0829,PRD0189,81,5,14,33,9.15,B-20,2025-01-25 23:29:47,ok
STK0190,STR0356,PRD0190,69,2,58,123,4.54,B-07,2026-02-10 02:41:55,ok
STK0191,STR0574,PRD0191,133,9,16,47,6.86,C-05,2025-06-28 03:06:48,ok
STK0192,STR0025,PRD0192,117,7,29,62,2.67,B-02,2024-11-07 00:31:02,ok
STK0193,STR0610,PRD0193,91,1,53,136,2.71,A-15,2026-03-01 01:06:47,ok
STK0194,STR0439,PRD0194,114,10,38,80,5.88,A-02,2025-05-13 18:09:43,ok
STK0195,STR0195,PRD0195,248,10,57,118,4.96,F-02,2024-12-08 00:11:19,ok
STK0196,STR0402,PRD0196,219,6,38,65,5.50,F-03,2025-02-22 09:39:02,ok
STK0197,STR0186,PRD0197,248,15,26,43,6.66,A-12,2024-05-25 00:59:54,ok
STK0198,STR0851,PRD0198,111,7,57,76,9.45,C-14,2025-10-08 04:01:58,ok
STK0199,STR0726,PRD0199,16,8,51,116,3.21,B-09,2025-01-11 09:17:12,low
STK0200,STR0427,PRD0200,77,10,44,53,5.95,F-17,2024-09-08 22:25:26,ok
STK0201,STR0713,PRD0201,115,11,53,148,3.63,F-16,2024-11-11 15:07:26,ok
STK0202,STR0062,PRD0202,195,2,34,67,3.68,F-01,2024-05-04 15:34:38,ok
STK0203,STR0505,PRD0203,171,2,26,64,8.83,F-10,2024-02-10 04:20:14,ok
STK0204,STR0920,PRD0204,185,1,13,39,5.79,B-11,2025-10-02 20:21:58,ok
STK0205,STR0693,PRD0205,130,6,60,175,8.15,C-20,2025-10-25 01:48:07,ok
STK0206,STR0849,PRD0206,32,16,38,69,4.29,F-16,2026-01-13 17:17:54,low
STK0207,STR0392,PRD0207,84,0,26,34,4.27,B-10,2026-01-02 03:49:53,ok
STK0208,STR0781,PRD0208,31,11,28,35,8.77,B-15,2025-02-27 17:15:36,ok
STK0209,STR0675,PRD0209,224,4,10,27,6.05,B-14,2025-07-07 11:32:06,ok
STK0210,STR0817,PRD0210,208,13,51,94,8.48,B-19,2024-12-12 08:47:08,ok
STK0211,STR0936,PRD0211,170,15,34,80,3.58,F-06,2025-12-07 00:36:38,ok
STK0212,STR0379,PRD0212,194,10,26,69,8.81,C-01,2024-12-30 09:45:19,ok
STK0213,STR0798,PRD0213,78,20,47,112,4.61,B-20,2025-11-28 17:43:59,ok
STK0214,STR0370,PRD0214,158,10,32,62,2.67,F-10,2024-09-20 15:48:25,ok
STK0215,STR0186,PRD0215,175,18,13,21,3.72,F-02,2025-05-30 14:25:42,ok
STK0216,STR0264,PRD0216,226,15,26,51,3.88,C-17,2024-11-08 09:37:10,ok
STK0217,STR0625,PRD0217,169,0,59,67,4.09,F-13,2026-07-31 18:41:54,ok
STK0218,STR0169,PRD0218,213,1,38,72,7.17,B-17,2026-04-19 11:08:11,ok
STK0219,STR0340,PRD0219,231,4,56,166,3.46,F-03,2025-07-02 23:40:58,ok
STK0220,STR0788,PRD0220,176,7,43,77,9.45,C-08,2024-02-08 15:06:57,ok
STK0221,STR0135,PRD0221,210,19,47,135,4.09,F-08,2026-05-03 08:29:25,ok
STK0222,STR0326,PRD0222,79,5,27,78,6.84,C-02,2024-08-30 10:02:22,ok
STK0223,STR0631,PRD0223,229,8,59,163,4.17,A-10,2025-10-21 11:28:20,ok
STK0224,STR0528,PRD0224,134,20,34,39,3.79,F-13,2024-11-06 00:47:41,ok
STK0225,STR0910,PRD0225,229,5,26,57,3.28,B-10,2025-11-13 14:25:27,ok
STK0226,STR0825,PRD0226,119,3,16,38,4.55,F-18,2025-12-09 20:47:03,ok
STK0227,STR0199,PRD0227,122,17,60,70,4.13,C-14,2024-07-09 18:37:55,ok
STK0228,STR0860,PRD0228,226,5,35,43,4.69,F-07,2025-08-10 16:03:41,ok
STK0229,STR0955,PRD0229,121,7,15,38,3.81,F-07,2024-04-08 06:55:01,ok
STK0230,STR0299,PRD0230,5,5,54,81,3.17,A-19,2024-07-01 15:46:59,low
STK0231,STR0408,PRD0231,108,3,36,90,7.53,B-10,2025-09-09 05:28:36,ok
STK0232,STR0633,PRD0232,185,16,44,117,2.70,F-16,2025-09-03 06:47:25,ok
STK0233,STR0177,PRD0233,239,2,57,121,2.60,B-06,2025-04-30 00:57:49,ok
STK0234,STR0476,PRD0234,145,20,50,73,2.64,B-09,2026-02-06 18:58:03,ok
STK0235,STR0415,PRD0235,166,13,45,101,9.09,A-15,2024-06-08 13:28:42,ok
STK0236,STR0402,PRD0236,215,2,38,72,8.90,C-15,2024-08-07 06:44:19,ok
STK0237,STR0342,PRD0237,116,11,44,132,4.46,B-07,2025-05-05 08:45:30,ok
STK0238,STR0155,PRD0238,152,1,42,45,4.91,B-10,2024-04-19 08:34:18,ok
STK0239,STR0229,PRD0239,198,7,38,70,8.21,C-09,2024-07-19 01:40:53,ok
STK0240,STR0293,PRD0240,122,3,58,66,3.25,C-11,2026-03-15 20:29:25,ok
STK0241,STR0191,PRD0241,219,2,21,56,3.79,A-19,2025-06-02 00:21:27,ok
STK0242,STR0087,PRD0242,113,19,15,45,3.86,A-15,2024-02-10 17:43:03,ok
STK0243,STR0446,PRD0243,116,20,40,94,8.91,B-04,2024-11-21 19:56:10,ok
STK0244,STR0100,PRD0244,203,9,35,75,3.33,B-18,2024-11-01 11:54:56,ok
STK0245,STR0198,PRD0245,102,5,28,50,3.39,C-01,2024-12-12 14:27:11,ok
STK0246,STR0985,PRD0246,92,7,25,69,6.06,B-03,2024-02-21 16:43:23,ok
STK0247,STR0103,PRD0247,41,9,31,75,8.24,F-15,2025-05-24 02:17:44,ok
STK0248,STR0788,PRD0248,219,2,48,85,5.60,C-19,2025-11-28 20:04:09,ok
STK0249,STR0483,PRD0249,10,1,24,68,6.45,F-01,2025-07-14 03:46:16,low
STK0250,STR0439,PRD0250,136,4,52,99,7.68,B-06,2024-03-05 04:47:38,ok
STK0251,STR0069,PRD0251,230,6,27,48,4.72,C-12,2025-08-26 14:49:33,ok
STK0252,STR0824,PRD0252,234,12,22,52,5.96,B-14,2026-02-16 21:56:42,ok
STK0253,STR0444,PRD0253,60,20,36,74,6.66,C-10,2026-06-19 15:07:21,ok
STK0254,STR0520,PRD0254,224,0,17,42,2.56,B-05,2025-10-03 03:30:15,ok
STK0255,STR0881,PRD0255,114,6,58,130,6.88,B-01,2025-08-08 23:50:40,ok
STK0256,STR0841,PRD0256,181,0,60,95,3.03,B-19,2025-04-02 20:46:10,ok
STK0257,STR0151,PRD0257,157,4,49,145,8.60,A-03,2024-09-29 01:29:01,ok
STK0258,STR0273,PRD0258,114,6,26,67,4.67,C-02,2025-10-31 15:52:16,ok
STK0259,STR0617,PRD0259,169,17,40,61,8.07,A-19,2026-06-18 19:40:14,ok
STK0260,STR0756,PRD0260,53,15,42,59,3.35,A-04,2024-08-03 08:05:32,ok
STK0261,STR0954,PRD0261,4,4,23,32,6.46,B-19,2026-07-14 21:31:14,low
STK0262,STR0902,PRD0262,213,3,12,23,6.70,A-12,2025-06-27 01:42:05,ok
STK0263,STR0963,PRD0263,76,13,41,51,3.79,F-18,2024-04-04 22:55:03,ok
STK0264,STR0741,PRD0264,160,16,34,38,8.89,B-02,2025-04-27 10:59:56,ok
STK0265,STR0745,PRD0265,247,0,11,21,8.37,C-14,2026-03-20 09:13:04,ok
STK0266,STR0018,PRD0266,20,6,54,69,7.85,C-07,2025-01-08 13:08:11,low
STK0267,STR0427,PRD0267,0,0,32,65,4.32,B-06,2024-06-08 08:07:06,out_of_stock
STK0268,STR0754,PRD0268,225,3,16,38,5.23,C-19,2025-05-31 15:46:21,ok
STK0269,STR0635,PRD0269,161,20,57,139,5.62,B-19,2024-05-07 17:14:56,ok
STK0270,STR0777,PRD0270,174,19,40,53,8.43,F-20,2024-03-14 15:27:08,ok
STK0271,STR0617,PRD0271,221,7,14,26,6.31,C-03,2026-01-31 16:26:15,ok
STK0272,STR0659,PRD0272,106,18,30,38,6.31,A-12,2026-06-10 22:13:54,ok
STK0273,STR0310,PRD0273,138,6,50,150,4.02,F-01,2026-06-04 19:55:51,ok
STK0274,STR0028,PRD0274,227,13,14,40,8.01,A-04,2024-05-07 22:02:50,ok
STK0275,STR0349,PRD0275,228,6,52,146,9.16,F-01,2025-08-21 09:53:19,ok
STK0276,STR0299,PRD0276,53,9,48,94,5.12,B-09,2026-02-05 00:41:33,ok
STK0277,STR0213,PRD0277,32,0,13,31,8.71,F-02,2024-06-30 08:52:42,ok
STK0278,STR0381,PRD0278,50,6,31,82,6.27,A-12,2024-12-08 18:33:28,ok
STK0279,STR0184,PRD0279,203,11,59,114,6.36,B-10,2026-05-21 04:22:51,ok
STK0280,STR0560,PRD0280,189,20,45,133,7.28,A-10,2026-07-15 02:13:05,ok
STK0281,STR0508,PRD0281,11,6,26,43,9.33,C-11,2025-07-07 18:58:37,low
STK0282,STR0100,PRD0282,174,18,35,61,9.05,B-10,2024-02-19 09:44:36,ok
STK0283,STR0864,PRD0283,85,20,58,172,5.14,F-10,2024-06-04 06:39:59,ok
STK0284,STR0083,PRD0284,233,18,50,76,3.40,C-07,2026-05-30 20:04:34,ok
STK0285,STR0101,PRD0285,160,7,10,26,3.30,A-13,2025-09-14 07:08:47,ok
STK0286,STR0510,PRD0286,112,0,53,132,6.18,C-05,2024-04-22 23:11:25,ok
STK0287,STR0520,PRD0287,233,16,31,85,6.80,F-17,2024-03-07 21:16:53,ok
STK0288,STR0268,PRD0288,177,19,22,38,3.37,B-19,2024-01-23 02:19:54,ok
STK0289,STR0034,PRD0289,202,16,42,117,6.84,B-11,2026-04-18 22:18:34,ok
STK0290,STR0849,PRD0290,162,15,30,62,8.53,B-20,2026-04-25 22:06:42,ok
STK0291,STR0047,PRD0291,49,0,40,67,8.33,F-16,2024-11-16 13:50:16,ok
STK0292,STR0770,PRD0292,21,1,19,42,6.68,F-19,2025-04-20 11:30:30,ok
STK0293,STR0532,PRD0293,90,1,23,52,6.52,C-17,2025-12-13 23:35:48,ok
STK0294,STR0971,PRD0294,141,6,14,22,9.35,A-19,2025-06-26 14:27:29,ok
STK0295,STR0708,PRD0295,167,8,17,17,5.48,C-02,2024-04-22 00:30:12,ok
STK0296,STR0567,PRD0296,25,12,25,29,4.05,F-02,2024-01-04 23:48:26,low
STK0297,STR0039,PRD0297,247,16,27,79,6.80,C-10,2024-06-18 21:37:47,ok
STK0298,STR0742,PRD0298,217,4,59,146,8.34,B-09,2026-02-25 21:35:17,ok
STK0299,STR0948,PRD0299,26,18,10,19,7.94,C-06,2025-05-09 20:04:08,ok
STK0300,STR0335,PRD0300,226,18,25,49,5.87,B-11,2025-07-15 08:23:43,ok
STK0301,STR0442,PRD0301,20,8,27,33,3.24,B-19,2026-04-22 09:55:08,low
STK0302,STR0457,PRD0302,15,1,14,33,8.66,B-05,2024-07-07 13:04:32,ok
STK0303,STR0342,PRD0303,37,8,47,60,8.23,F-14,2024-06-19 13:47:59,low
STK0304,STR0114,PRD0304,24,16,29,43,6.50,B-09,2024-02-29 00:41:22,low
STK0305,STR0614,PRD0305,103,10,57,153,4.14,B-14,2024-04-29 00:13:50,ok
STK0306,STR0135,PRD0306,31,13,34,72,6.68,A-02,2024-01-04 04:49:40,low
STK0307,STR0079,PRD0307,16,6,20,34,5.04,A-04,2025-10-14 10:00:40,low
STK0308,STR0466,PRD0308,148,10,34,81,9.40,F-15,2025-01-17 01:44:58,ok
STK0309,STR0192,PRD0309,56,20,45,69,7.06,F-17,2025-04-22 21:51:29,ok
STK0310,STR0102,PRD0310,75,9,25,43,4.01,F-06,2024-09-29 12:31:17,ok
STK0311,STR0822,PRD0311,129,15,11,19,3.35,A-11,2024-11-06 13:52:34,ok
STK0312,STR0525,PRD0312,172,18,56,155,7.05,A-11,2025-07-24 18:43:56,ok
STK0313,STR0008,PRD0313,157,8,58,78,5.38,A-14,2026-04-24 11:26:06,ok
STK0314,STR0237,PRD0314,101,10,19,47,3.16,F-06,2024-05-13 14:16:27,ok
STK0315,STR0027,PRD0315,179,15,42,65,7.19,F-10,2024-07-09 08:08:37,ok
STK0316,STR0977,PRD0316,12,9,33,43,4.65,C-15,2026-06-08 18:54:05,low
STK0317,STR0522,PRD0317,191,2,57,104,9.36,C-11,2024-05-21 19:33:10,ok
STK0318,STR0566,PRD0318,79,11,47,138,5.96,C-06,2025-10-21 06:25:00,ok
STK0319,STR0263,PRD0319,63,10,50,67,4.74,B-04,2026-01-22 01:36:45,ok
STK0320,STR0204,PRD0320,32,9,45,63,8.87,C-17,2026-01-15 06:44:53,low
STK0321,STR0949,PRD0321,164,5,52,124,4.73,A-06,2024-02-05 06:39:55,ok
STK0322,STR0913,PRD0322,39,2,49,131,4.19,F-06,2025-08-19 19:00:44,low
STK0323,STR0322,PRD0323,198,20,16,31,6.49,C-05,2024-02-21 05:03:27,ok
STK0324,STR0320,PRD0324,160,15,31,64,6.88,A-08,2024-06-15 01:40:30,ok
STK0325,STR0298,PRD0325,92,12,58,75,4.46,C-08,2024-04-04 09:43:47,ok
STK0326,STR0224,PRD0326,15,8,18,22,7.71,B-01,2024-01-24 22:59:47,low
STK0327,STR0119,PRD0327,28,2,23,41,4.30,F-10,2025-04-22 21:50:24,ok
STK0328,STR0190,PRD0328,21,7,28,57,8.82,F-17,2024-02-13 11:57:42,low
STK0329,STR0988,PRD0329,217,10,33,50,4.49,B-16,2026-01-07 01:34:50,ok
STK0330,STR0025,PRD0330,241,4,52,106,2.65,A-10,2026-05-25 11:42:19,ok
STK0331,STR0478,PRD0331,102,20,49,109,6.94,F-06,2025-06-30 10:14:41,ok
STK0332,STR0413,PRD0332,171,13,47,129,4.24,C-03,2024-04-09 04:36:38,ok
STK0333,STR0217,PRD0333,89,14,10,23,4.76,C-20,2025-08-14 03:03:47,ok
STK0334,STR0463,PRD0334,42,14,54,144,8.12,F-07,2024-12-04 14:54:54,low
STK0335,STR0579,PRD0335,105,0,42,47,6.35,F-04,2024-06-13 22:27:48,ok
STK0336,STR0631,PRD0336,221,15,28,48,9.24,A-12,2024-10-13 04:32:36,ok
STK0337,STR0132,PRD0337,11,1,16,25,5.36,F-01,2025-03-14 08:01:33,low
STK0338,STR0146,PRD0338,32,11,54,126,8.42,B-08,2024-08-03 04:22:22,low
STK0339,STR0216,PRD0339,195,2,45,83,3.22,B-07,2024-06-22 20:46:32,ok
STK0340,STR0417,PRD0340,229,13,14,26,3.04,F-10,2025-04-22 20:33:16,ok
STK0341,STR0934,PRD0341,224,18,36,98,7.14,A-16,2024-06-27 03:56:37,ok
STK0342,STR0115,PRD0342,154,18,43,85,8.71,A-04,2024-07-02 04:19:21,ok
STK0343,STR0379,PRD0343,126,14,44,60,7.02,B-19,2024-04-03 14:02:03,ok
STK0344,STR0936,PRD0344,50,3,41,82,4.68,C-17,2025-09-14 17:19:04,ok
STK0345,STR0011,PRD0345,46,9,35,51,5.80,B-13,2024-10-03 10:54:15,ok
STK0346,STR0742,PRD0346,215,10,29,80,9.21,C-13,2026-06-21 12:14:47,ok
STK0347,STR0872,PRD0347,52,2,38,73,5.49,F-18,2026-02-11 04:28:26,ok
STK0348,STR0355,PRD0348,221,16,11,32,7.82,A-12,2025-12-15 04:11:55,ok
STK0349,STR0643,PRD0349,16,15,14,30,3.87,C-10,2025-03-09 21:21:26,ok
STK0350,STR0051,PRD0350,15,15,19,35,8.45,C-06,2025-03-05 08:48:13,low
STK0351,STR0315,PRD0351,239,14,24,62,7.04,B-13,2025-08-28 18:12:15,ok
STK0352,STR0439,PRD0352,244,9,13,22,5.72,F-15,2024-06-30 15:55:32,ok
STK0353,STR0123,PRD0353,137,2,43,95,3.53,A-17,2024-09-19 13:10:15,ok
STK0354,STR0758,PRD0354,125,14,55,137,4.31,B-10,2025-11-23 05:44:12,ok
STK0355,STR0475,PRD0355,73,13,47,103,6.26,C-12,2024-07-14 04:15:53,ok
STK0356,STR0474,PRD0356,229,7,25,66,5.84,A-17,2026-03-19 01:53:50,ok
STK0357,STR0108,PRD0357,81,15,36,77,4.46,C-04,2024-11-28 04:26:11,ok
STK0358,STR0811,PRD0358,85,20,27,76,4.22,C-11,2025-11-12 00:45:06,ok
STK0359,STR0612,PRD0359,116,0,50,142,4.35,F-20,2024-04-05 03:17:37,ok
STK0360,STR0488,PRD0360,228,20,38,45,8.38,C-12,2025-06-08 10:49:31,ok
STK0361,STR0992,PRD0361,53,0,11,13,8.01,F-07,2024-06-10 16:55:57,ok
STK0362,STR0795,PRD0362,237,3,26,35,5.76,F-06,2025-06-30 06:41:57,ok
STK0363,STR0602,PRD0363,44,20,16,27,5.45,C-13,2025-11-26 23:06:42,ok
STK0364,STR0708,PRD0364,32,1,26,49,3.03,C-11,2024-09-09 21:31:50,ok
STK0365,STR0335,PRD0365,217,15,16,46,7.00,C-18,2025-07-06 03:28:21,ok
STK0366,STR0442,PRD0366,82,20,19,44,5.00,C-05,2025-02-23 05:42:14,ok
STK0367,STR0222,PRD0367,112,4,29,61,6.18,B-05,2024-02-07 02:31:07,ok
STK0368,STR0190,PRD0368,32,8,13,15,9.18,A-14,2025-03-30 19:48:59,ok
STK0369,STR0927,PRD0369,146,1,35,93,4.32,B-13,2025-06-13 05:05:29,ok
STK0370,STR0161,PRD0370,182,3,13,36,6.59,C-17,2025-12-17 23:34:00,ok
STK0371,STR0430,PRD0371,12,6,49,106,9.46,B-15,2024-09-21 19:01:52,low
STK0372,STR0383,PRD0372,8,3,13,18,8.01,A-19,2025-06-16 08:15:34,low
STK0373,STR0400,PRD0373,184,6,49,71,5.48,A-12,2024-01-02 23:53:04,ok
STK0374,STR0433,PRD0374,186,1,32,82,7.63,F-04,2025-06-05 23:46:00,ok
STK0375,STR0938,PRD0375,138,8,43,77,5.08,C-05,2024-12-04 02:02:06,ok
STK0376,STR0407,PRD0376,64,8,47,56,7.53,A-01,2024-02-21 23:31:49,ok
STK0377,STR0814,PRD0377,227,5,53,57,8.86,F-16,2025-09-19 18:54:14,ok
STK0378,STR0765,PRD0378,8,0,29,79,8.90,F-05,2025-01-15 20:30:47,low
STK0379,STR0969,PRD0379,47,11,16,23,2.73,F-11,2024-07-12 21:45:27,ok
STK0380,STR0617,PRD0380,96,18,40,62,5.68,F-01,2025-06-08 08:20:06,ok
STK0381,STR0536,PRD0381,110,7,32,42,2.52,C-07,2025-02-24 12:20:08,ok
STK0382,STR0921,PRD0382,45,1,21,52,5.87,A-10,2024-12-03 09:54:49,ok
STK0383,STR0081,PRD0383,202,1,53,111,8.98,F-06,2024-09-15 03:47:18,ok
STK0384,STR0147,PRD0384,143,8,39,115,3.03,C-17,2026-05-30 05:20:30,ok
STK0385,STR0198,PRD0385,187,15,35,72,8.80,B-18,2025-09-09 20:05:38,ok
STK0386,STR0034,PRD0386,21,12,41,123,9.05,F-17,2025-11-30 17:20:49,low
STK0387,STR0979,PRD0387,54,16,42,49,6.72,A-04,2024-04-09 08:23:56,ok
STK0388,STR0826,PRD0388,52,20,12,23,8.92,B-19,2024-08-21 23:04:27,ok
STK0389,STR0968,PRD0389,53,7,43,89,5.73,B-05,2024-11-23 03:18:39,ok
STK0390,STR0477,PRD0390,126,1,31,48,6.23,C-17,2024-02-16 21:27:49,ok
STK0391,STR0408,PRD0391,167,20,25,36,9.22,C-09,2026-05-05 03:09:33,ok
STK0392,STR0698,PRD0392,156,17,35,67,9.37,F-02,2025-03-09 08:10:41,ok
STK0393,STR0865,PRD0393,28,5,55,108,9.35,A-13,2025-07-23 13:29:53,low
STK0394,STR0333,PRD0394,161,4,29,58,4.70,B-07,2026-07-02 17:19:42,ok
STK0395,STR0585,PRD0395,120,4,13,16,3.88,C-13,2024-04-30 13:39:19,ok
STK0396,STR0760,PRD0396,98,1,49,88,4.06,F-13,2024-04-23 12:26:01,ok
STK0397,STR0052,PRD0397,38,13,49,133,8.76,C-09,2025-04-01 15:56:40,low
STK0398,STR0085,PRD0398,150,1,57,153,5.70,C-07,2026-01-30 09:44:28,ok
STK0399,STR0477,PRD0399,221,5,12,31,3.34,F-15,2024-02-21 09:56:29,ok
STK0400,STR0339,PRD0400,2,1,23,49,8.50,B-08,2025-12-02 02:21:41,low
STK0401,STR0838,PRD0401,47,8,58,108,8.92,C-11,2025-09-09 09:33:26,low
STK0402,STR0010,PRD0402,75,11,44,55,3.15,A-19,2026-07-10 18:43:23,ok
STK0403,STR0033,PRD0403,233,10,35,85,5.33,B-06,2024-10-16 11:37:58,ok
STK0404,STR0690,PRD0404,103,19,41,50,9.00,A-03,2026-02-02 16:09:55,ok
STK0405,STR0521,PRD0405,86,5,17,39,6.20,B-15,2024-10-04 16:40:49,ok
STK0406,STR0816,PRD0406,247,2,47,98,4.92,C-05,2024-08-14 21:04:22,ok
STK0407,STR0134,PRD0407,225,4,48,92,7.42,B-18,2025-02-03 22:52:02,ok
STK0408,STR0073,PRD0408,141,10,38,99,4.88,F-03,2026-01-31 11:00:32,ok
STK0409,STR0415,PRD0409,95,15,53,73,3.51,B-09,2025-07-19 20:24:17,ok
STK0410,STR0861,PRD0410,133,7,43,98,8.69,F-01,2026-02-15 12:20:39,ok
STK0411,STR0600,PRD0411,143,7,23,65,8.14,C-02,2026-03-09 10:58:01,ok
STK0412,STR0206,PRD0412,187,15,22,54,5.43,B-13,2024-06-23 22:01:26,ok
STK0413,STR0361,PRD0413,213,18,50,73,9.26,F-14,2026-03-22 22:17:13,ok
STK0414,STR0416,PRD0414,97,16,51,54,5.24,A-16,2026-07-04 01:35:45,ok
STK0415,STR0379,PRD0415,106,7,31,34,5.52,A-02,2024-10-16 22:04:54,ok
STK0416,STR0832,PRD0416,36,11,41,42,4.93,B-14,2024-01-25 19:26:43,low
STK0417,STR0288,PRD0417,120,19,10,14,7.11,A-08,2024-12-11 09:04:49,ok
STK0418,STR0464,PRD0418,205,8,15,19,8.10,A-07,2026-01-03 23:33:28,ok
STK0419,STR0296,PRD0419,115,15,21,57,4.44,B-19,2024-09-29 20:17:10,ok
STK0420,STR0647,PRD0420,36,13,53,145,2.62,C-19,2025-05-24 10:35:57,low
STK0421,STR0267,PRD0421,40,13,41,57,3.68,B-08,2025-09-06 06:52:48,low
STK0422,STR0749,PRD0422,146,6,42,60,8.16,C-01,2026-01-02 12:25:04,ok
STK0423,STR0179,PRD0423,204,2,42,120,5.01,C-20,2026-02-19 16:39:45,ok
STK0424,STR0108,PRD0424,161,13,52,61,3.38,A-19,2026-02-25 15:16:58,ok
STK0425,STR0839,PRD0425,192,19,11,28,7.74,A-09,2024-01-31 11:46:06,ok
STK0426,STR0640,PRD0426,53,12,24,70,7.92,B-15,2024-08-16 01:20:52,ok
STK0427,STR0276,PRD0427,199,10,29,82,8.81,B-06,2026-01-22 01:14:53,ok
STK0428,STR0369,PRD0428,154,4,26,50,2.79,F-08,2024-07-27 06:17:59,ok
STK0429,STR0707,PRD0429,180,15,55,77,8.85,B-05,2024-06-07 15:25:51,ok
STK0430,STR0820,PRD0430,80,7,32,50,8.11,C-02,2024-05-29 23:36:52,ok
STK0431,STR0402,PRD0431,158,6,47,70,3.53,F-09,2025-07-15 21:22:53,ok
STK0432,STR0099,PRD0432,21,12,55,98,6.70,A-14,2024-01-07 21:07:37,low
STK0433,STR0560,PRD0433,102,9,21,58,3.11,C-04,2024-12-15 10:50:29,ok
STK0434,STR0205,PRD0434,148,13,37,37,4.76,C-15,2025-05-18 04:40:48,ok
STK0435,STR0865,PRD0435,38,18,51,102,4.84,F-10,2026-01-14 06:46:48,low
STK0436,STR0068,PRD0436,249,2,53,118,4.67,A-07,2024-07-28 10:32:21,ok
STK0437,STR0675,PRD0437,0,0,39,63,8.89,A-19,2024-05-15 21:34:46,out_of_stock
STK0438,STR0551,PRD0438,67,10,35,81,5.27,A-14,2024-12-03 21:59:15,ok
STK0439,STR0444,PRD0439,148,16,54,97,3.71,A-13,2025-12-13 00:11:47,ok
STK0440,STR0904,PRD0440,188,20,36,82,7.91,C-20,2026-06-21 01:10:45,ok
STK0441,STR0078,PRD0441,241,12,48,100,7.08,F-13,2024-04-05 18:43:33,ok
STK0442,STR0759,PRD0442,47,6,18,42,2.56,C-10,2026-06-08 01:27:48,ok
STK0443,STR0727,PRD0443,146,11,60,147,7.73,A-10,2024-12-30 14:39:49,ok
STK0444,STR0462,PRD0444,170,8,10,16,4.78,C-05,2025-04-06 07:56:04,ok
STK0445,STR0622,PRD0445,26,4,36,91,6.81,B-04,2026-02-12 02:19:54,low
STK0446,STR0480,PRD0446,120,8,58,148,3.45,C-05,2024-10-08 16:08:08,ok
STK0447,STR0149,PRD0447,25,9,21,29,6.70,A-19,2026-01-15 07:47:28,ok
STK0448,STR0197,PRD0448,249,2,42,115,8.12,A-08,2025-02-04 03:35:04,ok
STK0449,STR0455,PRD0449,52,14,16,36,6.40,A-02,2024-10-01 18:14:38,ok
STK0450,STR0606,PRD0450,237,17,33,63,8.90,C-01,2026-02-25 13:23:55,ok
STK0451,STR0754,PRD0451,52,5,25,55,6.99,A-01,2025-04-08 21:55:57,ok
STK0452,STR0322,PRD0452,53,10,57,68,3.08,B-11,2025-10-24 20:41:12,low
STK0453,STR0750,PRD0453,51,9,53,81,5.88,A-15,2024-05-01 06:24:38,low
STK0454,STR0620,PRD0454,172,2,50,98,8.05,B-07,2025-06-25 07:12:26,ok
STK0455,STR0268,PRD0455,114,2,50,139,6.84,C-09,2024-11-24 09:14:55,ok
STK0456,STR0249,PRD0456,239,20,50,114,5.58,B-11,2025-04-15 13:13:47,ok
STK0457,STR0111,PRD0457,124,17,36,54,5.03,B-02,2025-09-10 16:44:42,ok
STK0458,STR0946,PRD0458,138,18,18,34,9.39,C-18,2024-03-05 21:16:44,ok
STK0459,STR0178,PRD0459,237,9,42,86,3.72,F-04,2026-05-15 01:38:54,ok
STK0460,STR0428,PRD0460,146,3,53,149,9.13,A-14,2024-09-30 17:34:36,ok
STK0461,STR0379,PRD0461,241,19,28,66,5.75,B-04,2025-04-15 03:41:07,ok
STK0462,STR0330,PRD0462,63,13,56,99,5.74,A-07,2024-12-03 09:46:42,ok
STK0463,STR0943,PRD0463,132,3,37,65,7.36,F-15,2025-03-28 01:19:31,ok
STK0464,STR0870,PRD0464,98,13,15,18,4.28,F-01,2025-05-10 10:38:42,ok
STK0465,STR0280,PRD0465,61,14,24,67,5.25,A-16,2025-01-03 09:14:13,ok
STK0466,STR0392,PRD0466,120,4,15,30,8.52,C-16,2024-01-07 15:24:44,ok
STK0467,STR0428,PRD0467,155,11,58,88,4.61,A-06,2024-06-17 03:10:31,ok
STK0468,STR0465,PRD0468,202,19,43,81,8.01,A-13,2025-12-02 00:24:39,ok
STK0469,STR0144,PRD0469,152,14,37,55,4.17,A-09,2024-05-18 16:52:40,ok
STK0470,STR0568,PRD0470,110,19,20,32,4.26,A-20,2024-06-13 13:18:02,ok
STK0471,STR0661,PRD0471,96,17,38,95,5.92,C-18,2025-08-21 14:33:52,ok
STK0472,STR0707,PRD0472,66,8,41,42,6.50,A-20,2024-08-11 18:00:47,ok
STK0473,STR0654,PRD0473,93,7,32,47,2.76,F-11,2025-05-22 01:45:53,ok
STK0474,STR0819,PRD0474,0,0,26,32,5.72,F-04,2025-04-03 12:54:36,out_of_stock
STK0475,STR0723,PRD0475,59,8,44,50,9.08,B-20,2025-12-25 07:52:38,ok
STK0476,STR0129,PRD0476,216,15,34,77,3.75,C-12,2025-11-14 20:39:21,ok
STK0477,STR0429,PRD0477,209,20,47,54,6.55,C-03,2025-02-05 02:53:15,ok
STK0478,STR0133,PRD0478,91,1,52,130,7.24,C-13,2024-11-01 18:34:16,ok
STK0479,STR0419,PRD0479,173,1,56,83,7.42,C-11,2024-09-06 14:31:18,ok
STK0480,STR0520,PRD0480,193,5,43,67,6.27,A-07,2024-08-19 03:03:05,ok
STK0481,STR0633,PRD0481,158,15,37,102,6.78,B-10,2024-11-11 04:11:36,ok
STK0482,STR0956,PRD0482,91,11,44,123,6.95,A-20,2025-12-20 22:54:11,ok
STK0483,STR0904,PRD0483,198,13,39,70,7.49,C-17,2025-08-31 23:40:53,ok
STK0484,STR0721,PRD0484,205,18,52,70,9.24,B-11,2025-02-23 09:38:17,ok
STK0485,STR0233,PRD0485,124,13,54,79,7.92,F-13,2024-10-01 17:26:37,ok
STK0486,STR0515,PRD0486,127,2,16,45,3.72,A-14,2025-07-30 12:41:25,ok
STK0487,STR0882,PRD0487,54,10,50,126,8.17,C-12,2024-10-30 16:16:09,ok
STK0488,STR0621,PRD0488,68,1,33,87,9.07,C-17,2024-07-18 21:34:59,ok
STK0489,STR0622,PRD0489,67,13,44,74,4.35,A-20,2026-06-10 14:25:38,ok
STK0490,STR0749,PRD0490,118,4,55,121,6.60,C-11,2025-03-06 04:39:52,ok
STK0491,STR0125,PRD0491,114,6,47,136,9.34,C-08,2024-05-12 14:38:23,ok
STK0492,STR0320,PRD0492,229,3,46,79,7.40,B-03,2025-07-07 16:57:30,ok
STK0493,STR0259,PRD0493,79,1,56,130,3.18,F-15,2025-08-28 04:59:35,ok
STK0494,STR0151,PRD0494,79,17,19,42,5.17,F-09,2024-02-21 14:06:37,ok
STK0495,STR0317,PRD0495,5,2,59,79,3.94,F-15,2024-01-31 23:43:00,low
STK0496,STR0206,PRD0496,94,14,26,53,6.09,F-08,2024-03-18 23:50:29,ok
STK0497,STR0988,PRD0497,115,14,60,133,5.17,F-11,2024-04-29 19:43:12,ok
STK0498,STR0684,PRD0498,165,18,10,10,4.20,F-12,2024-06-02 06:46:00,ok
STK0499,STR0637,PRD0499,217,0,28,59,6.29,B-08,2025-03-12 01:25:57,ok
STK0500,STR0974,PRD0500,206,3,36,82,5.78,A-09,2024-07-03 04:09:59,ok
STK0501,STR0730,PRD0501,189,15,14,15,9.30,B-19,2024-08-23 18:00:59,ok
STK0502,STR0143,PRD0502,13,2,47,87,5.45,A-07,2024-02-14 10:04:54,low
STK0503,STR0005,PRD0503,45,11,47,52,2.79,A-03,2025-04-17 08:21:47,low
STK0504,STR0452,PRD0504,65,14,53,75,5.23,A-12,2025-07-29 07:58:11,ok
STK0505,STR0330,PRD0505,32,15,25,57,7.08,B-20,2024-02-13 16:43:32,ok
STK0506,STR0259,PRD0506,156,11,41,102,6.79,C-11,2025-08-08 14:00:55,ok
STK0507,STR0951,PRD0507,139,9,28,36,7.99,F-08,2024-10-31 03:45:36,ok
STK0508,STR0216,PRD0508,210,20,25,60,4.59,C-14,2025-06-16 14:54:20,ok
STK0509,STR0068,PRD0509,146,6,12,34,6.37,C-18,2024-11-06 18:12:44,ok
STK0510,STR0811,PRD0510,13,2,45,82,3.50,A-07,2024-03-05 05:54:25,low
STK0511,STR0121,PRD0511,108,1,60,111,2.97,C-09,2026-06-22 21:40:57,ok
STK0512,STR0043,PRD0512,51,20,33,64,8.07,C-04,2026-01-24 06:12:37,ok
STK0513,STR0700,PRD0513,123,20,57,81,8.05,B-10,2024-12-29 09:48:29,ok
STK0514,STR0958,PRD0514,192,20,55,60,6.32,F-04,2026-04-30 03:25:57,ok
STK0515,STR0737,PRD0515,209,3,19,53,5.03,B-03,2025-08-18 03:46:00,ok
STK0516,STR0687,PRD0516,4,1,37,109,5.14,B-08,2024-04-14 11:00:26,low
STK0517,STR0541,PRD0517,237,14,34,100,2.83,A-03,2024-02-12 16:49:02,ok
STK0518,STR0558,PRD0518,205,4,13,20,6.50,B-13,2026-06-15 23:11:16,ok
STK0519,STR0697,PRD0519,122,4,10,21,8.16,F-20,2025-05-06 22:38:02,ok
STK0520,STR0246,PRD0520,200,13,32,71,7.39,C-03,2024-04-18 07:27:24,ok
STK0521,STR0621,PRD0521,167,6,53,97,3.41,C-15,2024-10-14 10:27:55,ok
STK0522,STR0536,PRD0522,100,18,25,61,8.16,F-06,2025-04-20 22:39:15,ok
STK0523,STR0827,PRD0523,4,1,52,81,6.41,C-20,2024-08-11 20:38:41,low
STK0524,STR0059,PRD0524,57,15,14,34,8.56,C-20,2024-04-27 07:30:15,ok
STK0525,STR0268,PRD0525,82,19,10,11,9.09,A-07,2025-07-21 16:16:16,ok
STK0526,STR0786,PRD0526,122,16,18,42,7.82,B-20,2025-06-12 11:47:14,ok
STK0527,STR0242,PRD0527,147,2,50,53,8.89,F-16,2024-12-18 03:47:45,ok
STK0528,STR0226,PRD0528,54,5,43,99,6.30,F-11,2024-12-02 11:59:03,ok
STK0529,STR0971,PRD0529,194,17,28,70,6.29,A-06,2025-04-11 06:52:34,ok
STK0530,STR0591,PRD0530,99,16,35,56,2.86,B-18,2025-07-16 23:32:36,ok
STK0531,STR0561,PRD0531,88,10,56,150,8.32,B-01,2024-04-24 09:32:03,ok
STK0532,STR0002,PRD0532,174,20,17,40,8.67,C-10,2025-04-24 01:34:16,ok
STK0533,STR0564,PRD0533,217,15,29,67,3.66,B-01,2025-11-25 01:49:55,ok
STK0534,STR0278,PRD0534,14,1,33,92,6.56,A-07,2024-07-28 12:46:09,low
STK0535,STR0175,PRD0535,26,20,56,113,2.58,F-11,2024-03-26 05:32:56,low
STK0536,STR0138,PRD0536,88,8,59,154,6.14,B-19,2024-04-25 23:19:27,ok
STK0537,STR0027,PRD0537,246,5,23,23,5.57,C-04,2024-03-22 11:32:43,ok
STK0538,STR0236,PRD0538,163,4,41,106,4.06,A-02,2024-08-21 15:08:55,ok
STK0539,STR0931,PRD0539,192,14,48,70,2.89,C-15,2025-05-22 21:27:09,ok
STK0540,STR0366,PRD0540,226,4,17,44,3.81,B-15,2024-03-28 01:49:16,ok
STK0541,STR0660,PRD0541,14,12,41,118,3.65,F-07,2024-11-19 05:08:28,low
STK0542,STR0719,PRD0542,5,1,60,80,4.46,C-04,2025-12-26 17:31:23,low
STK0543,STR0397,PRD0543,109,17,37,59,9.39,A-06,2026-01-30 03:02:10,ok
STK0544,STR0293,PRD0544,106,3,20,33,3.84,B-10,2025-07-20 10:37:17,ok
STK0545,STR0591,PRD0545,227,11,55,126,6.04,B-20,2025-07-25 06:22:26,ok
STK0546,STR0986,PRD0546,101,12,32,52,8.70,A-19,2024-09-23 02:58:47,ok
STK0547,STR0613,PRD0547,239,10,56,164,3.32,A-19,2026-05-30 20:35:48,ok
STK0548,STR0312,PRD0548,223,2,29,77,9.24,C-16,2025-07-20 12:47:00,ok
STK0549,STR0941,PRD0549,53,14,58,112,7.82,B-15,2026-05-13 11:48:14,low
STK0550,STR0929,PRD0550,181,11,21,47,8.52,C-17,2025-07-04 02:07:07,ok
STK0551,STR0557,PRD0551,109,15,29,56,7.25,F-19,2025-07-10 15:00:36,ok
STK0552,STR0921,PRD0552,169,15,30,61,8.92,A-11,2024-07-02 00:52:28,ok
STK0553,STR0575,PRD0553,104,1,33,83,8.96,F-20,2026-06-21 23:52:03,ok
STK0554,STR0424,PRD0554,236,10,27,31,8.94,A-12,2026-06-29 11:50:46,ok
STK0555,STR0657,PRD0555,1,0,30,85,8.14,C-14,2026-02-20 20:09:47,low
STK0556,STR0468,PRD0556,0,0,29,56,5.25,C-13,2026-02-15 07:25:28,out_of_stock
STK0557,STR0633,PRD0557,91,17,12,13,2.53,C-13,2025-09-24 22:42:38,ok
STK0558,STR0860,PRD0558,1,1,54,82,3.55,B-17,2025-07-31 02:20:39,low
STK0559,STR0033,PRD0559,183,3,28,54,5.03,B-15,2025-05-28 08:13:53,ok
STK0560,STR0001,PRD0560,219,20,50,70,3.46,A-20,2024-09-02 15:00:09,ok
STK0561,STR0185,PRD0561,85,3,21,32,3.42,B-18,2024-01-20 18:16:48,ok
STK0562,STR0179,PRD0562,148,9,53,86,5.63,F-05,2026-02-04 13:48:30,ok
STK0563,STR0388,PRD0563,62,3,30,86,6.24,C-17,2025-12-22 04:29:54,ok
STK0564,STR0270,PRD0564,151,20,40,51,6.51,C-04,2024-07-23 16:40:42,ok
STK0565,STR0690,PRD0565,152,8,31,54,6.24,B-18,2025-05-01 18:59:19,ok
STK0566,STR0229,PRD0566,229,7,50,92,9.34,C-19,2026-07-25 23:24:38,ok
STK0567,STR0699,PRD0567,157,2,58,113,7.43,C-08,2025-06-25 05:00:04,ok
STK0568,STR0945,PRD0568,195,20,51,127,5.53,C-05,2024-07-26 16:08:14,ok
STK0569,STR0564,PRD0569,183,20,40,81,6.50,A-05,2024-01-12 05:30:40,ok
STK0570,STR0586,PRD0570,177,2,12,29,4.09,A-16,2025-04-14 08:42:19,ok
STK0571,STR0773,PRD0571,147,7,39,47,6.60,A-03,2025-03-22 09:00:41,ok
STK0572,STR0916,PRD0572,155,7,37,63,8.17,F-01,2026-05-27 07:14:39,ok
STK0573,STR0556,PRD0573,156,3,55,61,6.71,C-01,2025-03-14 03:31:48,ok
STK0574,STR0689,PRD0574,192,19,30,78,9.46,F-04,2025-12-03 22:22:28,ok
STK0575,STR0922,PRD0575,166,1,27,28,5.38,C-20,2026-02-01 16:33:15,ok
STK0576,STR0376,PRD0576,198,6,43,76,3.74,C-12,2026-07-22 01:41:12,ok
STK0577,STR0754,PRD0577,69,2,20,21,3.70,C-06,2024-01-27 06:27:19,ok
STK0578,STR0693,PRD0578,130,2,28,84,6.86,B-18,2025-09-24 16:30:59,ok
STK0579,STR0329,PRD0579,69,1,46,105,3.27,F-06,2025-05-19 07:41:04,ok
STK0580,STR0337,PRD0580,8,5,55,94,8.91,A-11,2024-07-06 23:38:51,low
STK0581,STR0621,PRD0581,12,3,46,104,4.55,C-15,2025-12-25 01:05:29,low
STK0582,STR0003,PRD0582,214,18,38,86,4.51,A-13,2024-05-24 07:12:53,ok
STK0583,STR0930,PRD0583,171,18,37,72,3.39,A-07,2025-07-21 10:03:45,ok
STK0584,STR0836,PRD0584,25,17,20,36,4.33,B-13,2026-07-22 20:55:07,ok
STK0585,STR0321,PRD0585,250,11,59,134,7.82,C-18,2024-09-06 01:42:44,ok
STK0586,STR0497,PRD0586,118,1,57,145,3.54,F-19,2024-07-23 10:56:27,ok
STK0587,STR0908,PRD0587,34,19,36,50,8.88,C-13,2026-05-25 11:21:08,low
STK0588,STR0689,PRD0588,171,19,26,27,6.15,F-01,2026-03-24 21:37:38,ok
STK0589,STR0661,PRD0589,45,13,41,56,8.11,A-01,2024-09-20 23:13:30,ok
STK0590,STR0729,PRD0590,57,2,32,49,8.88,A-20,2025-02-06 09:36:16,ok
STK0591,STR0375,PRD0591,150,12,55,129,2.64,A-11,2025-12-30 10:08:42,ok
STK0592,STR0211,PRD0592,180,19,26,42,5.32,B-18,2025-06-21 23:07:40,ok
STK0593,STR0950,PRD0593,162,13,52,77,5.53,B-16,2025-07-11 06:46:29,ok
STK0594,STR0581,PRD0594,221,8,42,117,5.66,A-08,2026-04-20 03:28:39,ok
STK0595,STR0754,PRD0595,121,16,55,118,6.99,A-04,2026-05-22 01:37:58,ok
STK0596,STR0529,PRD0596,22,2,50,65,9.15,B-08,2026-01-05 12:08:14,low
STK0597,STR0625,PRD0597,83,5,52,78,7.29,B-04,2025-02-17 11:18:44,ok
STK0598,STR0241,PRD0598,42,2,27,67,3.72,F-01,2025-12-24 04:04:26,ok
STK0599,STR0900,PRD0599,194,3,58,76,4.22,F-17,2026-01-24 00:04:53,ok
STK0600,STR0791,PRD0600,154,7,36,67,9.40,F-20,2024-03-04 22:10:46,ok
STK0601,STR0862,PRD0601,131,2,56,80,2.65,B-06,2024-03-19 19:12:46,ok
STK0602,STR0851,PRD0602,129,5,19,22,4.19,C-10,2026-03-17 15:55:51,ok
STK0603,STR0301,PRD0603,168,7,55,165,8.25,C-04,2026-07-27 04:28:25,ok
STK0604,STR0503,PRD0604,131,17,59,71,6.24,F-09,2026-06-29 20:28:23,ok
STK0605,STR0362,PRD0605,121,1,17,35,3.57,B-11,2026-07-07 17:40:53,ok
STK0606,STR0018,PRD0606,3,1,55,120,6.66,C-06,2024-07-26 02:44:38,low
STK0607,STR0282,PRD0607,195,15,16,18,8.11,A-18,2024-12-12 23:36:37,ok
STK0608,STR0873,PRD0608,160,3,60,90,8.82,F-16,2025-03-04 17:27:52,ok
STK0609,STR0215,PRD0609,65,7,12,13,7.49,C-16,2026-06-10 23:16:20,ok
STK0610,STR0175,PRD0610,85,20,55,66,9.15,F-08,2024-12-12 16:43:13,ok
STK0611,STR0252,PRD0611,235,16,32,46,5.37,B-14,2026-02-17 08:25:31,ok
STK0612,STR0168,PRD0612,194,1,20,25,7.10,C-05,2026-01-26 02:20:24,ok
STK0613,STR0632,PRD0613,107,11,45,81,5.55,F-06,2024-05-06 16:19:14,ok
STK0614,STR0095,PRD0614,98,0,38,44,8.16,F-06,2024-03-08 23:54:33,ok
STK0615,STR0527,PRD0615,35,4,16,33,7.30,A-15,2025-08-09 17:54:42,ok
STK0616,STR0444,PRD0616,72,20,56,137,2.77,C-07,2025-08-27 10:15:31,ok
STK0617,STR0157,PRD0617,212,4,46,60,6.70,B-11,2024-03-09 09:59:59,ok
STK0618,STR0649,PRD0618,218,3,16,31,4.47,C-09,2026-07-30 07:41:18,ok
STK0619,STR0387,PRD0619,138,18,54,95,9.27,A-19,2024-07-25 07:06:47,ok
STK0620,STR0840,PRD0620,144,16,15,24,9.02,C-12,2025-02-26 05:04:49,ok
STK0621,STR0685,PRD0621,233,18,56,91,7.81,F-05,2025-06-30 20:05:02,ok
STK0622,STR0302,PRD0622,119,1,19,37,5.85,F-09,2025-04-21 16:10:23,ok
STK0623,STR0129,PRD0623,173,14,16,39,5.63,F-08,2026-06-03 06:08:01,ok
STK0624,STR0264,PRD0624,150,8,10,22,6.11,C-04,2025-03-16 17:42:38,ok
STK0625,STR0309,PRD0625,66,13,29,73,5.60,C-16,2025-04-26 01:36:17,ok
STK0626,STR0530,PRD0626,17,10,28,38,4.93,C-05,2026-03-06 02:30:40,low
STK0627,STR0775,PRD0627,130,12,44,82,5.87,F-11,2024-01-28 00:18:36,ok
STK0628,STR0907,PRD0628,143,7,49,52,2.98,C-08,2024-05-08 01:10:18,ok
STK0629,STR0488,PRD0629,237,9,45,64,5.52,A-08,2026-07-15 02:42:36,ok
STK0630,STR0101,PRD0630,57,13,59,148,4.24,F-11,2025-02-09 05:05:05,low
STK0631,STR0540,PRD0631,56,6,49,111,9.02,F-16,2024-07-25 04:12:47,ok
STK0632,STR0767,PRD0632,198,3,38,84,7.81,C-05,2024-09-10 21:38:01,ok
STK0633,STR0264,PRD0633,29,10,20,20,3.20,B-17,2024-11-23 10:23:10,ok
STK0634,STR0282,PRD0634,193,5,16,34,5.10,F-05,2024-10-07 14:49:50,ok
STK0635,STR0236,PRD0635,249,4,39,44,3.47,F-10,2024-04-17 06:30:27,ok
STK0636,STR0614,PRD0636,123,6,32,93,6.63,A-02,2025-10-29 16:31:32,ok
STK0637,STR0242,PRD0637,41,19,25,63,8.43,F-15,2024-11-22 03:34:08,ok
STK0638,STR0232,PRD0638,244,5,33,45,5.14,A-17,2025-06-14 18:58:00,ok
STK0639,STR0939,PRD0639,135,20,22,51,4.04,C-12,2026-04-28 15:03:59,ok
STK0640,STR0914,PRD0640,201,5,60,113,3.60,B-06,2024-05-16 10:18:41,ok
STK0641,STR0541,PRD0641,154,11,27,33,9.44,A-18,2026-03-24 06:44:29,ok
STK0642,STR0355,PRD0642,195,18,42,116,6.08,A-17,2024-07-09 13:52:18,ok
STK0643,STR0934,PRD0643,25,19,48,82,4.86,B-18,2024-07-05 21:50:17,low
STK0644,STR0509,PRD0644,209,17,55,85,4.25,C-05,2024-01-04 13:10:15,ok
STK0645,STR0422,PRD0645,65,6,22,64,3.79,C-11,2024-10-19 11:54:51,ok
STK0646,STR0831,PRD0646,79,6,22,40,8.96,F-04,2026-07-14 20:39:09,ok
STK0647,STR0456,PRD0647,32,0,50,84,5.39,A-19,2024-12-01 10:15:39,low
STK0648,STR0190,PRD0648,74,8,19,31,3.39,A-01,2024-05-06 05:41:14,ok
STK0649,STR0698,PRD0649,189,14,58,86,5.41,A-13,2024-10-26 16:56:59,ok
STK0650,STR0227,PRD0650,34,20,28,42,4.62,A-17,2026-02-12 20:57:26,ok
STK0651,STR0784,PRD0651,245,9,20,36,6.26,F-17,2025-01-06 18:55:45,ok
STK0652,STR0860,PRD0652,146,0,57,119,3.04,A-05,2024-05-10 03:22:15,ok
STK0653,STR0933,PRD0653,231,11,20,51,5.16,F-20,2024-05-01 16:10:39,ok
STK0654,STR0052,PRD0654,37,3,29,65,7.84,B-16,2024-09-10 06:54:22,ok
STK0655,STR0288,PRD0655,74,19,51,97,9.01,B-02,2025-11-15 20:44:32,ok
STK0656,STR0394,PRD0656,146,20,47,56,8.13,C-05,2026-04-19 20:49:32,ok
STK0657,STR0216,PRD0657,21,18,15,29,5.36,F-17,2026-06-14 12:37:54,ok
STK0658,STR0366,PRD0658,27,12,37,82,3.05,A-04,2026-04-11 05:09:29,low
STK0659,STR0050,PRD0659,13,4,33,70,2.57,A-05,2025-12-26 10:27:57,low
STK0660,STR0449,PRD0660,99,3,13,34,5.61,B-08,2024-05-31 11:45:51,ok
STK0661,STR0399,PRD0661,35,15,31,54,2.51,A-01,2024-02-22 13:49:19,ok
STK0662,STR0020,PRD0662,55,13,34,102,4.57,C-16,2025-04-30 09:43:05,ok
STK0663,STR0245,PRD0663,149,15,59,141,4.34,B-18,2025-02-23 23:13:17,ok
STK0664,STR0879,PRD0664,204,20,38,49,4.80,C-12,2026-02-20 14:12:49,ok
STK0665,STR0077,PRD0665,221,7,34,40,4.06,B-04,2024-09-27 16:32:23,ok
STK0666,STR0607,PRD0666,206,17,14,19,6.73,B-14,2024-10-28 05:27:21,ok
STK0667,STR0874,PRD0667,121,10,18,25,3.80,A-05,2026-07-14 19:18:23,ok
STK0668,STR0680,PRD0668,133,6,12,36,3.67,A-02,2024-08-27 22:08:58,ok
STK0669,STR0390,PRD0669,39,14,24,25,5.92,C-02,2025-08-19 05:23:05,ok
STK0670,STR0802,PRD0670,116,9,53,124,9.48,B-12,2024-09-05 23:48:28,ok
STK0671,STR0885,PRD0671,39,5,46,87,4.08,C-13,2025-06-07 07:49:39,low
STK0672,STR0977,PRD0672,209,8,58,121,5.30,F-08,2024-04-29 17:59:28,ok
STK0673,STR0443,PRD0673,154,9,15,26,4.27,C-20,2024-03-24 12:46:29,ok
STK0674,STR0212,PRD0674,98,7,31,53,9.42,C-06,2024-11-13 06:33:12,ok
STK0675,STR0452,PRD0675,40,13,26,53,9.15,F-13,2024-07-14 13:47:38,ok
STK0676,STR0172,PRD0676,104,15,54,103,8.21,A-16,2025-04-17 18:51:50,ok
STK0677,STR0660,PRD0677,112,0,47,82,6.52,C-11,2024-09-15 09:36:26,ok
STK0678,STR0775,PRD0678,36,5,28,72,4.38,A-12,2026-07-17 07:37:59,ok
STK0679,STR0801,PRD0679,109,4,26,49,4.09,C-20,2025-11-30 05:17:52,ok
STK0680,STR0546,PRD0680,13,4,34,63,9.08,F-03,2025-09-10 20:27:55,low
STK0681,STR0041,PRD0681,177,6,51,88,5.02,F-08,2024-04-17 16:02:25,ok
STK0682,STR0112,PRD0682,109,3,12,23,9.36,F-11,2024-12-30 16:43:20,ok
STK0683,STR0910,PRD0683,226,19,46,93,3.23,B-03,2024-05-29 06:12:31,ok
STK0684,STR0791,PRD0684,189,10,50,85,6.05,B-09,2024-01-08 20:06:25,ok
STK0685,STR0096,PRD0685,88,8,11,17,5.13,F-20,2024-04-04 18:59:41,ok
STK0686,STR0721,PRD0686,134,17,36,39,5.67,B-11,2026-03-30 11:14:51,ok
STK0687,STR0736,PRD0687,191,11,33,97,3.91,B-14,2025-02-09 13:35:23,ok
STK0688,STR0329,PRD0688,67,17,50,107,2.54,C-20,2025-11-28 18:06:27,ok
STK0689,STR0589,PRD0689,144,15,59,92,3.38,B-12,2025-03-30 15:16:02,ok
STK0690,STR0945,PRD0690,41,18,50,132,6.40,A-10,2024-11-27 05:04:30,low
STK0691,STR0394,PRD0691,135,15,20,40,8.24,F-17,2025-02-01 17:33:11,ok
STK0692,STR0600,PRD0692,250,16,41,82,5.90,A-15,2026-03-23 00:05:00,ok
STK0693,STR0883,PRD0693,164,15,37,60,7.37,C-08,2024-03-29 10:55:58,ok
STK0694,STR0778,PRD0694,130,10,16,16,3.38,F-15,2026-03-22 21:55:03,ok
STK0695,STR0691,PRD0695,199,8,48,95,2.55,A-04,2026-07-25 04:56:04,ok
STK0696,STR0925,PRD0696,56,5,53,155,5.47,C-14,2026-01-19 14:47:47,ok
STK0697,STR0073,PRD0697,165,20,55,127,6.89,B-15,2025-06-06 14:34:42,ok
STK0698,STR0176,PRD0698,55,3,38,40,6.22,A-05,2025-07-26 05:43:18,ok
STK0699,STR0890,PRD0699,156,12,51,75,3.39,C-03,2026-05-19 11:23:21,ok
STK0700,STR0868,PRD0700,124,14,32,39,7.23,C-07,2024-10-08 17:05:54,ok
STK0701,STR0043,PRD0701,144,7,55,103,3.89,A-08,2024-02-01 14:35:27,ok
STK0702,STR0067,PRD0702,73,13,29,46,3.56,A-20,2026-01-19 16:36:30,ok
STK0703,STR0162,PRD0703,181,9,46,55,2.13,A-07,2025-10-26 05:27:44,ok
STK0704,STR0505,PRD0704,83,0,43,92,1.34,B-05,2026-03-25 19:42:20,ok
STK0705,STR0914,PRD0705,151,1,27,31,3.69,A-15,2024-04-30 21:37:11,ok
STK0706,STR0853,PRD0706,48,7,12,34,1.21,F-01,2025-12-15 18:29:54,ok
STK0707,STR0104,PRD0707,135,13,26,55,0.90,A-18,2025-12-24 02:10:40,ok
STK0708,STR0488,PRD0708,204,7,54,114,1.77,B-04,2025-10-08 19:11:30,ok
STK0709,STR0822,PRD0709,146,4,60,117,3.44,C-20,2024-09-20 11:25:44,ok
STK0710,STR0503,PRD0710,79,1,36,46,1.48,A-01,2025-09-13 06:25:54,ok
STK0711,STR0653,PRD0711,155,14,51,111,2.23,C-02,2024-01-03 20:22:40,ok
STK0712,STR0609,PRD0712,176,1,39,47,0.57,B-05,2025-07-29 17:16:26,ok
STK0713,STR0645,PRD0713,172,12,54,102,0.71,A-18,2024-01-14 19:49:16,ok
STK0714,STR0387,PRD0714,24,16,10,20,2.91,B-15,2024-03-05 01:08:12,ok
STK0715,STR0007,PRD0715,127,0,13,16,2.48,A-05,2024-08-06 13:01:01,ok
STK0716,STR0136,PRD0716,185,5,17,42,1.01,B-20,2024-03-06 07:49:01,ok
STK0717,STR0327,PRD0717,24,1,57,72,1.08,A-18,2024-04-16 05:17:56,low
STK0718,STR0752,PRD0718,96,6,46,80,2.09,A-01,2025-08-16 19:05:22,ok
STK0719,STR0938,PRD0719,118,19,37,103,3.47,F-03,2024-03-02 22:51:35,ok
STK0720,STR0859,PRD0720,28,19,28,47,2.99,A-03,2025-10-23 09:30:03,low
STK0721,STR0235,PRD0721,214,17,21,30,0.44,B-12,2024-06-23 10:24:41,ok
STK0722,STR0582,PRD0722,97,4,26,63,0.77,C-17,2025-08-23 04:33:33,ok
STK0723,STR0125,PRD0723,110,4,38,51,0.51,A-16,2024-02-01 00:43:49,ok
STK0724,STR0889,PRD0724,200,10,19,35,2.48,C-20,2025-08-29 21:58:00,ok
STK0725,STR0324,PRD0725,83,5,12,34,3.28,C-06,2024-05-10 05:53:42,ok
STK0726,STR0865,PRD0726,132,4,52,93,1.23,C-17,2024-03-19 15:05:40,ok
STK0727,STR0340,PRD0727,178,11,39,81,2.10,A-06,2025-04-02 16:00:03,ok
STK0728,STR0146,PRD0728,247,20,26,75,1.31,B-14,2024-11-30 17:49:48,ok
STK0729,STR0251,PRD0729,247,5,33,62,2.67,A-15,2025-05-12 23:19:01,ok
STK0730,STR0295,PRD0730,128,15,38,53,3.85,B-05,2024-01-05 00:45:59,ok
STK0731,STR0159,PRD0731,4,0,35,61,2.96,B-01,2024-12-31 13:22:48,low
STK0732,STR0109,PRD0732,199,13,43,100,0.44,F-15,2025-03-11 09:56:17,ok
STK0733,STR0315,PRD0733,132,5,20,52,0.41,F-18,2024-01-18 05:32:33,ok
STK0734,STR0511,PRD0734,233,19,22,25,3.98,A-10,2025-11-03 00:59:29,ok
STK0735,STR0236,PRD0735,8,6,54,107,3.46,F-15,2025-11-10 04:18:11,low
STK0736,STR0179,PRD0736,145,1,34,54,0.85,F-10,2026-07-18 15:10:59,ok
STK0737,STR0072,PRD0737,232,1,50,82,0.43,F-04,2025-10-07 01:20:31,ok
STK0738,STR0305,PRD0738,210,10,48,80,1.80,C-17,2025-02-15 12:18:46,ok
STK0739,STR0751,PRD0739,77,11,36,95,1.44,F-04,2025-01-16 02:38:18,ok
STK0740,STR0705,PRD0740,208,14,50,64,1.87,C-07,2025-01-30 22:39:21,ok
STK0741,STR0172,PRD0741,119,18,42,69,0.75,B-17,2025-12-22 12:55:11,ok
STK0742,STR0789,PRD0742,55,5,19,48,0.76,F-14,2025-05-13 01:52:07,ok
STK0743,STR0264,PRD0743,193,17,56,136,0.98,C-05,2026-02-15 11:09:39,ok
STK0744,STR0882,PRD0744,78,19,59,157,3.94,C-14,2025-04-19 16:25:12,ok
STK0745,STR0351,PRD0745,160,20,27,30,2.19,B-01,2024-02-13 16:42:42,ok
STK0746,STR0160,PRD0746,164,9,16,30,0.82,F-14,2025-05-22 07:31:10,ok
STK0747,STR0775,PRD0747,217,9,46,91,2.07,B-18,2026-05-09 14:14:54,ok
STK0748,STR0177,PRD0748,250,4,23,38,1.39,C-11,2025-01-15 10:56:10,ok
STK0749,STR0224,PRD0749,89,13,34,99,2.94,B-05,2026-03-25 02:45:10,ok
STK0750,STR0614,PRD0750,246,13,56,160,1.04,C-16,2025-07-26 21:57:03,ok
STK0751,STR0311,PRD0751,154,4,50,135,2.55,A-08,2026-04-30 08:18:26,ok
STK0752,STR0001,PRD0752,28,7,22,62,2.19,F-13,2024-04-24 02:01:41,ok
STK0753,STR0812,PRD0753,156,11,14,35,0.47,F-16,2024-01-13 19:20:36,ok
STK0754,STR0102,PRD0754,234,2,29,36,3.16,A-12,2026-04-01 01:28:50,ok
STK0755,STR0111,PRD0755,162,4,34,61,3.68,A-12,2025-01-13 08:42:55,ok
STK0756,STR0625,PRD0756,69,17,20,24,0.82,A-12,2026-04-27 12:25:40,ok
STK0757,STR0474,PRD0757,224,12,56,99,3.70,A-19,2024-04-10 01:44:50,ok
STK0758,STR0386,PRD0758,51,14,48,129,0.43,C-01,2025-07-27 17:56:10,ok
STK0759,STR0909,PRD0759,112,19,57,153,3.03,B-04,2025-07-30 02:34:56,ok
STK0760,STR0066,PRD0760,9,9,51,122,2.08,A-02,2024-02-17 14:25:19,low
STK0761,STR0660,PRD0761,148,9,26,40,2.28,A-02,2024-08-04 11:33:33,ok
STK0762,STR0471,PRD0762,124,4,24,72,3.04,A-13,2025-06-06 03:11:20,ok
STK0763,STR0407,PRD0763,144,4,28,56,3.19,F-07,2026-05-10 08:02:08,ok
STK0764,STR0009,PRD0764,213,16,50,72,2.72,F-07,2024-09-13 14:11:57,ok
STK0765,STR0893,PRD0765,100,13,38,66,1.53,A-03,2025-04-25 23:06:51,ok
STK0766,STR0253,PRD0766,20,1,57,115,3.46,C-08,2026-07-16 07:34:27,low
STK0767,STR0516,PRD0767,221,2,40,75,1.43,A-09,2024-10-16 04:41:41,ok
STK0768,STR0443,PRD0768,184,4,28,65,3.77,B-01,2025-08-08 01:04:21,ok
STK0769,STR0687,PRD0769,205,12,26,33,3.84,C-07,2026-02-25 16:57:08,ok
STK0770,STR0752,PRD0770,51,16,56,167,1.71,A-14,2026-02-11 17:46:56,low
STK0771,STR0308,PRD0771,181,4,56,144,2.80,C-10,2024-03-20 17:35:20,ok
STK0772,STR0365,PRD0772,136,15,28,44,2.84,B-18,2026-06-26 11:31:03,ok
STK0773,STR0300,PRD0773,125,4,31,81,2.08,F-06,2025-04-19 10:07:31,ok
STK0774,STR0342,PRD0774,209,14,48,120,2.23,B-06,2025-03-23 07:33:22,ok
STK0775,STR0349,PRD0775,88,9,54,57,1.42,C-05,2024-07-09 00:56:07,ok
STK0776,STR0022,PRD0776,2,1,17,42,2.86,A-04,2026-01-05 11:02:01,low
STK0777,STR0457,PRD0777,134,8,30,53,1.53,B-19,2024-02-19 00:41:07,ok
STK0778,STR0739,PRD0778,88,19,38,107,0.96,F-13,2024-07-18 06:09:05,ok
STK0779,STR1000,PRD0779,190,19,37,59,2.15,B-08,2026-05-30 09:19:53,ok
STK0780,STR0347,PRD0780,205,0,25,27,1.53,B-12,2025-06-29 23:26:14,ok
STK0781,STR0965,PRD0781,50,10,48,132,1.88,B-12,2025-09-14 04:41:28,ok
STK0782,STR0710,PRD0782,52,15,39,66,3.28,A-06,2025-07-11 16:55:18,ok
STK0783,STR0162,PRD0783,79,16,33,95,3.84,A-04,2024-12-09 11:07:23,ok
STK0784,STR0098,PRD0784,188,2,17,45,3.05,C-04,2026-02-01 08:23:57,ok
STK0785,STR0244,PRD0785,170,11,23,58,1.71,B-14,2024-08-09 00:43:27,ok
STK0786,STR0914,PRD0786,75,20,46,68,1.73,A-11,2024-05-14 18:34:37,ok
STK0787,STR0348,PRD0787,109,9,47,86,2.94,B-18,2026-02-09 00:32:01,ok
STK0788,STR0908,PRD0788,140,2,40,98,1.24,A-08,2025-05-18 02:50:15,ok
STK0789,STR0974,PRD0789,175,6,48,92,2.84,A-02,2025-06-27 18:02:39,ok
STK0790,STR0803,PRD0790,210,17,27,76,2.44,B-11,2025-11-04 07:34:03,ok
STK0791,STR0163,PRD0791,184,6,40,118,1.06,F-09,2024-11-05 15:15:09,ok
STK0792,STR0690,PRD0792,199,3,22,49,1.84,A-05,2024-01-01 15:21:13,ok
STK0793,STR0660,PRD0793,153,4,49,119,3.70,F-18,2026-01-09 05:19:45,ok
STK0794,STR0572,PRD0794,75,15,19,49,1.31,C-04,2025-05-03 21:04:34,ok
STK0795,STR0228,PRD0795,101,14,52,153,1.06,B-02,2026-07-05 17:55:03,ok
STK0796,STR0451,PRD0796,220,11,57,61,3.07,F-13,2026-07-10 04:34:37,ok
STK0797,STR0107,PRD0797,175,4,51,144,0.49,C-13,2026-03-15 23:57:46,ok
STK0798,STR0338,PRD0798,144,9,27,32,3.58,F-10,2026-06-07 16:24:26,ok
STK0799,STR0243,PRD0799,52,2,16,21,1.54,C-13,2026-04-22 04:34:02,ok
STK0800,STR0326,PRD0800,79,5,11,23,0.62,B-04,2026-03-15 20:36:59,ok
STK0801,STR0043,PRD0801,100,0,55,146,3.93,B-14,2025-01-23 10:04:38,ok
STK0802,STR0174,PRD0802,59,11,53,147,2.93,A-18,2025-05-20 17:27:58,ok
STK0803,STR0888,PRD0803,43,19,19,24,0.45,F-12,2025-09-12 02:56:13,ok
STK0804,STR0096,PRD0804,51,1,54,161,0.96,F-08,2026-03-12 05:29:09,low
STK0805,STR0978,PRD0805,112,20,15,36,2.38,C-17,2025-03-25 11:32:58,ok
STK0806,STR0698,PRD0806,82,9,27,39,0.41,A-01,2025-12-22 10:50:36,ok
STK0807,STR0662,PRD0807,74,10,60,164,3.98,F-16,2025-12-29 17:01:01,ok
STK0808,STR0943,PRD0808,74,20,17,35,0.96,F-12,2024-06-05 02:36:01,ok
STK0809,STR0514,PRD0809,53,12,16,31,2.95,B-06,2025-07-24 06:33:23,ok
STK0810,STR0228,PRD0810,219,7,60,150,0.67,F-07,2024-03-03 02:16:53,ok
STK0811,STR0341,PRD0811,116,11,57,116,3.26,F-13,2024-03-27 23:25:32,ok
STK0812,STR0465,PRD0812,14,13,21,42,2.69,A-15,2025-08-16 10:13:51,low
STK0813,STR0438,PRD0813,109,12,12,30,0.88,C-01,2026-03-12 07:11:10,ok
STK0814,STR0959,PRD0814,92,4,55,109,3.25,A-02,2025-10-16 02:50:30,ok
STK0815,STR0526,PRD0815,157,11,36,80,2.28,B-05,2025-08-22 04:10:04,ok
STK0816,STR0782,PRD0816,250,15,26,43,3.54,A-09,2024-04-09 22:14:44,ok
STK0817,STR0185,PRD0817,172,0,27,70,3.38,C-07,2026-06-02 22:34:35,ok
STK0818,STR0447,PRD0818,133,16,28,82,2.55,B-11,2026-06-25 02:19:58,ok
STK0819,STR0807,PRD0819,197,1,34,34,3.91,A-03,2026-05-08 02:31:24,ok
STK0820,STR0676,PRD0820,175,0,19,51,3.33,F-04,2025-08-25 06:12:44,ok
STK0821,STR0648,PRD0821,55,17,43,58,0.93,B-19,2024-08-13 17:33:30,ok
STK0822,STR0489,PRD0822,20,3,46,110,0.52,B-18,2024-06-13 15:56:27,low
STK0823,STR0977,PRD0823,156,15,44,121,1.37,B-04,2025-10-04 09:30:48,ok
STK0824,STR0341,PRD0824,0,0,16,45,1.56,C-15,2025-10-16 07:23:14,out_of_stock
STK0825,STR0763,PRD0825,2,2,16,18,0.94,F-15,2025-05-11 12:20:52,low
STK0826,STR0768,PRD0826,32,13,18,26,0.70,C-20,2024-05-14 17:14:38,ok
STK0827,STR0342,PRD0827,32,16,53,131,3.64,B-06,2026-03-04 03:48:53,low
STK0828,STR0110,PRD0828,232,12,60,171,3.27,F-11,2024-05-05 06:27:32,ok
STK0829,STR0500,PRD0829,242,6,41,50,3.16,B-03,2025-12-17 07:14:08,ok
STK0830,STR0923,PRD0830,74,7,46,60,2.56,B-11,2024-08-02 02:58:02,ok
STK0831,STR0731,PRD0831,248,15,60,146,1.39,F-06,2025-06-19 16:45:50,ok
STK0832,STR0351,PRD0832,157,15,25,52,1.02,C-03,2024-05-24 12:52:11,ok
STK0833,STR0883,PRD0833,132,10,18,45,1.15,F-11,2024-06-20 14:26:11,ok
STK0834,STR0393,PRD0834,54,3,48,106,0.75,B-16,2024-05-28 21:41:04,ok
STK0835,STR0786,PRD0835,84,17,26,70,3.86,B-14,2024-09-24 18:24:28,ok
STK0836,STR0548,PRD0836,23,6,57,93,3.35,A-08,2025-06-02 19:00:58,low
STK0837,STR0025,PRD0837,48,9,22,47,3.35,A-16,2025-04-28 17:04:06,ok
STK0838,STR0607,PRD0838,106,16,50,106,3.56,C-15,2025-04-13 17:34:13,ok
STK0839,STR0662,PRD0839,190,13,28,72,2.79,C-10,2025-01-28 06:34:34,ok
STK0840,STR0552,PRD0840,36,16,17,48,3.72,B-20,2026-05-16 17:29:18,ok
STK0841,STR0676,PRD0841,45,4,16,37,3.90,C-17,2026-04-24 07:43:21,ok
STK0842,STR0962,PRD0842,125,8,40,45,1.03,C-02,2024-12-04 21:21:08,ok
STK0843,STR0788,PRD0843,16,2,31,44,3.95,C-13,2025-08-03 09:58:30,low
STK0844,STR0056,PRD0844,139,13,55,96,2.33,F-20,2026-05-24 09:22:13,ok
STK0845,STR0942,PRD0845,109,7,54,123,2.01,F-09,2025-03-31 17:37:36,ok
STK0846,STR0491,PRD0846,226,2,41,70,3.79,C-03,2024-09-14 04:21:39,ok
STK0847,STR0348,PRD0847,190,20,25,58,1.25,B-09,2024-05-15 21:45:26,ok
STK0848,STR0027,PRD0848,108,14,33,50,3.98,F-14,2025-08-17 10:31:04,ok
STK0849,STR0376,PRD0849,107,5,58,149,2.79,A-14,2026-02-14 05:51:09,ok
STK0850,STR0647,PRD0850,12,9,25,39,0.80,B-13,2025-11-15 18:45:42,low
STK0851,STR0876,PRD0851,174,14,41,73,1.92,C-04,2024-02-22 07:54:43,ok
STK0852,STR0884,PRD0852,188,17,53,85,2.40,B-19,2025-12-30 02:04:03,ok
STK0853,STR0924,PRD0853,31,3,57,123,2.77,B-02,2024-01-20 08:25:54,low
STK0854,STR0224,PRD0854,171,1,27,66,1.76,B-11,2026-03-05 08:45:19,ok
STK0855,STR0188,PRD0855,122,3,57,169,3.86,F-07,2024-07-29 08:58:49,ok
STK0856,STR0836,PRD0856,245,6,13,15,1.47,A-14,2025-09-09 15:27:12,ok
STK0857,STR0405,PRD0857,72,11,37,49,2.65,C-16,2026-03-01 16:29:45,ok
STK0858,STR0810,PRD0858,130,20,41,120,2.34,F-17,2026-05-03 08:12:44,ok
STK0859,STR0525,PRD0859,77,16,32,94,2.64,C-15,2026-06-21 20:18:42,ok
STK0860,STR0489,PRD0860,21,9,16,21,0.69,F-20,2025-04-01 14:15:03,ok
STK0861,STR0427,PRD0861,17,1,51,99,0.67,B-08,2026-06-06 10:59:08,low
STK0862,STR0823,PRD0862,90,0,16,29,3.40,B-16,2026-03-14 01:39:57,ok
STK0863,STR0986,PRD0863,101,16,35,89,3.98,C-05,2024-01-28 21:24:17,ok
STK0864,STR0022,PRD0864,58,12,21,42,1.27,A-08,2024-03-18 12:54:26,ok
STK0865,STR0900,PRD0865,81,8,18,24,0.73,A-09,2024-09-18 22:23:45,ok
STK0866,STR0041,PRD0866,187,13,38,85,3.52,A-08,2024-12-01 21:07:24,ok
STK0867,STR0346,PRD0867,45,9,46,122,0.89,C-16,2025-11-10 13:35:21,low
STK0868,STR0055,PRD0868,63,20,55,151,3.06,F-03,2024-02-17 08:46:02,ok
STK0869,STR0553,PRD0869,69,20,60,147,2.42,B-19,2026-01-12 15:40:03,ok
STK0870,STR0056,PRD0870,77,10,59,85,2.80,F-18,2025-11-21 09:44:29,ok
STK0871,STR0408,PRD0871,17,14,19,45,1.27,F-13,2024-08-24 23:36:34,low
STK0872,STR0117,PRD0872,243,6,50,92,2.72,C-11,2025-09-19 23:12:11,ok
STK0873,STR0769,PRD0873,17,7,27,81,1.19,A-12,2024-11-02 22:47:47,low
STK0874,STR0957,PRD0874,170,20,42,66,2.38,C-18,2026-06-14 17:03:29,ok
STK0875,STR0889,PRD0875,150,11,55,86,3.15,A-06,2024-03-19 19:38:37,ok
STK0876,STR0033,PRD0876,133,10,59,132,3.93,A-10,2024-03-15 11:36:41,ok
STK0877,STR0996,PRD0877,199,5,11,19,1.90,A-15,2024-02-20 01:30:33,ok
STK0878,STR0221,PRD0878,103,8,55,78,1.84,B-16,2025-01-20 23:25:57,ok
STK0879,STR0223,PRD0879,19,9,23,63,2.59,B-10,2024-04-07 14:07:50,low
STK0880,STR0300,PRD0880,226,14,50,65,2.20,F-13,2024-09-09 16:32:33,ok
STK0881,STR0866,PRD0881,19,15,58,158,2.36,F-20,2025-04-02 13:18:50,low
STK0882,STR0746,PRD0882,36,19,51,73,1.26,A-02,2024-06-10 07:06:38,low
STK0883,STR0507,PRD0883,34,8,41,110,1.92,B-03,2025-06-13 12:26:58,low
STK0884,STR0915,PRD0884,22,10,40,42,0.86,F-19,2025-10-17 14:58:41,low
STK0885,STR0242,PRD0885,20,4,24,41,3.00,A-09,2026-06-30 20:48:17,low
STK0886,STR0399,PRD0886,209,19,15,43,1.93,F-11,2024-05-23 08:25:02,ok
STK0887,STR0625,PRD0887,101,5,35,96,3.81,A-09,2025-06-29 10:30:16,ok
STK0888,STR0496,PRD0888,13,5,37,105,1.85,F-17,2025-11-08 10:36:16,low
STK0889,STR0167,PRD0889,213,6,59,115,3.99,C-15,2025-12-19 18:52:15,ok
STK0890,STR0099,PRD0890,173,3,39,61,1.67,A-19,2026-07-07 00:05:18,ok
STK0891,STR0585,PRD0891,247,20,22,60,3.61,A-16,2025-08-13 03:39:09,ok
STK0892,STR0739,PRD0892,190,0,40,102,0.81,A-01,2024-07-16 13:19:43,ok
STK0893,STR0176,PRD0893,165,18,38,92,3.79,B-09,2025-04-20 19:38:35,ok
STK0894,STR0345,PRD0894,46,16,38,75,3.62,B-01,2024-01-17 20:15:16,ok
STK0895,STR0225,PRD0895,155,15,44,108,2.74,A-14,2025-03-21 22:14:03,ok
STK0896,STR0434,PRD0896,229,18,31,50,1.46,A-18,2025-10-06 09:50:01,ok
STK0897,STR0556,PRD0897,165,9,56,132,2.67,F-09,2026-07-24 20:22:16,ok
STK0898,STR0728,PRD0898,49,5,54,54,1.48,B-19,2024-08-07 17:03:28,low
STK0899,STR0171,PRD0899,96,12,45,109,3.23,F-01,2024-11-17 22:07:55,ok
STK0900,STR0482,PRD0900,93,15,33,80,4.00,C-11,2026-01-22 08:59:02,ok
STK0901,STR0723,PRD0901,177,10,34,61,3.36,A-19,2024-08-10 23:02:59,ok
STK0902,STR0267,PRD0902,191,9,36,62,2.95,A-17,2024-06-22 17:40:03,ok
STK0903,STR0228,PRD0903,33,5,19,41,3.66,F-12,2024-01-30 22:33:56,ok
STK0904,STR0265,PRD0904,19,5,18,44,1.13,F-10,2025-01-05 21:03:52,ok
STK0905,STR0709,PRD0905,204,0,33,68,0.65,C-12,2025-11-20 07:55:53,ok
STK0906,STR0238,PRD0906,25,18,28,37,2.37,F-14,2024-10-02 18:48:18,low
STK0907,STR0149,PRD0907,206,8,52,114,0.49,F-14,2024-01-05 03:00:12,ok
STK0908,STR0207,PRD0908,250,4,45,132,1.44,A-16,2024-04-19 11:45:24,ok
STK0909,STR0063,PRD0909,12,4,19,39,2.40,F-09,2024-06-25 04:36:49,low
STK0910,STR0645,PRD0910,117,18,51,81,0.97,F-20,2026-01-13 09:41:49,ok
STK0911,STR0618,PRD0911,62,20,52,80,0.65,B-08,2026-02-24 13:23:21,ok
STK0912,STR0201,PRD0912,185,16,22,50,1.99,F-18,2026-03-07 06:28:49,ok
STK0913,STR0216,PRD0913,141,12,56,122,0.71,B-12,2026-03-07 19:47:44,ok
STK0914,STR0126,PRD0914,245,6,38,109,3.60,F-18,2024-06-08 13:20:14,ok
STK0915,STR0933,PRD0915,96,5,32,50,1.26,B-11,2024-02-28 00:52:05,ok
STK0916,STR0503,PRD0916,206,19,50,140,1.95,B-16,2026-04-24 12:10:03,ok
STK0917,STR0999,PRD0917,125,20,24,47,3.37,B-04,2026-06-19 23:10:40,ok
STK0918,STR0619,PRD0918,133,12,11,27,1.21,C-20,2025-09-19 17:33:32,ok
STK0919,STR0032,PRD0919,170,6,22,40,3.85,B-20,2025-06-29 09:20:23,ok
STK0920,STR0059,PRD0920,138,14,35,54,3.83,B-14,2025-11-05 09:43:07,ok
STK0921,STR0190,PRD0921,136,1,15,29,1.84,F-15,2025-12-11 02:45:41,ok
STK0922,STR0759,PRD0922,113,17,59,168,1.83,F-15,2024-12-21 22:46:20,ok
STK0923,STR0719,PRD0923,154,2,40,108,0.61,A-20,2024-03-11 20:53:35,ok
STK0924,STR0368,PRD0924,166,14,46,79,3.52,F-17,2026-06-11 06:12:03,ok
STK0925,STR0917,PRD0925,145,6,24,26,1.47,C-07,2026-01-25 03:57:01,ok
STK0926,STR0288,PRD0926,10,6,52,72,1.43,C-05,2025-08-25 22:28:22,low
STK0927,STR0121,PRD0927,14,3,55,85,2.09,B-09,2026-05-14 05:04:30,low
STK0928,STR0710,PRD0928,120,6,41,90,3.69,C-04,2026-03-31 18:55:00,ok
STK0929,STR0550,PRD0929,70,19,59,73,1.54,F-13,2024-05-06 06:12:34,ok
STK0930,STR0217,PRD0930,36,9,47,49,3.87,F-08,2025-07-20 07:11:38,low
STK0931,STR0996,PRD0931,120,8,21,50,2.35,F-07,2026-07-20 11:56:05,ok
STK0932,STR0564,PRD0932,89,4,40,90,0.92,C-02,2024-01-18 19:15:12,ok
STK0933,STR0477,PRD0933,35,9,45,74,1.71,C-17,2024-01-14 05:01:12,low
STK0934,STR0028,PRD0934,148,18,49,114,0.75,F-14,2026-06-02 09:06:31,ok
STK0935,STR0165,PRD0935,200,8,54,136,1.60,C-01,2025-05-22 21:30:17,ok
STK0936,STR0067,PRD0936,223,19,27,28,2.25,C-17,2025-12-27 01:12:48,ok
STK0937,STR0766,PRD0937,57,19,32,94,1.04,C-09,2024-12-16 21:57:55,ok
STK0938,STR0857,PRD0938,73,10,60,90,1.89,F-10,2026-05-28 13:14:38,ok
STK0939,STR0402,PRD0939,25,1,55,117,0.67,F-19,2026-07-29 11:31:10,low
STK0940,STR0652,PRD0940,113,4,39,58,1.76,B-05,2025-10-29 04:43:11,ok
STK0941,STR0315,PRD0941,222,2,34,75,3.73,B-08,2024-02-23 08:52:08,ok
STK0942,STR0011,PRD0942,37,0,41,58,1.11,F-12,2024-04-03 08:38:45,low
STK0943,STR0877,PRD0943,216,13,40,118,2.83,F-14,2026-05-24 22:14:53,ok
STK0944,STR0250,PRD0944,219,1,44,84,2.56,A-09,2025-07-11 00:04:25,ok
STK0945,STR0247,PRD0945,222,12,45,128,3.28,A-04,2025-11-06 19:56:12,ok
STK0946,STR0529,PRD0946,228,4,14,38,1.81,A-16,2025-06-15 16:12:38,ok
STK0947,STR0894,PRD0947,1,0,13,25,3.93,A-12,2025-07-22 19:31:57,low
STK0948,STR0543,PRD0948,226,18,32,60,2.36,B-05,2025-02-05 16:26:31,ok
STK0949,STR0263,PRD0949,81,13,32,75,1.39,B-07,2024-10-09 06:43:17,ok
STK0950,STR0131,PRD0950,24,17,29,68,0.52,C-09,2024-05-10 16:48:33,low
STK0951,STR0195,PRD0951,159,18,59,132,3.55,C-03,2025-11-26 01:35:04,ok
STK0952,STR0412,PRD0952,144,6,48,74,1.94,A-08,2026-05-07 06:20:08,ok
STK0953,STR0082,PRD0953,81,18,37,78,3.44,A-16,2024-01-21 22:22:54,ok
STK0954,STR0358,PRD0954,188,13,52,128,3.88,C-03,2024-01-21 13:22:57,ok
STK0955,STR0860,PRD0955,110,13,23,30,1.50,A-05,2026-03-17 09:50:09,ok
STK0956,STR0873,PRD0956,124,1,28,73,3.34,A-03,2025-12-05 15:08:37,ok
STK0957,STR0848,PRD0957,48,12,11,29,2.99,B-17,2024-08-13 23:53:18,ok
STK0958,STR0071,PRD0958,70,4,30,64,2.40,F-17,2026-06-25 00:02:33,ok
STK0959,STR0617,PRD0959,193,18,47,97,1.86,B-17,2026-06-14 13:30:20,ok
STK0960,STR0985,PRD0960,240,0,25,74,2.41,B-18,2025-03-22 00:19:39,ok
STK0961,STR0058,PRD0961,92,2,19,51,2.97,C-02,2025-05-13 02:04:13,ok
STK0962,STR0393,PRD0962,221,17,13,19,2.83,A-19,2024-05-29 09:10:26,ok
STK0963,STR0154,PRD0963,167,1,36,69,2.77,C-17,2026-05-31 12:53:02,ok
STK0964,STR0432,PRD0964,83,19,26,61,0.75,A-18,2025-02-26 14:15:19,ok
STK0965,STR0279,PRD0965,246,19,10,17,3.86,F-12,2025-04-23 13:32:44,ok
STK0966,STR0471,PRD0966,17,5,49,112,3.02,A-12,2025-01-29 02:42:20,low
STK0967,STR0523,PRD0967,117,16,29,59,1.32,A-11,2025-09-12 07:55:17,ok
STK0968,STR0390,PRD0968,39,0,24,70,0.62,A-12,2025-09-02 01:20:25,ok
STK0969,STR0007,PRD0969,149,9,51,85,1.17,F-04,2025-07-14 16:17:43,ok
STK0970,STR0011,PRD0970,219,4,16,30,1.27,C-02,2025-10-10 04:44:45,ok
STK0971,STR0405,PRD0971,160,12,33,88,0.42,A-12,2024-02-15 12:41:37,ok
STK0972,STR0358,PRD0972,158,16,11,22,1.60,C-15,2025-10-27 12:24:55,ok
STK0973,STR0338,PRD0973,124,18,44,71,1.86,F-19,2025-01-21 14:20:25,ok
STK0974,STR0598,PRD0974,24,9,48,110,0.93,C-08,2025-12-18 12:16:24,low
STK0975,STR0156,PRD0975,224,18,46,51,2.05,B-11,2024-08-25 02:06:51,ok
STK0976,STR0085,PRD0976,177,18,60,153,1.08,F-01,2026-07-09 17:37:10,ok
STK0977,STR0128,PRD0977,6,3,18,45,3.32,C-16,2024-04-21 00:15:16,low
STK0978,STR0932,PRD0978,195,9,59,82,3.11,C-08,2024-09-18 20:03:19,ok
STK0979,STR0083,PRD0979,25,20,14,32,1.38,A-05,2025-11-09 23:08:14,ok
STK0980,STR0664,PRD0980,106,4,58,88,3.51,F-15,2024-10-25 19:44:16,ok
STK0981,STR0648,PRD0981,238,3,45,73,2.82,B-01,2026-04-14 21:48:37,ok
STK0982,STR0250,PRD0982,25,11,26,36,1.70,B-16,2026-04-09 21:22:46,low
STK0983,STR0944,PRD0983,196,0,60,86,2.19,C-13,2024-12-03 05:24:54,ok
STK0984,STR0820,PRD0984,50,5,57,122,0.62,F-09,2024-08-26 15:31:54,low
STK0985,STR0823,PRD0985,93,10,36,87,0.85,F-14,2026-04-05 22:51:30,ok
STK0986,STR0035,PRD0986,191,10,52,122,1.20,A-02,2024-03-18 09:59:29,ok
STK0987,STR0733,PRD0987,92,18,45,129,3.04,C-07,2026-04-26 03:31:35,ok
STK0988,STR0119,PRD0988,83,11,40,46,2.07,A-11,2025-02-23 01:52:52,ok
STK0989,STR0227,PRD0989,175,10,44,102,3.14,A-18,2024-03-17 22:54:39,ok
STK0990,STR0985,PRD0990,123,19,39,74,3.00,A-10,2026-04-04 10:36:48,ok
STK0991,STR0533,PRD0991,223,11,17,24,1.18,C-09,2025-10-26 17:17:04,ok
STK0992,STR0417,PRD0992,23,19,48,91,2.08,C-04,2025-12-06 19:43:08,low
STK0993,STR0096,PRD0993,9,6,10,21,3.10,F-05,2025-09-06 18:47:13,low
STK0994,STR0401,PRD0994,109,17,44,90,2.36,C-11,2025-05-31 21:38:56,ok
STK0995,STR0241,PRD0995,198,12,50,78,3.08,F-16,2025-10-23 10:00:15,ok
STK0996,STR0444,PRD0996,92,19,48,93,2.32,A-06,2024-12-21 12:03:49,ok
STK0997,STR0283,PRD0997,72,4,59,88,1.37,A-14,2024-10-08 12:22:16,ok
STK0998,STR0189,PRD0998,97,8,37,102,2.12,C-20,2024-06-16 15:59:36,ok
STK0999,STR0540,PRD0999,165,3,35,74,1.73,F-06,2026-05-02 15:47:24,ok
STK1000,STR0530,PRD1000,59,6,35,77,2.07,A-12,2024-11-17 07:57:20,ok
