movement_id,store_id,product_id,supplier_id,movement_type,quantity,unit_cost,reference_id,moved_at,notes
MOV0001,STR0900,PRD0895,,adjustment,18,2.74,DOC0001,2024-09-07 21:28:15,damaged goods
MOV0002,STR0854,PRD0899,,sale,-16,3.23,ORD0756,2025-10-16 05:14:02,
MOV0003,STR0035,PRD0442,SUP0074,receipt,2,2.56,DOC0003,2026-02-03 16:30:04,
MOV0004,STR0862,PRD0765,,transfer_out,-40,1.53,DOC0004,2024-11-17 14:49:38,promo prep
MOV0005,STR0176,PRD0545,SUP0392,receipt,9,6.04,DOC0005,2024-05-27 03:20:33,
MOV0006,STR0991,PRD0100,,waste,-7,7.11,DOC0006,2024-01-10 03:58:59,end of day count
MOV0007,STR0049,PRD0996,,adjustment,39,2.32,DOC0007,2026-01-31 18:04:09,damaged goods
MOV0008,STR0577,PRD0310,,transfer_in,2,4.01,DOC0008,2025-03-13 15:22:32,promo prep
MOV0009,STR0159,PRD0656,,adjustment,3,8.13,DOC0009,2026-06-22 20:15:29,end of day count
MOV0010,STR0877,PRD0690,,transfer_in,26,6.40,DOC0010,2025-10-25 05:39:44,promo prep
MOV0011,STR0247,PRD0844,SUP0919,receipt,3,2.33,DOC0011,2024-03-19 16:30:19,damaged goods
MOV0012,STR0318,PRD0978,,waste,-13,3.11,DOC0012,2024-04-29 12:24:58,damaged goods
MOV0013,STR0879,PRD0745,,adjustment,18,2.19,DOC0013,2024-08-05 05:02:42,
MOV0014,STR0220,PRD0937,,transfer_in,21,1.04,DOC0014,2025-01-05 15:42:42,
MOV0015,STR0082,PRD0485,,waste,-31,7.92,DOC0015,2024-10-04 20:27:36,promo prep
MOV0016,STR0355,PRD0695,SUP0768,receipt,31,2.55,DOC0016,2025-08-10 13:35:00,
MOV0017,STR0234,PRD0201,,sale,-30,3.63,ORD0932,2025-08-01 21:27:18,
MOV0018,STR0679,PRD0596,,waste,-20,9.15,DOC0018,2025-02-07 10:17:32,damaged goods
MOV0019,STR0086,PRD0228,,transfer_in,19,4.69,DOC0019,2026-06-22 00:54:13,
MOV0020,STR0010,PRD0426,SUP0894,receipt,26,7.92,DOC0020,2024-05-07 06:31:29,end of day count
MOV0021,STR0525,PRD0732,,transfer_in,25,0.44,DOC0021,2024-12-13 12:25:52,promo prep
MOV0022,STR0949,PRD0032,,transfer_in,13,6.38,DOC0022,2025-12-23 21:58:47,
MOV0023,STR0861,PRD0156,,adjustment,21,9.11,DOC0023,2026-01-17 14:49:30,weekly delivery
MOV0024,STR0268,PRD0559,,transfer_out,-16,5.03,DOC0024,2025-09-18 03:28:39,
MOV0025,STR0122,PRD0615,,transfer_in,3,7.30,DOC0025,2024-06-08 04:17:57,
MOV0026,STR0526,PRD0807,,transfer_out,-36,3.98,DOC0026,2026-04-27 07:48:46,
MOV0027,STR0148,PRD0007,,transfer_out,-21,9.21,DOC0027,2025-11-17 10:00:54,damaged goods
MOV0028,STR0130,PRD0533,,sale,-14,3.66,ORD0955,2024-12-26 20:16:26,promo prep
MOV0029,STR0892,PRD0875,,waste,-34,3.15,DOC0029,2025-10-29 08:13:27,
MOV0030,STR0281,PRD0220,,sale,-9,9.45,ORD0234,2025-03-29 11:55:48,
MOV0031,STR0428,PRD0148,,waste,-5,8.05,DOC0031,2024-01-27 05:07:10,
MOV0032,STR0652,PRD0265,,waste,-10,8.37,DOC0032,2024-10-26 01:34:27,
MOV0033,STR0391,PRD0372,,transfer_in,22,8.01,DOC0033,2025-11-11 16:04:05,end of day count
MOV0034,STR0013,PRD0432,,adjustment,26,6.70,DOC0034,2024-06-17 03:40:07,promo prep
MOV0035,STR0155,PRD0654,,waste,-8,7.84,DOC0035,2026-01-25 06:15:57,weekly delivery
MOV0036,STR0310,PRD0244,,sale,-8,3.33,ORD0029,2026-04-21 10:37:26,weekly delivery
MOV0037,STR0632,PRD0241,,transfer_out,-33,3.79,DOC0037,2026-05-24 19:35:37,
MOV0038,STR0984,PRD0715,,transfer_out,-2,2.48,DOC0038,2025-01-22 00:49:32,promo prep
MOV0039,STR0446,PRD0103,,transfer_out,-27,8.14,DOC0039,2025-02-10 05:25:53,end of day count
MOV0040,STR0970,PRD0443,,transfer_out,-1,7.73,DOC0040,2024-08-21 08:43:50,end of day count
MOV0041,STR0886,PRD0681,,adjustment,36,5.02,DOC0041,2026-01-08 22:40:42,weekly delivery
MOV0042,STR0573,PRD0761,,waste,-8,2.28,DOC0042,2024-06-08 22:07:16,end of day count
MOV0043,STR0905,PRD0847,,transfer_in,28,1.25,DOC0043,2024-06-27 06:02:22,
MOV0044,STR0504,PRD0288,,adjustment,25,3.37,DOC0044,2026-05-07 08:34:18,weekly delivery
MOV0045,STR0708,PRD0805,,transfer_out,-30,2.38,DOC0045,2025-08-10 14:44:12,end of day count
MOV0046,STR0804,PRD0310,,transfer_in,37,4.01,DOC0046,2024-09-02 03:50:54,end of day count
MOV0047,STR0613,PRD0377,,adjustment,3,8.86,DOC0047,2024-10-11 14:03:11,damaged goods
MOV0048,STR0164,PRD0977,,transfer_in,30,3.32,DOC0048,2025-04-07 08:37:32,end of day count
MOV0049,STR0999,PRD0630,,waste,-35,4.24,DOC0049,2024-10-12 01:03:10,weekly delivery
MOV0050,STR0298,PRD0732,,waste,-30,0.44,DOC0050,2025-08-12 03:52:20,
MOV0051,STR0302,PRD0302,,transfer_in,36,8.66,DOC0051,2024-09-23 13:35:35,
MOV0052,STR0112,PRD0049,,sale,-32,9.50,ORD0679,2025-08-23 13:07:31,damaged goods
MOV0053,STR0371,PRD0254,,sale,-34,2.56,ORD0080,2024-12-30 15:59:17,end of day count
MOV0054,STR0692,PRD0133,,waste,-12,8.72,DOC0054,2024-03-13 03:52:43,weekly delivery
MOV0055,STR0766,PRD0430,,waste,-15,8.11,DOC0055,2025-05-01 16:09:20,
MOV0056,STR0672,PRD0069,,transfer_in,4,4.47,DOC0056,2025-06-08 13:24:52,end of day count
MOV0057,STR0388,PRD0138,,transfer_in,30,4.29,DOC0057,2026-06-08 10:13:47,damaged goods
MOV0058,STR0909,PRD0198,SUP0604,receipt,4,9.45,DOC0058,2024-08-13 14:50:22,promo prep
MOV0059,STR0051,PRD0765,,sale,-3,1.53,ORD0275,2024-10-23 20:12:54,
MOV0060,STR0943,PRD0050,,transfer_in,30,4.38,DOC0060,2026-05-27 08:04:06,
MOV0061,STR0029,PRD0740,,adjustment,6,1.87,DOC0061,2024-07-21 13:09:51,
MOV0062,STR0370,PRD0861,,sale,-12,0.67,ORD0253,2026-02-20 02:57:09,damaged goods
MOV0063,STR0064,PRD0317,,transfer_out,-40,9.36,DOC0063,2025-06-10 16:41:56,weekly delivery
MOV0064,STR0011,PRD0347,,transfer_in,11,5.49,DOC0064,2026-01-24 13:54:46,
MOV0065,STR0127,PRD0571,SUP0352,receipt,25,6.60,DOC0065,2024-11-06 19:50:43,
MOV0066,STR0548,PRD0611,,waste,-19,5.37,DOC0066,2025-03-04 14:53:54,promo prep
MOV0067,STR0056,PRD0557,,transfer_in,25,2.53,DOC0067,2025-11-30 07:45:36,promo prep
MOV0068,STR0278,PRD0391,,adjustment,28,9.22,DOC0068,2024-08-06 02:31:05,promo prep
MOV0069,STR0815,PRD0627,,adjustment,3,5.87,DOC0069,2025-10-17 15:25:12,weekly delivery
MOV0070,STR0409,PRD0065,,waste,-6,3.08,DOC0070,2024-07-24 21:44:07,end of day count
MOV0071,STR0891,PRD0327,,waste,-31,4.30,DOC0071,2024-11-02 06:09:08,end of day count
MOV0072,STR0280,PRD0039,,sale,-5,2.71,ORD0805,2025-04-16 14:10:21,
MOV0073,STR0148,PRD0373,,sale,-36,5.48,ORD0461,2025-11-12 12:41:57,damaged goods
MOV0074,STR0817,PRD0505,SUP0479,receipt,2,7.08,DOC0074,2024-01-11 00:31:54,damaged goods
MOV0075,STR0350,PRD0543,,waste,-23,9.39,DOC0075,2024-03-28 08:06:11,end of day count
MOV0076,STR0612,PRD0653,,sale,-22,5.16,ORD0641,2026-01-07 22:21:10,end of day count
MOV0077,STR0685,PRD0246,,sale,-33,6.06,ORD0884,2024-07-01 07:25:12,
MOV0078,STR0909,PRD0199,,waste,-20,3.21,DOC0078,2024-10-28 01:48:22,promo prep
MOV0079,STR0441,PRD0220,SUP0097,receipt,26,9.45,DOC0079,2024-08-28 10:52:53,
MOV0080,STR0506,PRD0212,,transfer_in,4,8.81,DOC0080,2024-07-20 10:03:55,promo prep
MOV0081,STR0040,PRD0823,,adjustment,32,1.37,DOC0081,2024-02-20 03:17:13,end of day count
MOV0082,STR0482,PRD0253,,sale,-26,6.66,ORD0430,2026-04-14 15:46:29,
MOV0083,STR0093,PRD0248,,transfer_in,39,5.60,DOC0083,2025-11-18 07:24:46,end of day count
MOV0084,STR0460,PRD0017,,adjustment,39,8.92,DOC0084,2024-01-23 06:07:20,weekly delivery
MOV0085,STR0394,PRD0919,,adjustment,28,3.85,DOC0085,2024-02-04 04:59:08,
MOV0086,STR0344,PRD0345,,transfer_out,-16,5.80,DOC0086,2024-04-11 00:24:31,damaged goods
MOV0087,STR0286,PRD0594,,transfer_out,-13,5.66,DOC0087,2025-03-01 13:10:41,weekly delivery
MOV0088,STR0727,PRD0628,,transfer_out,-5,2.98,DOC0088,2025-08-27 06:05:33,
MOV0089,STR0633,PRD0373,SUP0685,receipt,12,5.48,DOC0089,2026-05-19 08:45:57,end of day count
MOV0090,STR0716,PRD0625,,transfer_out,-10,5.60,DOC0090,2025-10-09 08:33:28,promo prep
MOV0091,STR0143,PRD0178,,waste,-22,6.24,DOC0091,2025-06-01 20:47:20,end of day count
MOV0092,STR0312,PRD0910,SUP0037,receipt,40,0.97,DOC0092,2025-02-09 14:10:35,promo prep
MOV0093,STR0649,PRD0354,SUP0757,receipt,34,4.31,DOC0093,2024-02-29 15:53:46,end of day count
MOV0094,STR0026,PRD0394,,sale,-27,4.70,ORD0239,2025-02-16 23:56:41,
MOV0095,STR0661,PRD0597,SUP0875,receipt,25,7.29,DOC0095,2024-05-01 17:57:57,end of day count
MOV0096,STR0224,PRD0580,SUP0547,receipt,16,8.91,DOC0096,2024-11-03 09:26:30,
MOV0097,STR0206,PRD0387,,waste,-21,6.72,DOC0097,2024-09-25 09:55:39,damaged goods
MOV0098,STR0276,PRD0032,,adjustment,15,6.38,DOC0098,2024-10-20 17:20:28,
MOV0099,STR0778,PRD0759,,transfer_in,17,3.03,DOC0099,2025-03-07 04:46:14,weekly delivery
MOV0100,STR0384,PRD0835,,transfer_out,-7,3.86,DOC0100,2025-09-21 20:04:41,weekly delivery
MOV0101,STR0997,PRD0600,,waste,-27,9.40,DOC0101,2024-05-29 08:43:44,weekly delivery
MOV0102,STR0162,PRD0897,,adjustment,33,2.67,DOC0102,2025-09-29 09:55:29,damaged goods
MOV0103,STR0336,PRD0117,,transfer_out,-7,5.35,DOC0103,2025-07-16 03:01:55,end of day count
MOV0104,STR0309,PRD0478,,adjustment,2,7.24,DOC0104,2026-01-26 10:14:20,promo prep
MOV0105,STR0602,PRD0847,,waste,-37,1.25,DOC0105,2024-05-28 16:19:39,end of day count
MOV0106,STR0711,PRD0670,,transfer_out,-2,9.48,DOC0106,2025-10-20 08:21:23,
MOV0107,STR0752,PRD0686,,transfer_out,-7,5.67,DOC0107,2024-08-04 12:42:03,weekly delivery
MOV0108,STR0877,PRD0451,SUP0575,receipt,26,6.99,DOC0108,2024-02-17 22:41:24,
MOV0109,STR0632,PRD0713,,transfer_out,-11,0.71,DOC0109,2024-08-18 01:42:48,weekly delivery
MOV0110,STR0564,PRD0935,,transfer_out,-29,1.60,DOC0110,2024-04-14 07:17:48,weekly delivery
MOV0111,STR0053,PRD0488,,transfer_in,32,9.07,DOC0111,2025-06-27 01:53:00,damaged goods
MOV0112,STR0836,PRD0402,,waste,-3,3.15,DOC0112,2024-01-29 17:33:14,promo prep
MOV0113,STR0020,PRD0675,,sale,-8,9.15,ORD0696,2026-06-03 13:16:28,promo prep
MOV0114,STR0636,PRD0462,,transfer_in,27,5.74,DOC0114,2025-04-16 16:42:05,promo prep
MOV0115,STR0008,PRD0456,,adjustment,20,5.58,DOC0115,2026-05-15 06:08:54,end of day count
MOV0116,STR0030,PRD0679,SUP0579,receipt,26,4.09,DOC0116,2025-06-14 11:57:26,end of day count
MOV0117,STR0146,PRD0072,,waste,-28,5.71,DOC0117,2025-10-01 22:17:26,
MOV0118,STR0423,PRD0341,,transfer_out,-23,7.14,DOC0118,2024-04-10 03:24:18,
MOV0119,STR0381,PRD0867,SUP0148,receipt,28,0.89,DOC0119,2024-07-29 19:10:17,damaged goods
MOV0120,STR0645,PRD0743,SUP0333,receipt,12,0.98,DOC0120,2025-08-16 17:49:01,
MOV0121,STR0824,PRD0806,,waste,-12,0.41,DOC0121,2024-08-24 16:21:54,damaged goods
MOV0122,STR0985,PRD0944,,adjustment,19,2.56,DOC0122,2026-02-14 17:04:32,weekly delivery
MOV0123,STR0601,PRD0394,,transfer_in,34,4.70,DOC0123,2025-06-18 10:30:13,
MOV0124,STR0433,PRD0216,,transfer_out,-5,3.88,DOC0124,2025-03-02 03:24:30,damaged goods
MOV0125,STR0657,PRD0023,,waste,-18,3.51,DOC0125,2025-08-07 16:25:42,
MOV0126,STR0345,PRD0930,,adjustment,36,3.87,DOC0126,2024-03-01 22:17:05,
MOV0127,STR0654,PRD0764,,adjustment,9,2.72,DOC0127,2025-11-30 15:50:14,
MOV0128,STR0096,PRD0626,,transfer_in,7,4.93,DOC0128,2025-02-18 12:15:57,
MOV0129,STR0138,PRD0109,SUP0629,receipt,12,3.76,DOC0129,2024-03-04 12:23:24,weekly delivery
MOV0130,STR0515,PRD0535,,adjustment,33,2.58,DOC0130,2025-03-28 21:44:47,
MOV0131,STR0201,PRD0598,,transfer_in,11,3.72,DOC0131,2025-08-05 23:37:11,promo prep
MOV0132,STR0787,PRD0876,,adjustment,14,3.93,DOC0132,2024-05-21 09:45:30,
MOV0133,STR0309,PRD0705,,transfer_out,-17,3.69,DOC0133,2025-10-21 00:18:39,
MOV0134,STR0525,PRD0478,SUP0499,receipt,33,7.24,DOC0134,2024-09-06 01:09:52,damaged goods
MOV0135,STR0967,PRD0346,,sale,-7,9.21,ORD0981,2026-07-05 03:40:26,promo prep
MOV0136,STR0558,PRD0242,,waste,-11,3.86,DOC0136,2024-07-27 09:15:58,
MOV0137,STR0631,PRD0947,,sale,-8,3.93,ORD0975,2024-04-12 02:26:24,weekly delivery
MOV0138,STR0190,PRD0958,,sale,-6,2.40,ORD0082,2025-07-17 10:24:11,weekly delivery
MOV0139,STR0838,PRD0495,,transfer_out,-29,3.94,DOC0139,2024-01-14 14:18:05,weekly delivery
MOV0140,STR0639,PRD0893,,adjustment,37,3.79,DOC0140,2026-04-08 22:40:42,promo prep
MOV0141,STR0964,PRD0523,,adjustment,15,6.41,DOC0141,2024-05-01 18:01:29,promo prep
MOV0142,STR0179,PRD0956,SUP0932,receipt,25,3.34,DOC0142,2024-02-25 16:28:01,weekly delivery
MOV0143,STR0236,PRD0846,,transfer_out,-22,3.79,DOC0143,2025-04-26 20:04:39,
MOV0144,STR0726,PRD0776,,sale,-33,2.86,ORD0284,2025-06-23 03:50:40,promo prep
MOV0145,STR0952,PRD0079,,sale,-39,5.18,ORD0681,2026-05-25 23:56:36,
MOV0146,STR0470,PRD0549,,adjustment,34,7.82,DOC0146,2026-03-04 06:21:34,weekly delivery
MOV0147,STR0079,PRD0207,SUP0068,receipt,29,4.27,DOC0147,2025-03-30 21:14:06,damaged goods
MOV0148,STR0083,PRD0920,,waste,-34,3.83,DOC0148,2025-12-02 04:29:19,end of day count
MOV0149,STR0288,PRD0854,,sale,-29,1.76,ORD0223,2024-01-08 08:38:18,
MOV0150,STR0171,PRD0599,SUP0255,receipt,7,4.22,DOC0150,2026-04-08 13:20:12,damaged goods
MOV0151,STR0498,PRD0899,SUP0720,receipt,27,3.23,DOC0151,2026-07-19 01:45:37,promo prep
MOV0152,STR0558,PRD0642,,sale,-10,6.08,ORD0769,2026-06-05 22:55:51,
MOV0153,STR0279,PRD0834,SUP0531,receipt,6,0.75,DOC0153,2024-06-28 02:32:03,end of day count
MOV0154,STR0863,PRD0177,,transfer_out,-2,7.44,DOC0154,2024-05-16 17:37:33,end of day count
MOV0155,STR0815,PRD0554,SUP0717,receipt,30,8.94,DOC0155,2025-01-11 02:53:51,
MOV0156,STR0532,PRD0938,SUP0881,receipt,37,1.89,DOC0156,2025-12-21 17:37:49,weekly delivery
MOV0157,STR0662,PRD0641,,adjustment,3,9.44,DOC0157,2025-12-07 13:34:38,end of day count
MOV0158,STR0076,PRD0154,,transfer_out,-36,5.32,DOC0158,2024-01-30 01:40:50,end of day count
MOV0159,STR0929,PRD0430,,waste,-4,8.11,DOC0159,2025-06-03 12:59:50,end of day count
MOV0160,STR0906,PRD0371,,waste,-15,9.46,DOC0160,2025-03-10 14:46:38,
MOV0161,STR0818,PRD0052,,sale,-28,7.86,ORD0700,2026-02-05 08:04:22,
MOV0162,STR0071,PRD0422,,transfer_in,9,8.16,DOC0162,2025-12-11 19:21:05,end of day count
MOV0163,STR0240,PRD0326,,adjustment,40,7.71,DOC0163,2026-05-29 23:41:17,weekly delivery
MOV0164,STR0899,PRD0266,,sale,-6,7.85,ORD0716,2025-10-26 19:29:36,
MOV0165,STR0076,PRD0857,,transfer_out,-27,2.65,DOC0165,2026-07-06 15:39:58,damaged goods
MOV0166,STR0905,PRD0114,,waste,-12,4.11,DOC0166,2024-06-28 19:05:00,damaged goods
MOV0167,STR0591,PRD0379,,sale,-37,2.73,ORD0952,2025-01-10 10:22:43,
MOV0168,STR0026,PRD0958,,waste,-18,2.40,DOC0168,2026-07-31 02:53:40,
MOV0169,STR0927,PRD0161,,transfer_out,-18,2.72,DOC0169,2025-10-03 10:30:19,damaged goods
MOV0170,STR0480,PRD0640,,transfer_in,7,3.60,DOC0170,2025-09-25 15:01:14,end of day count
MOV0171,STR0128,PRD0795,SUP0838,receipt,35,1.06,DOC0171,2025-08-01 10:49:05,end of day count
MOV0172,STR0764,PRD0038,SUP0290,receipt,6,6.18,DOC0172,2024-02-01 22:13:41,damaged goods
MOV0173,STR0062,PRD0161,,transfer_in,15,2.72,DOC0173,2025-11-19 16:16:24,damaged goods
MOV0174,STR0716,PRD0937,,transfer_in,26,1.04,DOC0174,2025-05-14 22:28:58,weekly delivery
MOV0175,STR0922,PRD0685,,transfer_in,8,5.13,DOC0175,2025-06-06 05:42:58,weekly delivery
MOV0176,STR0170,PRD0495,,transfer_out,-3,3.94,DOC0176,2024-10-23 21:51:04,weekly delivery
MOV0177,STR0669,PRD0071,,sale,-35,4.89,ORD0429,2025-05-02 09:38:03,
MOV0178,STR0394,PRD0476,,transfer_in,15,3.75,DOC0178,2026-01-12 01:28:30,
MOV0179,STR0497,PRD0817,,sale,-23,3.38,ORD0857,2026-07-04 21:51:45,promo prep
MOV0180,STR0408,PRD0030,,sale,-23,8.86,ORD0628,2024-12-06 14:10:23,
MOV0181,STR0791,PRD0161,SUP0586,receipt,24,2.72,DOC0181,2024-04-25 17:43:44,promo prep
MOV0182,STR0048,PRD0952,SUP0770,receipt,39,1.94,DOC0182,2026-07-19 00:39:08,damaged goods
MOV0183,STR0179,PRD0111,,transfer_out,-38,8.58,DOC0183,2026-03-30 01:55:47,
MOV0184,STR0835,PRD0745,,waste,-34,2.19,DOC0184,2025-11-03 06:03:50,
MOV0185,STR0701,PRD0224,SUP0445,receipt,7,3.79,DOC0185,2024-01-01 11:44:34,
MOV0186,STR0335,PRD0904,,transfer_out,-2,1.13,DOC0186,2025-12-07 12:21:22,end of day count
MOV0187,STR0705,PRD0889,SUP0377,receipt,4,3.99,DOC0187,2026-07-05 18:59:46,
MOV0188,STR0060,PRD0171,,adjustment,17,9.42,DOC0188,2025-06-14 17:54:25,promo prep
MOV0189,STR0236,PRD0595,,transfer_out,-31,6.99,DOC0189,2025-07-13 12:59:07,damaged goods
MOV0190,STR0941,PRD0935,,transfer_in,15,1.60,DOC0190,2026-03-21 18:29:57,promo prep
MOV0191,STR0330,PRD0310,,sale,-21,4.01,ORD0744,2025-03-04 11:08:24,end of day count
MOV0192,STR0951,PRD0560,SUP0910,receipt,40,3.46,DOC0192,2025-10-10 15:47:41,end of day count
MOV0193,STR0847,PRD0178,,sale,-4,6.24,ORD0010,2024-10-23 05:32:25,end of day count
MOV0194,STR0401,PRD0239,,sale,-30,8.21,ORD0799,2025-06-18 19:37:22,end of day count
MOV0195,STR0771,PRD0955,SUP0240,receipt,34,1.50,DOC0195,2024-04-18 16:55:18,weekly delivery
MOV0196,STR0712,PRD0066,,transfer_out,-1,2.98,DOC0196,2025-12-08 18:17:02,end of day count
MOV0197,STR0897,PRD0900,,transfer_out,-15,4.00,DOC0197,2024-11-29 02:53:11,end of day count
MOV0198,STR0190,PRD0540,,transfer_in,5,3.81,DOC0198,2025-03-27 20:41:56,promo prep
MOV0199,STR0732,PRD0858,,waste,-26,2.34,DOC0199,2025-02-14 20:39:14,weekly delivery
MOV0200,STR0374,PRD0986,,transfer_in,23,1.20,DOC0200,2024-12-11 10:38:24,
MOV0201,STR0912,PRD0064,SUP0280,receipt,9,4.82,DOC0201,2025-09-29 13:48:51,end of day count
MOV0202,STR0573,PRD0978,,transfer_out,-29,3.11,DOC0202,2025-04-26 14:48:47,
MOV0203,STR0327,PRD0486,,transfer_in,5,3.72,DOC0203,2025-03-01 01:48:13,damaged goods
MOV0204,STR0986,PRD0610,SUP0237,receipt,12,9.15,DOC0204,2025-08-02 14:56:48,weekly delivery
MOV0205,STR0635,PRD0135,SUP0847,receipt,26,9.34,DOC0205,2025-06-20 10:07:56,
MOV0206,STR0624,PRD0801,,transfer_in,37,3.93,DOC0206,2025-01-23 21:49:57,weekly delivery
MOV0207,STR0258,PRD0463,SUP0375,receipt,5,7.36,DOC0207,2025-06-02 19:21:24,damaged goods
MOV0208,STR0423,PRD0663,,transfer_in,34,4.34,DOC0208,2025-03-15 06:09:29,damaged goods
MOV0209,STR0176,PRD0836,,transfer_in,11,3.35,DOC0209,2025-07-14 15:47:35,weekly delivery
MOV0210,STR0869,PRD0339,,sale,-34,3.22,ORD0194,2024-08-19 18:57:17,weekly delivery
MOV0211,STR0833,PRD0030,,sale,-13,8.86,ORD0034,2026-03-21 09:00:56,promo prep
MOV0212,STR0927,PRD0598,,adjustment,5,3.72,DOC0212,2024-07-31 03:49:03,
MOV0213,STR0993,PRD0903,,adjustment,38,3.66,DOC0213,2025-03-14 12:40:23,
MOV0214,STR0451,PRD0631,SUP0542,receipt,21,9.02,DOC0214,2024-02-26 15:00:18,
MOV0215,STR0153,PRD0049,,adjustment,16,9.50,DOC0215,2026-06-07 06:11:16,weekly delivery
MOV0216,STR0317,PRD0119,,adjustment,9,8.74,DOC0216,2026-07-04 21:13:31,
MOV0217,STR0898,PRD0064,,transfer_out,-20,4.82,DOC0217,2024-03-04 04:46:41,
MOV0218,STR0847,PRD0453,,transfer_in,17,5.88,DOC0218,2024-05-31 22:49:03,damaged goods
MOV0219,STR0950,PRD0180,,transfer_out,-13,8.60,DOC0219,2024-08-06 13:44:26,weekly delivery
MOV0220,STR0379,PRD0580,SUP0547,receipt,8,8.91,DOC0220,2024-01-10 19:02:37,damaged goods
MOV0221,STR0437,PRD0733,,adjustment,29,0.41,DOC0221,2024-02-18 06:03:19,promo prep
MOV0222,STR0182,PRD0823,,waste,-40,1.37,DOC0222,2024-04-09 14:43:39,
MOV0223,STR0425,PRD0771,,transfer_out,-39,2.80,DOC0223,2024-12-13 03:47:18,weekly delivery
MOV0224,STR0469,PRD0739,,adjustment,36,1.44,DOC0224,2025-12-05 01:07:45,end of day count
MOV0225,STR0147,PRD0425,,transfer_out,-31,7.74,DOC0225,2025-02-28 08:12:34,promo prep
MOV0226,STR0399,PRD0937,,transfer_in,39,1.04,DOC0226,2024-11-20 23:07:39,
MOV0227,STR0913,PRD0712,,transfer_in,10,0.57,DOC0227,2024-07-02 12:33:45,promo prep
MOV0228,STR0498,PRD0918,,transfer_out,-12,1.21,DOC0228,2024-04-24 04:29:56,promo prep
MOV0229,STR0718,PRD0600,,adjustment,9,9.40,DOC0229,2026-01-21 19:54:06,damaged goods
MOV0230,STR0029,PRD0805,,adjustment,4,2.38,DOC0230,2025-09-20 12:14:15,promo prep
MOV0231,STR0667,PRD0526,,waste,-26,7.82,DOC0231,2025-03-27 17:54:32,
MOV0232,STR0512,PRD0546,,sale,-20,8.70,ORD0375,2025-11-17 23:52:47,end of day count
MOV0233,STR0693,PRD0196,,waste,-33,5.50,DOC0233,2025-12-14 08:15:56,
MOV0234,STR0090,PRD0100,SUP0584,receipt,14,7.11,DOC0234,2025-07-22 14:15:41,weekly delivery
MOV0235,STR0627,PRD0746,,sale,-21,0.82,ORD0576,2025-08-17 17:18:41,end of day count
MOV0236,STR0328,PRD0281,,transfer_in,19,9.33,DOC0236,2025-04-30 11:12:08,
MOV0237,STR0211,PRD0123,,sale,-35,8.92,ORD0114,2025-08-03 14:29:55,end of day count
MOV0238,STR0208,PRD0080,,transfer_in,33,3.35,DOC0238,2024-10-15 17:21:36,
MOV0239,STR0242,PRD0900,,adjustment,10,4.00,DOC0239,2024-02-23 13:56:26,promo prep
MOV0240,STR0441,PRD0299,SUP0926,receipt,34,7.94,DOC0240,2025-03-31 07:46:21,end of day count
MOV0241,STR0946,PRD0700,,adjustment,29,7.23,DOC0241,2025-04-07 07:42:50,
MOV0242,STR0137,PRD0482,,waste,-34,6.95,DOC0242,2024-03-12 14:01:29,promo prep
MOV0243,STR0527,PRD0112,,transfer_in,40,5.73,DOC0243,2026-07-29 01:02:48,end of day count
MOV0244,STR0801,PRD0105,,transfer_in,39,4.32,DOC0244,2024-02-04 18:26:16,damaged goods
MOV0245,STR0261,PRD0818,,transfer_out,-6,2.55,DOC0245,2025-05-10 09:22:18,promo prep
MOV0246,STR0502,PRD0164,,transfer_in,7,6.49,DOC0246,2024-04-22 16:44:23,weekly delivery
MOV0247,STR0930,PRD0753,,sale,-32,0.47,ORD0330,2024-01-23 04:38:42,end of day count
MOV0248,STR0751,PRD0650,,sale,-28,4.62,ORD0085,2025-01-06 10:25:08,
MOV0249,STR0312,PRD0037,SUP0067,receipt,26,3.47,DOC0249,2025-01-23 13:27:37,
MOV0250,STR0175,PRD0860,,sale,-25,0.69,ORD0177,2026-02-26 00:03:58,
MOV0251,STR0863,PRD0658,,adjustment,38,3.05,DOC0251,2025-12-10 08:13:39,damaged goods
MOV0252,STR0959,PRD0638,SUP0813,receipt,7,5.14,DOC0252,2024-05-07 19:24:13,
MOV0253,STR0487,PRD0027,,sale,-27,3.92,ORD0397,2024-05-20 05:34:39,damaged goods
MOV0254,STR0415,PRD0722,,transfer_in,8,0.77,DOC0254,2026-06-17 19:50:45,end of day count
MOV0255,STR0979,PRD0604,,transfer_in,39,6.24,DOC0255,2025-11-12 06:00:20,damaged goods
MOV0256,STR0390,PRD0069,,sale,-26,4.47,ORD0389,2026-01-31 00:07:10,
MOV0257,STR0278,PRD0776,SUP0986,receipt,28,2.86,DOC0257,2026-04-28 00:33:04,
MOV0258,STR0680,PRD0417,,adjustment,24,7.11,DOC0258,2026-06-21 05:36:08,end of day count
MOV0259,STR0056,PRD0043,,transfer_in,14,2.54,DOC0259,2024-09-08 08:43:08,
MOV0260,STR0142,PRD0830,,transfer_in,5,2.56,DOC0260,2024-08-06 17:31:03,
MOV0261,STR0363,PRD0832,SUP0339,receipt,40,1.02,DOC0261,2025-11-21 07:25:12,promo prep
MOV0262,STR0020,PRD0981,,transfer_out,-26,2.82,DOC0262,2024-08-27 02:27:39,end of day count
MOV0263,STR0112,PRD0225,,transfer_in,31,3.28,DOC0263,2024-11-12 05:20:33,weekly delivery
MOV0264,STR0582,PRD0987,,transfer_out,-10,3.04,DOC0264,2026-05-11 04:14:34,weekly delivery
MOV0265,STR0442,PRD0148,,transfer_in,34,8.05,DOC0265,2025-10-05 16:38:10,promo prep
MOV0266,STR0845,PRD0095,,transfer_in,33,3.59,DOC0266,2025-03-10 21:38:39,
MOV0267,STR0308,PRD0332,,transfer_out,-23,4.24,DOC0267,2024-06-24 18:38:13,
MOV0268,STR0418,PRD0018,SUP0064,receipt,9,2.82,DOC0268,2025-08-09 19:59:34,damaged goods
MOV0269,STR0488,PRD0837,,sale,-31,3.35,ORD0013,2024-06-14 14:28:49,weekly delivery
MOV0270,STR0634,PRD0273,,adjustment,33,4.02,DOC0270,2025-12-10 01:32:38,end of day count
MOV0271,STR0930,PRD0104,,adjustment,24,9.15,DOC0271,2026-03-29 00:12:22,promo prep
MOV0272,STR0984,PRD0879,,transfer_out,-9,2.59,DOC0272,2026-02-04 15:14:20,damaged goods
MOV0273,STR0101,PRD0818,,adjustment,10,2.55,DOC0273,2025-07-09 14:27:20,damaged goods
MOV0274,STR0240,PRD0519,,sale,-37,8.16,ORD0702,2026-05-24 13:55:47,
MOV0275,STR0504,PRD0606,,adjustment,38,6.66,DOC0275,2024-11-28 15:45:21,end of day count
MOV0276,STR0431,PRD0514,,waste,-11,6.32,DOC0276,2024-07-01 23:51:08,weekly delivery
MOV0277,STR0083,PRD0070,,adjustment,9,2.53,DOC0277,2025-08-30 11:26:42,
MOV0278,STR0602,PRD0008,,adjustment,5,3.96,DOC0278,2024-07-29 02:10:37,damaged goods
MOV0279,STR0155,PRD0729,,transfer_in,32,2.67,DOC0279,2025-05-05 01:47:19,end of day count
MOV0280,STR0934,PRD0675,,waste,-13,9.15,DOC0280,2026-05-30 20:03:35,damaged goods
MOV0281,STR0218,PRD0720,,transfer_in,28,2.99,DOC0281,2025-12-27 00:29:08,
MOV0282,STR0821,PRD0961,,sale,-27,2.97,ORD0773,2025-04-22 10:15:24,
MOV0283,STR0677,PRD0447,,transfer_in,29,6.70,DOC0283,2025-11-18 22:17:50,
MOV0284,STR0090,PRD0029,,waste,-9,3.14,DOC0284,2024-11-10 08:20:09,weekly delivery
MOV0285,STR0141,PRD0675,,transfer_in,40,9.15,DOC0285,2025-02-20 04:59:51,
MOV0286,STR0039,PRD0290,,transfer_in,5,8.53,DOC0286,2025-09-23 04:14:59,
MOV0287,STR0744,PRD0786,,transfer_in,26,1.73,DOC0287,2025-11-08 15:03:07,weekly delivery
MOV0288,STR0542,PRD0493,,adjustment,20,3.18,DOC0288,2026-03-21 19:43:13,end of day count
MOV0289,STR0657,PRD0029,,waste,-25,3.14,DOC0289,2025-01-25 03:42:32,
MOV0290,STR0082,PRD0235,,adjustment,2,9.09,DOC0290,2025-09-15 00:18:58,end of day count
MOV0291,STR0934,PRD0403,SUP0156,receipt,10,5.33,DOC0291,2026-02-09 20:37:02,
MOV0292,STR0311,PRD0631,,waste,-8,9.02,DOC0292,2024-11-10 14:16:39,promo prep
MOV0293,STR0892,PRD0364,,transfer_in,1,3.03,DOC0293,2026-07-22 22:40:06,damaged goods
MOV0294,STR0078,PRD0054,,adjustment,17,4.18,DOC0294,2026-03-19 15:22:05,
MOV0295,STR0568,PRD0412,SUP0270,receipt,4,5.43,DOC0295,2025-10-28 22:22:42,promo prep
MOV0296,STR0887,PRD0347,,transfer_out,-24,5.49,DOC0296,2024-01-03 07:18:53,
MOV0297,STR0409,PRD0657,,sale,-10,5.36,ORD0441,2024-09-23 22:46:06,
MOV0298,STR0331,PRD0487,SUP0519,receipt,22,8.17,DOC0298,2025-04-01 21:46:47,
MOV0299,STR0978,PRD0158,,sale,-27,9.39,ORD0011,2024-09-03 07:44:56,end of day count
MOV0300,STR0281,PRD0574,,transfer_in,12,9.46,DOC0300,2025-03-16 07:48:18,
MOV0301,STR0923,PRD0385,,adjustment,34,8.80,DOC0301,2024-11-14 05:40:57,end of day count
MOV0302,STR0344,PRD0834,,transfer_out,-17,0.75,DOC0302,2025-07-08 04:03:23,damaged goods
MOV0303,STR0869,PRD0495,,adjustment,4,3.94,DOC0303,2024-08-12 09:27:19,
MOV0304,STR0019,PRD0770,,transfer_in,5,1.71,DOC0304,2024-03-08 05:59:18,promo prep
MOV0305,STR0386,PRD0337,,waste,-3,5.36,DOC0305,2024-02-05 02:46:28,end of day count
MOV0306,STR0965,PRD0461,,waste,-7,5.75,DOC0306,2025-08-02 09:02:47,damaged goods
MOV0307,STR0508,PRD0395,,transfer_out,-21,3.88,DOC0307,2024-07-22 23:55:34,weekly delivery
MOV0308,STR0024,PRD0743,,adjustment,35,0.98,DOC0308,2026-02-08 23:02:18,promo prep
MOV0309,STR0857,PRD0280,SUP0233,receipt,21,7.28,DOC0309,2025-07-28 18:27:27,
MOV0310,STR0340,PRD0465,,transfer_in,27,5.25,DOC0310,2025-02-06 05:07:02,weekly delivery
MOV0311,STR0386,PRD0592,,adjustment,16,5.32,DOC0311,2026-06-08 08:14:36,
MOV0312,STR0312,PRD0099,,transfer_out,-8,6.79,DOC0312,2026-06-04 23:00:20,end of day count
MOV0313,STR0171,PRD0319,,waste,-4,4.74,DOC0313,2025-03-15 11:11:18,
MOV0314,STR0375,PRD0411,,waste,-21,8.14,DOC0314,2024-05-03 10:15:30,damaged goods
MOV0315,STR0730,PRD0077,,transfer_in,4,3.61,DOC0315,2024-03-19 16:38:41,promo prep
MOV0316,STR0726,PRD0182,,sale,-10,6.73,ORD0438,2025-05-29 09:15:16,promo prep
MOV0317,STR0505,PRD0433,,transfer_out,-40,3.11,DOC0317,2024-08-31 23:56:47,end of day count
MOV0318,STR0138,PRD0385,,waste,-15,8.80,DOC0318,2025-03-08 05:38:58,promo prep
MOV0319,STR0765,PRD0747,SUP0227,receipt,30,2.07,DOC0319,2026-04-24 02:15:31,promo prep
MOV0320,STR0870,PRD0067,,waste,-34,4.46,DOC0320,2024-03-07 07:44:21,damaged goods
MOV0321,STR0722,PRD0625,,transfer_in,24,5.60,DOC0321,2026-05-17 20:44:31,end of day count
MOV0322,STR0306,PRD0106,,transfer_in,40,4.52,DOC0322,2024-08-24 12:01:05,promo prep
MOV0323,STR0991,PRD0985,SUP0976,receipt,5,0.85,DOC0323,2026-06-24 09:30:27,
MOV0324,STR0697,PRD0838,,transfer_in,35,3.56,DOC0324,2025-12-22 15:28:58,weekly delivery
MOV0325,STR0282,PRD0491,SUP0645,receipt,11,9.34,DOC0325,2024-09-27 03:33:01,promo prep
MOV0326,STR0485,PRD0521,,transfer_in,32,3.41,DOC0326,2024-01-19 17:19:46,promo prep
MOV0327,STR0274,PRD0257,,waste,-31,8.60,DOC0327,2024-04-20 16:21:50,damaged goods
MOV0328,STR0579,PRD0397,,waste,-5,8.76,DOC0328,2024-12-19 16:38:54,damaged goods
MOV0329,STR0261,PRD0054,SUP0075,receipt,35,4.18,DOC0329,2024-03-22 13:13:51,damaged goods
MOV0330,STR0418,PRD0938,,sale,-34,1.89,ORD0779,2024-12-25 22:55:21,weekly delivery
MOV0331,STR0718,PRD0746,,waste,-31,0.82,DOC0331,2024-06-06 05:26:03,weekly delivery
MOV0332,STR0479,PRD0189,SUP0564,receipt,38,9.15,DOC0332,2024-12-04 19:45:03,
MOV0333,STR0086,PRD0610,,adjustment,12,9.15,DOC0333,2024-04-09 12:55:12,
MOV0334,STR0805,PRD0344,,adjustment,38,4.68,DOC0334,2025-06-04 17:17:42,
MOV0335,STR0344,PRD0973,,sale,-9,1.86,ORD0737,2025-03-24 00:19:44,
MOV0336,STR0884,PRD0169,,transfer_in,27,7.17,DOC0336,2025-09-18 14:34:03,promo prep
MOV0337,STR0979,PRD0183,,adjustment,3,3.48,DOC0337,2025-10-23 16:16:05,damaged goods
MOV0338,STR0335,PRD0915,,transfer_in,27,1.26,DOC0338,2024-03-08 20:06:08,damaged goods
MOV0339,STR0726,PRD0004,,sale,-33,3.17,ORD0562,2025-05-29 21:03:14,weekly delivery
MOV0340,STR0072,PRD0071,SUP0336,receipt,8,4.89,DOC0340,2024-07-23 19:16:03,
MOV0341,STR0368,PRD0093,SUP0645,receipt,10,5.24,DOC0341,2025-08-07 03:56:07,
MOV0342,STR0874,PRD0883,,waste,-24,1.92,DOC0342,2025-01-30 08:35:36,promo prep
MOV0343,STR0475,PRD0155,,adjustment,29,4.51,DOC0343,2024-05-21 21:29:13,promo prep
MOV0344,STR0067,PRD0280,SUP0233,receipt,20,7.28,DOC0344,2025-07-10 05:26:08,
MOV0345,STR0534,PRD0895,,transfer_out,-31,2.74,DOC0345,2025-09-23 11:16:53,weekly delivery
MOV0346,STR0443,PRD0749,,transfer_out,-33,2.94,DOC0346,2024-02-03 13:30:38,damaged goods
MOV0347,STR0725,PRD0026,,adjustment,17,5.18,DOC0347,2025-05-12 22:14:17,
MOV0348,STR0029,PRD0390,,waste,-7,6.23,DOC0348,2026-02-19 00:42:42,weekly delivery
MOV0349,STR0301,PRD0852,,adjustment,25,2.40,DOC0349,2025-03-05 22:03:52,
MOV0350,STR0207,PRD0888,,transfer_in,10,1.85,DOC0350,2026-05-19 04:23:54,
MOV0351,STR0131,PRD0109,,sale,-14,3.76,ORD0080,2025-04-15 22:31:09,weekly delivery
MOV0352,STR0547,PRD0572,,transfer_in,15,8.17,DOC0352,2025-10-07 12:22:23,end of day count
MOV0353,STR0034,PRD0517,,sale,-39,2.83,ORD0326,2025-07-25 08:20:58,weekly delivery
MOV0354,STR0558,PRD0943,,waste,-37,2.83,DOC0354,2026-07-15 18:54:24,end of day count
MOV0355,STR0842,PRD0338,,sale,-27,8.42,ORD0355,2026-01-30 00:09:12,
MOV0356,STR0059,PRD0844,,waste,-27,2.33,DOC0356,2024-08-05 01:24:12,damaged goods
MOV0357,STR0297,PRD0717,,waste,-13,1.08,DOC0357,2024-08-15 04:03:18,damaged goods
MOV0358,STR0034,PRD0657,,adjustment,35,5.36,DOC0358,2024-05-17 03:52:00,promo prep
MOV0359,STR0437,PRD0096,SUP0156,receipt,39,4.04,DOC0359,2025-09-30 19:08:20,
MOV0360,STR0703,PRD0630,,sale,-37,4.24,ORD0742,2025-05-22 13:51:05,promo prep
MOV0361,STR0906,PRD0803,,adjustment,28,0.45,DOC0361,2024-05-22 09:36:39,
MOV0362,STR0096,PRD0392,,waste,-7,9.37,DOC0362,2024-01-14 10:30:41,
MOV0363,STR0508,PRD0209,,waste,-37,6.05,DOC0363,2024-08-18 17:50:04,
MOV0364,STR0154,PRD0818,SUP0686,receipt,40,2.55,DOC0364,2025-10-13 20:36:06,damaged goods
MOV0365,STR0525,PRD0948,,transfer_in,3,2.36,DOC0365,2024-03-17 17:07:59,promo prep
MOV0366,STR0509,PRD0734,,transfer_in,21,3.98,DOC0366,2025-11-26 02:34:46,
MOV0367,STR0371,PRD0371,,waste,-25,9.46,DOC0367,2024-08-03 02:25:19,promo prep
MOV0368,STR0590,PRD0193,,adjustment,19,2.71,DOC0368,2026-02-10 23:24:36,end of day count
MOV0369,STR0916,PRD0317,,transfer_in,40,9.36,DOC0369,2024-04-08 02:58:56,promo prep
MOV0370,STR0855,PRD0289,,waste,-30,6.84,DOC0370,2026-03-03 22:43:23,weekly delivery
MOV0371,STR0850,PRD0635,,adjustment,1,3.47,DOC0371,2026-06-19 15:23:20,weekly delivery
MOV0372,STR0617,PRD0123,,adjustment,36,8.92,DOC0372,2024-02-15 07:08:18,damaged goods
MOV0373,STR0611,PRD0321,,transfer_out,-4,4.73,DOC0373,2025-07-10 21:01:09,end of day count
MOV0374,STR0874,PRD0019,,sale,-9,6.70,ORD0400,2025-09-22 17:43:22,
MOV0375,STR0712,PRD0746,,waste,-7,0.82,DOC0375,2024-03-26 09:04:23,
MOV0376,STR0373,PRD0100,,sale,-2,7.11,ORD0522,2025-12-28 13:13:49,
MOV0377,STR0233,PRD0245,SUP0932,receipt,11,3.39,DOC0377,2025-03-05 15:04:18,end of day count
MOV0378,STR0948,PRD0496,,transfer_in,27,6.09,DOC0378,2025-10-14 17:42:52,damaged goods
MOV0379,STR0569,PRD0669,,transfer_in,1,5.92,DOC0379,2025-10-22 09:44:14,weekly delivery
MOV0380,STR0058,PRD0092,,transfer_out,-4,2.88,DOC0380,2024-04-13 11:11:39,
MOV0381,STR0672,PRD0482,,sale,-37,6.95,ORD0629,2025-11-05 08:28:43,end of day count
MOV0382,STR0181,PRD0176,,waste,-34,8.67,DOC0382,2025-06-10 13:14:50,weekly delivery
MOV0383,STR0350,PRD0119,,adjustment,29,8.74,DOC0383,2024-02-26 02:10:39,
MOV0384,STR0208,PRD0265,,waste,-37,8.37,DOC0384,2024-05-24 10:34:37,end of day count
MOV0385,STR0903,PRD0827,SUP0890,receipt,4,3.64,DOC0385,2024-03-23 10:29:12,
MOV0386,STR0642,PRD0669,,waste,-32,5.92,DOC0386,2024-03-04 16:34:49,weekly delivery
MOV0387,STR0547,PRD0904,,sale,-15,1.13,ORD0988,2025-04-23 21:16:26,damaged goods
MOV0388,STR0251,PRD0288,,adjustment,32,3.37,DOC0388,2025-03-18 02:14:19,end of day count
MOV0389,STR0061,PRD0384,,transfer_in,14,3.03,DOC0389,2025-09-17 04:33:24,damaged goods
MOV0390,STR0346,PRD0981,,sale,-37,2.82,ORD0639,2024-10-13 06:49:15,damaged goods
MOV0391,STR0739,PRD0409,,sale,-25,3.51,ORD0958,2026-06-23 23:14:03,promo prep
MOV0392,STR0938,PRD0702,,sale,-17,3.56,ORD0691,2024-05-04 14:15:47,
MOV0393,STR0373,PRD0827,,sale,-23,3.64,ORD0429,2025-02-22 05:45:36,
MOV0394,STR0409,PRD0666,,waste,-4,6.73,DOC0394,2025-11-01 14:42:17,weekly delivery
MOV0395,STR0723,PRD0217,,sale,-2,4.09,ORD0354,2025-04-03 12:45:14,
MOV0396,STR0742,PRD0770,,transfer_in,37,1.71,DOC0396,2025-10-23 16:31:21,weekly delivery
MOV0397,STR0283,PRD0103,,transfer_out,-10,8.14,DOC0397,2025-08-21 16:41:28,damaged goods
MOV0398,STR0468,PRD0181,,sale,-22,7.27,ORD0417,2025-01-18 05:08:42,damaged goods
MOV0399,STR0038,PRD0254,SUP0702,receipt,38,2.56,DOC0399,2024-08-18 01:51:12,promo prep
MOV0400,STR0286,PRD0159,SUP0656,receipt,6,5.45,DOC0400,2026-01-06 21:37:07,end of day count
MOV0401,STR0377,PRD0122,,waste,-13,7.57,DOC0401,2025-10-28 19:32:06,end of day count
MOV0402,STR0116,PRD0248,,adjustment,31,5.60,DOC0402,2025-03-28 09:33:35,
MOV0403,STR0068,PRD0805,SUP0268,receipt,22,2.38,DOC0403,2024-07-24 16:51:32,
MOV0404,STR0712,PRD0785,,transfer_out,-11,1.71,DOC0404,2025-11-04 13:27:53,promo prep
MOV0405,STR0907,PRD0616,,sale,-27,2.77,ORD0008,2026-06-16 21:18:57,damaged goods
MOV0406,STR0041,PRD0508,,transfer_in,13,4.59,DOC0406,2025-07-30 10:45:22,weekly delivery
MOV0407,STR0239,PRD0103,SUP0354,receipt,2,8.14,DOC0407,2025-01-09 01:22:41,promo prep
MOV0408,STR0583,PRD0870,,transfer_out,-28,2.80,DOC0408,2026-04-21 01:36:40,damaged goods
MOV0409,STR0789,PRD0961,,transfer_in,13,2.97,DOC0409,2025-06-01 11:50:16,damaged goods
MOV0410,STR0103,PRD0303,,sale,-15,8.23,ORD0010,2026-01-04 02:42:41,weekly delivery
MOV0411,STR0777,PRD0388,,transfer_in,20,8.92,DOC0411,2025-05-01 02:09:53,
MOV0412,STR0972,PRD0477,,adjustment,32,6.55,DOC0412,2024-02-26 08:04:53,damaged goods
MOV0413,STR0260,PRD0405,,sale,-9,6.20,ORD0376,2025-10-04 19:22:29,
MOV0414,STR0795,PRD0521,,waste,-5,3.41,DOC0414,2025-11-06 14:12:50,
MOV0415,STR0204,PRD0977,SUP0770,receipt,10,3.32,DOC0415,2024-04-09 04:10:22,damaged goods
MOV0416,STR0308,PRD0084,,waste,-9,3.79,DOC0416,2024-10-25 08:08:38,damaged goods
MOV0417,STR0081,PRD0946,,waste,-22,1.81,DOC0417,2025-03-04 20:56:35,
MOV0418,STR0142,PRD0251,,transfer_in,18,4.72,DOC0418,2024-06-08 18:45:56,weekly delivery
MOV0419,STR0444,PRD0261,,waste,-12,6.46,DOC0419,2024-08-29 11:01:53,weekly delivery
MOV0420,STR0582,PRD0379,,sale,-9,2.73,ORD0512,2024-04-25 06:58:07,damaged goods
MOV0421,STR0999,PRD0188,,adjustment,1,8.32,DOC0421,2025-12-31 22:21:03,weekly delivery
MOV0422,STR0081,PRD0282,,adjustment,7,9.05,DOC0422,2025-04-01 10:01:41,promo prep
MOV0423,STR0395,PRD0531,,sale,-39,8.32,ORD0845,2026-01-26 16:08:48,damaged goods
MOV0424,STR0194,PRD0857,,sale,-33,2.65,ORD0908,2025-03-20 03:31:55,weekly delivery
MOV0425,STR0534,PRD0198,SUP0604,receipt,11,9.45,DOC0425,2026-06-08 04:08:03,promo prep
MOV0426,STR0928,PRD0128,,adjustment,28,6.97,DOC0426,2025-11-05 08:52:35,
MOV0427,STR0276,PRD0879,,adjustment,1,2.59,DOC0427,2024-02-12 21:00:47,promo prep
MOV0428,STR0571,PRD0594,,transfer_out,-15,5.66,DOC0428,2025-10-19 09:00:20,damaged goods
MOV0429,STR0460,PRD0752,SUP0805,receipt,5,2.19,DOC0429,2025-12-31 13:29:24,
MOV0430,STR0974,PRD0078,,waste,-6,3.11,DOC0430,2026-04-08 13:12:50,weekly delivery
MOV0431,STR0815,PRD0662,,transfer_in,19,4.57,DOC0431,2025-02-06 15:48:31,
MOV0432,STR0062,PRD0064,,waste,-17,4.82,DOC0432,2025-01-23 11:47:53,promo prep
MOV0433,STR0998,PRD0093,,adjustment,11,5.24,DOC0433,2024-07-16 16:34:46,
MOV0434,STR0846,PRD0730,,transfer_in,20,3.85,DOC0434,2026-06-25 03:52:42,
MOV0435,STR0160,PRD0227,,transfer_in,11,4.13,DOC0435,2025-04-06 19:31:36,promo prep
MOV0436,STR0798,PRD0316,,adjustment,23,4.65,DOC0436,2024-02-23 10:34:58,
MOV0437,STR0592,PRD0516,,sale,-20,5.14,ORD0493,2025-10-21 15:17:22,promo prep
MOV0438,STR0982,PRD0287,,transfer_out,-38,6.80,DOC0438,2025-05-13 09:55:50,
MOV0439,STR0921,PRD0728,,sale,-10,1.31,ORD0869,2025-05-11 02:43:15,
MOV0440,STR0485,PRD0746,,transfer_in,19,0.82,DOC0440,2024-10-07 22:22:47,
MOV0441,STR0422,PRD0656,,transfer_in,5,8.13,DOC0441,2025-08-14 04:22:44,weekly delivery
MOV0442,STR0262,PRD0562,,sale,-23,5.63,ORD0125,2025-03-21 15:52:14,weekly delivery
MOV0443,STR0294,PRD0933,,adjustment,26,1.71,DOC0443,2024-07-28 01:08:56,end of day count
MOV0444,STR0331,PRD0041,,waste,-15,3.59,DOC0444,2026-02-21 02:03:30,weekly delivery
MOV0445,STR0364,PRD0915,,waste,-35,1.26,DOC0445,2026-02-16 07:39:07,weekly delivery
MOV0446,STR0604,PRD0586,SUP0189,receipt,34,3.54,DOC0446,2026-05-29 21:09:03,
MOV0447,STR0954,PRD0226,,waste,-31,4.55,DOC0447,2025-12-14 17:01:38,promo prep
MOV0448,STR0259,PRD0956,,waste,-40,3.34,DOC0448,2026-06-16 01:16:28,weekly delivery
MOV0449,STR0887,PRD0805,,transfer_out,-22,2.38,DOC0449,2024-11-25 00:09:47,promo prep
MOV0450,STR0778,PRD0623,SUP0431,receipt,8,5.63,DOC0450,2024-04-19 12:01:16,
MOV0451,STR0056,PRD0898,,transfer_out,-14,1.48,DOC0451,2024-08-13 09:52:06,promo prep
MOV0452,STR0942,PRD0857,SUP0191,receipt,12,2.65,DOC0452,2024-06-11 23:08:41,end of day count
MOV0453,STR0915,PRD0104,,adjustment,29,9.15,DOC0453,2025-10-14 03:02:54,
MOV0454,STR0969,PRD0366,SUP0740,receipt,37,5.00,DOC0454,2025-12-09 01:36:35,
MOV0455,STR0696,PRD0861,SUP0599,receipt,2,0.67,DOC0455,2024-08-18 06:00:21,promo prep
MOV0456,STR0616,PRD0679,,transfer_out,-16,4.09,DOC0456,2024-12-05 17:50:55,
MOV0457,STR0448,PRD0147,,waste,-10,8.70,DOC0457,2026-02-16 23:46:39,
MOV0458,STR0057,PRD0002,,transfer_in,19,7.18,DOC0458,2026-04-29 06:58:49,damaged goods
MOV0459,STR0670,PRD0677,,transfer_out,-31,6.52,DOC0459,2024-04-27 15:47:08,
MOV0460,STR0262,PRD0365,,transfer_out,-19,7.00,DOC0460,2024-02-27 23:15:03,weekly delivery
MOV0461,STR0252,PRD0803,,transfer_out,-4,0.45,DOC0461,2024-03-30 06:48:10,damaged goods
MOV0462,STR0390,PRD0955,,transfer_in,27,1.50,DOC0462,2025-05-29 03:16:01,damaged goods
MOV0463,STR0672,PRD0978,SUP0861,receipt,21,3.11,DOC0463,2024-11-20 18:29:51,damaged goods
MOV0464,STR0975,PRD0255,,transfer_in,10,6.88,DOC0464,2024-08-15 03:22:48,
MOV0465,STR0247,PRD0790,,transfer_out,-14,2.44,DOC0465,2025-08-21 08:51:51,weekly delivery
MOV0466,STR0440,PRD0793,,transfer_out,-23,3.70,DOC0466,2025-02-19 21:25:26,damaged goods
MOV0467,STR0319,PRD0697,,transfer_in,24,6.89,DOC0467,2026-05-25 01:25:26,
MOV0468,STR0372,PRD0016,,waste,-34,2.74,DOC0468,2026-05-16 10:20:04,damaged goods
MOV0469,STR0053,PRD0371,,transfer_in,14,9.46,DOC0469,2024-08-21 18:38:23,weekly delivery
MOV0470,STR0616,PRD0475,SUP0501,receipt,27,9.08,DOC0470,2024-10-14 07:13:52,promo prep
MOV0471,STR0635,PRD0659,,adjustment,4,2.57,DOC0471,2026-01-17 09:22:10,end of day count
MOV0472,STR0426,PRD0170,,transfer_out,-9,3.96,DOC0472,2025-07-20 11:42:07,
MOV0473,STR0945,PRD0216,,sale,-3,3.88,ORD0617,2025-09-21 03:49:50,end of day count
MOV0474,STR0463,PRD0150,,sale,-22,7.96,ORD0809,2024-02-22 09:32:39,end of day count
MOV0475,STR0072,PRD0012,,sale,-3,6.99,ORD0013,2026-05-04 10:31:09,weekly delivery
MOV0476,STR0488,PRD0047,,waste,-34,8.59,DOC0476,2026-03-06 08:46:15,
MOV0477,STR0150,PRD0134,,transfer_in,9,7.41,DOC0477,2025-04-30 14:40:27,damaged goods
MOV0478,STR0607,PRD0329,,transfer_out,-15,4.49,DOC0478,2024-04-08 16:30:43,end of day count
MOV0479,STR0899,PRD0527,,waste,-33,8.89,DOC0479,2026-01-01 13:30:59,damaged goods
MOV0480,STR0678,PRD0843,,transfer_in,14,3.95,DOC0480,2025-02-28 14:19:19,
MOV0481,STR0239,PRD0360,,transfer_out,-26,8.38,DOC0481,2026-01-15 00:13:20,promo prep
MOV0482,STR0450,PRD0414,,transfer_in,1,5.24,DOC0482,2024-10-20 02:51:33,end of day count
MOV0483,STR0645,PRD0911,,sale,-29,0.65,ORD0580,2025-09-21 07:11:52,end of day count
MOV0484,STR0145,PRD0843,,transfer_out,-3,3.95,DOC0484,2024-11-11 12:32:40,end of day count
MOV0485,STR0903,PRD0454,SUP0689,receipt,37,8.05,DOC0485,2026-06-15 05:50:30,damaged goods
MOV0486,STR0701,PRD0257,,transfer_in,24,8.60,DOC0486,2024-02-21 15:10:32,
MOV0487,STR0198,PRD0191,,waste,-31,6.86,DOC0487,2026-03-28 21:34:26,
MOV0488,STR0179,PRD0981,,sale,-40,2.82,ORD0279,2025-12-17 10:07:00,
MOV0489,STR0556,PRD0947,,sale,-20,3.93,ORD0050,2025-11-06 15:23:18,
MOV0490,STR0145,PRD0386,,transfer_out,-24,9.05,DOC0490,2024-12-26 01:38:51,end of day count
MOV0491,STR0317,PRD0320,SUP0842,receipt,18,8.87,DOC0491,2026-04-17 07:44:37,end of day count
MOV0492,STR0502,PRD0814,,transfer_in,19,3.25,DOC0492,2025-06-10 13:48:26,damaged goods
MOV0493,STR0580,PRD0750,,waste,-8,1.04,DOC0493,2026-02-17 23:31:00,damaged goods
MOV0494,STR0389,PRD0233,,transfer_out,-1,2.60,DOC0494,2026-04-21 21:39:54,damaged goods
MOV0495,STR0539,PRD0843,,transfer_out,-4,3.95,DOC0495,2026-06-29 20:33:10,
MOV0496,STR0021,PRD0171,,transfer_in,39,9.42,DOC0496,2025-08-29 04:25:48,weekly delivery
MOV0497,STR0742,PRD0300,,transfer_out,-5,5.87,DOC0497,2026-01-09 11:35:17,weekly delivery
MOV0498,STR0847,PRD0974,,waste,-9,0.93,DOC0498,2025-06-05 17:46:30,promo prep
MOV0499,STR0616,PRD0236,SUP0693,receipt,12,8.90,DOC0499,2025-06-30 01:34:56,weekly delivery
MOV0500,STR0938,PRD0142,,waste,-2,5.89,DOC0500,2024-02-13 02:55:48,
MOV0501,STR0558,PRD0053,,transfer_out,-30,6.98,DOC0501,2024-11-07 15:44:37,promo prep
MOV0502,STR0890,PRD0488,,transfer_in,4,9.07,DOC0502,2024-09-28 08:50:03,end of day count
MOV0503,STR0531,PRD0987,,transfer_in,4,3.04,DOC0503,2024-11-05 08:19:25,
MOV0504,STR0905,PRD0137,SUP0550,receipt,22,8.59,DOC0504,2026-02-17 11:10:55,
MOV0505,STR0414,PRD0645,,sale,-3,3.79,ORD0202,2024-07-14 10:26:28,damaged goods
MOV0506,STR0354,PRD0845,,transfer_out,-28,2.01,DOC0506,2025-12-24 08:20:37,weekly delivery
MOV0507,STR0983,PRD0230,,adjustment,25,3.17,DOC0507,2024-02-05 09:04:38,weekly delivery
MOV0508,STR0702,PRD0516,,transfer_out,-34,5.14,DOC0508,2026-03-20 03:04:25,
MOV0509,STR0402,PRD0248,,sale,-36,5.60,ORD0703,2024-06-26 16:13:01,end of day count
MOV0510,STR0934,PRD0750,,waste,-1,1.04,DOC0510,2025-11-04 12:41:37,
MOV0511,STR0605,PRD0705,,waste,-30,3.69,DOC0511,2024-04-11 11:24:37,damaged goods
MOV0512,STR0524,PRD0823,,transfer_out,-1,1.37,DOC0512,2025-08-28 21:05:14,promo prep
MOV0513,STR0658,PRD0640,,adjustment,23,3.60,DOC0513,2024-04-22 04:03:01,
MOV0514,STR0600,PRD0087,SUP0386,receipt,18,5.76,DOC0514,2024-09-11 02:34:06,damaged goods
MOV0515,STR0459,PRD0417,,sale,-1,7.11,ORD0458,2025-01-28 04:29:09,end of day count
MOV0516,STR0828,PRD0820,,transfer_out,-25,3.33,DOC0516,2024-11-13 17:38:18,damaged goods
MOV0517,STR0387,PRD0999,,waste,-25,1.73,DOC0517,2024-04-29 06:21:02,
MOV0518,STR0994,PRD0920,,adjustment,30,3.83,DOC0518,2026-05-02 09:39:47,promo prep
MOV0519,STR0102,PRD0776,,sale,-29,2.86,ORD0468,2026-07-23 10:54:47,weekly delivery
MOV0520,STR0126,PRD0635,,transfer_in,28,3.47,DOC0520,2025-05-20 20:04:38,weekly delivery
MOV0521,STR0525,PRD0978,,transfer_out,-36,3.11,DOC0521,2026-03-01 19:09:19,
MOV0522,STR0914,PRD0226,,transfer_out,-5,4.55,DOC0522,2025-09-28 04:26:22,promo prep
MOV0523,STR0495,PRD0149,SUP0944,receipt,19,4.73,DOC0523,2024-06-05 20:43:21,weekly delivery
MOV0524,STR0657,PRD0979,SUP0312,receipt,34,1.38,DOC0524,2025-07-18 10:22:34,end of day count
MOV0525,STR0131,PRD0868,,sale,-16,3.06,ORD0925,2024-11-16 19:40:05,damaged goods
MOV0526,STR0921,PRD0862,,adjustment,16,3.40,DOC0526,2024-06-20 00:17:43,end of day count
MOV0527,STR0184,PRD0511,,transfer_out,-4,2.97,DOC0527,2024-02-24 09:31:02,
MOV0528,STR0144,PRD0464,,adjustment,20,4.28,DOC0528,2026-02-02 14:08:07,
MOV0529,STR0678,PRD0757,,transfer_out,-17,3.70,DOC0529,2024-07-04 08:27:28,promo prep
MOV0530,STR0367,PRD0627,SUP0528,receipt,13,5.87,DOC0530,2024-03-22 17:43:29,end of day count
MOV0531,STR0336,PRD0305,,waste,-10,4.14,DOC0531,2026-07-20 10:57:05,
MOV0532,STR0009,PRD0651,,sale,-23,6.26,ORD0629,2024-09-19 22:25:40,promo prep
MOV0533,STR0980,PRD0021,,waste,-31,7.09,DOC0533,2024-02-23 07:25:04,damaged goods
MOV0534,STR0596,PRD0202,,adjustment,9,3.68,DOC0534,2024-08-29 12:19:15,end of day count
MOV0535,STR0817,PRD0248,,adjustment,1,5.60,DOC0535,2024-11-15 23:59:19,
MOV0536,STR0517,PRD0509,,sale,-32,6.37,ORD0068,2025-09-28 09:43:47,weekly delivery
MOV0537,STR0745,PRD0152,,transfer_out,-18,4.94,DOC0537,2025-09-17 22:52:49,
MOV0538,STR0646,PRD0151,,waste,-32,7.51,DOC0538,2026-04-12 02:15:34,promo prep
MOV0539,STR0126,PRD0677,,adjustment,11,6.52,DOC0539,2024-10-20 15:34:08,
MOV0540,STR0847,PRD0801,SUP0299,receipt,27,3.93,DOC0540,2024-02-15 09:38:15,
MOV0541,STR0553,PRD0053,,adjustment,40,6.98,DOC0541,2026-07-22 07:55:49,
MOV0542,STR0773,PRD0696,,adjustment,24,5.47,DOC0542,2025-09-17 21:08:24,
MOV0543,STR0693,PRD0915,SUP0819,receipt,6,1.26,DOC0543,2025-03-29 19:05:08,
MOV0544,STR0175,PRD0880,,adjustment,7,2.20,DOC0544,2025-06-27 14:17:09,
MOV0545,STR0522,PRD0052,SUP0008,receipt,19,7.86,DOC0545,2024-03-27 06:01:41,
MOV0546,STR0864,PRD0471,,transfer_in,5,5.92,DOC0546,2025-12-26 09:31:53,end of day count
MOV0547,STR0966,PRD0559,SUP0283,receipt,11,5.03,DOC0547,2026-03-07 22:15:00,damaged goods
MOV0548,STR0252,PRD0256,,sale,-15,3.03,ORD0283,2025-08-02 21:03:47,weekly delivery
MOV0549,STR0678,PRD0141,,sale,-14,2.80,ORD0686,2024-05-12 19:29:52,promo prep
MOV0550,STR0697,PRD0489,,transfer_in,34,4.35,DOC0550,2024-06-19 21:41:03,end of day count
MOV0551,STR0819,PRD0182,SUP0097,receipt,18,6.73,DOC0551,2024-09-06 01:44:58,end of day count
MOV0552,STR0372,PRD0426,,adjustment,28,7.92,DOC0552,2025-06-10 07:48:33,end of day count
MOV0553,STR0023,PRD0852,,transfer_in,28,2.40,DOC0553,2024-08-22 16:46:58,
MOV0554,STR0261,PRD0706,SUP0675,receipt,27,1.21,DOC0554,2024-12-05 21:05:22,weekly delivery
MOV0555,STR0695,PRD0057,,sale,-5,7.63,ORD0291,2024-10-18 05:26:42,
MOV0556,STR0024,PRD0929,,transfer_in,8,1.54,DOC0556,2024-07-08 20:56:09,weekly delivery
MOV0557,STR0071,PRD0897,SUP0526,receipt,25,2.67,DOC0557,2025-03-16 03:26:15,weekly delivery
MOV0558,STR0973,PRD0346,,transfer_out,-12,9.21,DOC0558,2024-01-11 11:42:36,
MOV0559,STR0587,PRD0700,,waste,-5,7.23,DOC0559,2024-07-16 18:26:20,weekly delivery
MOV0560,STR0368,PRD0260,SUP0862,receipt,25,3.35,DOC0560,2024-05-30 17:53:01,damaged goods
MOV0561,STR0834,PRD0315,,transfer_in,22,7.19,DOC0561,2025-01-19 16:48:38,end of day count
MOV0562,STR0640,PRD0003,,sale,-14,5.79,ORD0764,2026-03-06 01:19:00,promo prep
MOV0563,STR0623,PRD0483,,transfer_out,-16,7.49,DOC0563,2024-10-11 16:16:04,promo prep
MOV0564,STR0174,PRD0229,,adjustment,16,3.81,DOC0564,2025-08-14 11:59:53,end of day count
MOV0565,STR0860,PRD0451,SUP0575,receipt,39,6.99,DOC0565,2026-05-06 16:29:08,damaged goods
MOV0566,STR0380,PRD0840,,sale,-20,3.72,ORD0151,2025-07-04 08:58:05,promo prep
MOV0567,STR0068,PRD0793,,transfer_in,4,3.70,DOC0567,2024-07-08 11:51:36,
MOV0568,STR0725,PRD0830,,waste,-33,2.56,DOC0568,2026-04-09 03:23:08,
MOV0569,STR0161,PRD0695,SUP0768,receipt,24,2.55,DOC0569,2025-08-04 13:07:26,weekly delivery
MOV0570,STR0271,PRD0138,,transfer_out,-37,4.29,DOC0570,2025-01-23 05:51:23,
MOV0571,STR0770,PRD0897,,transfer_out,-31,2.67,DOC0571,2024-07-10 17:38:37,
MOV0572,STR0778,PRD0014,SUP0399,receipt,26,4.80,DOC0572,2024-05-22 19:15:13,damaged goods
MOV0573,STR0981,PRD0536,SUP0640,receipt,20,6.14,DOC0573,2024-04-17 04:14:39,
MOV0574,STR0186,PRD0720,SUP0222,receipt,9,2.99,DOC0574,2025-08-21 10:18:53,
MOV0575,STR0605,PRD0052,,adjustment,1,7.86,DOC0575,2025-10-22 17:25:45,promo prep
MOV0576,STR0050,PRD0122,,adjustment,9,7.57,DOC0576,2026-06-07 03:53:29,end of day count
MOV0577,STR0274,PRD0483,,transfer_in,39,7.49,DOC0577,2025-12-30 21:51:44,end of day count
MOV0578,STR0026,PRD0524,,sale,-19,8.56,ORD0586,2024-10-29 07:06:37,
MOV0579,STR0819,PRD0447,,sale,-39,6.70,ORD0221,2025-04-17 11:24:42,damaged goods
MOV0580,STR0376,PRD0242,,waste,-29,3.86,DOC0580,2025-04-30 00:01:09,damaged goods
MOV0581,STR0555,PRD0031,,waste,-29,8.44,DOC0581,2025-04-10 23:40:28,end of day count
MOV0582,STR0503,PRD0086,,transfer_in,7,4.50,DOC0582,2025-05-12 01:50:47,weekly delivery
MOV0583,STR0299,PRD0420,,transfer_out,-37,2.62,DOC0583,2025-08-07 21:42:04,weekly delivery
MOV0584,STR0157,PRD0242,,sale,-17,3.86,ORD0798,2025-09-01 11:47:40,damaged goods
MOV0585,STR0239,PRD0396,SUP0461,receipt,35,4.06,DOC0585,2024-06-05 17:47:13,weekly delivery
MOV0586,STR0546,PRD0943,,transfer_out,-40,2.83,DOC0586,2025-10-15 11:58:30,
MOV0587,STR0632,PRD0601,,sale,-11,2.65,ORD0398,2024-11-10 10:44:55,weekly delivery
MOV0588,STR0054,PRD0201,,transfer_out,-10,3.63,DOC0588,2025-10-31 08:49:52,
MOV0589,STR0833,PRD0020,,waste,-33,9.33,DOC0589,2024-07-29 01:38:18,weekly delivery
MOV0590,STR0115,PRD0021,,waste,-10,7.09,DOC0590,2024-04-19 12:20:55,end of day count
MOV0591,STR0213,PRD0786,,transfer_out,-8,1.73,DOC0591,2024-03-20 03:12:58,
MOV0592,STR0535,PRD0675,,transfer_out,-29,9.15,DOC0592,2025-01-05 17:30:23,promo prep
MOV0593,STR0712,PRD0211,,adjustment,12,3.58,DOC0593,2025-03-18 15:07:24,end of day count
MOV0594,STR0351,PRD0101,,adjustment,11,8.94,DOC0594,2025-06-14 23:59:36,damaged goods
MOV0595,STR0969,PRD0972,,transfer_out,-40,1.60,DOC0595,2025-09-11 10:35:27,end of day count
MOV0596,STR0847,PRD0901,,sale,-40,3.36,ORD0062,2024-10-22 08:58:32,
MOV0597,STR0398,PRD0774,,transfer_out,-29,2.23,DOC0597,2024-10-01 04:47:30,damaged goods
MOV0598,STR0968,PRD0105,,transfer_out,-33,4.32,DOC0598,2025-07-28 15:08:11,promo prep
MOV0599,STR0547,PRD0886,,waste,-3,1.93,DOC0599,2025-12-11 07:39:17,
MOV0600,STR0879,PRD0812,,waste,-15,2.69,DOC0600,2024-05-09 03:49:51,damaged goods
MOV0601,STR0933,PRD0021,,adjustment,36,7.09,DOC0601,2025-07-05 05:32:37,promo prep
MOV0602,STR0718,PRD0459,,sale,-18,3.72,ORD0404,2026-03-12 09:47:37,promo prep
MOV0603,STR0725,PRD0446,,transfer_in,22,3.45,DOC0603,2026-05-04 15:33:34,damaged goods
MOV0604,STR0063,PRD0486,SUP0686,receipt,22,3.72,DOC0604,2025-03-21 20:51:14,
MOV0605,STR0682,PRD0911,,sale,-32,0.65,ORD0041,2025-07-25 14:57:58,weekly delivery
MOV0606,STR0467,PRD0488,,adjustment,11,9.07,DOC0606,2024-02-24 08:59:06,
MOV0607,STR0329,PRD0738,,adjustment,15,1.80,DOC0607,2025-10-07 00:48:23,damaged goods
MOV0608,STR0538,PRD0830,,adjustment,39,2.56,DOC0608,2024-03-22 09:53:15,damaged goods
MOV0609,STR0443,PRD0591,,waste,-15,2.64,DOC0609,2025-05-02 07:11:10,promo prep
MOV0610,STR0970,PRD0771,,sale,-35,2.80,ORD0181,2024-02-19 17:39:40,
MOV0611,STR0481,PRD0553,,transfer_in,27,8.96,DOC0611,2025-12-03 05:20:20,promo prep
MOV0612,STR0168,PRD0082,,transfer_out,-18,3.98,DOC0612,2025-01-27 05:49:56,promo prep
MOV0613,STR0913,PRD0079,SUP0130,receipt,24,5.18,DOC0613,2024-12-09 04:52:45,promo prep
MOV0614,STR0991,PRD0003,,transfer_out,-7,5.79,DOC0614,2024-08-20 21:48:53,promo prep
MOV0615,STR0743,PRD0506,SUP0702,receipt,29,6.79,DOC0615,2024-10-27 17:00:12,end of day count
MOV0616,STR0183,PRD0410,SUP0151,receipt,27,8.69,DOC0616,2024-08-23 10:39:19,end of day count
MOV0617,STR0265,PRD0129,,waste,-30,8.76,DOC0617,2024-01-19 14:01:35,damaged goods
MOV0618,STR0978,PRD0596,,transfer_in,31,9.15,DOC0618,2025-02-08 04:29:11,weekly delivery
MOV0619,STR0465,PRD0014,SUP0399,receipt,28,4.80,DOC0619,2024-08-13 19:18:22,
MOV0620,STR0159,PRD0606,,waste,-9,6.66,DOC0620,2025-11-07 01:59:22,promo prep
MOV0621,STR0691,PRD0356,,waste,-22,5.84,DOC0621,2025-11-21 05:45:58,weekly delivery
MOV0622,STR0455,PRD0955,,transfer_in,33,1.50,DOC0622,2024-07-09 20:50:41,
MOV0623,STR0859,PRD0167,SUP0738,receipt,3,5.25,DOC0623,2025-07-10 00:51:47,end of day count
MOV0624,STR0329,PRD0860,,adjustment,21,0.69,DOC0624,2025-06-21 17:31:29,
MOV0625,STR0768,PRD0050,,adjustment,17,4.38,DOC0625,2024-02-02 00:51:23,end of day count
MOV0626,STR0737,PRD0818,,waste,-13,2.55,DOC0626,2026-07-14 12:40:36,
MOV0627,STR0470,PRD0544,,sale,-29,3.84,ORD0879,2024-01-16 07:39:25,end of day count
MOV0628,STR0926,PRD0670,,waste,-39,9.48,DOC0628,2024-11-29 17:07:26,
MOV0629,STR0635,PRD0361,,adjustment,12,8.01,DOC0629,2025-03-20 15:24:04,
MOV0630,STR0572,PRD0200,,waste,-17,5.95,DOC0630,2026-05-11 04:15:07,
MOV0631,STR0705,PRD0253,,sale,-35,6.66,ORD0604,2024-01-20 21:12:49,
MOV0632,STR0483,PRD0762,SUP0525,receipt,3,3.04,DOC0632,2025-09-08 07:42:25,
MOV0633,STR0538,PRD0499,SUP0521,receipt,8,6.29,DOC0633,2026-04-27 17:51:16,end of day count
MOV0634,STR0830,PRD0535,,transfer_out,-16,2.58,DOC0634,2026-04-24 17:29:00,
MOV0635,STR0702,PRD0599,,adjustment,22,4.22,DOC0635,2025-02-08 22:43:04,
MOV0636,STR0643,PRD0284,,waste,-32,3.40,DOC0636,2024-05-01 04:28:42,
MOV0637,STR0573,PRD0855,,waste,-4,3.86,DOC0637,2024-12-05 04:48:00,damaged goods
MOV0638,STR0773,PRD0270,SUP0138,receipt,24,8.43,DOC0638,2026-05-08 21:07:40,damaged goods
MOV0639,STR0802,PRD0476,SUP0408,receipt,17,3.75,DOC0639,2024-05-24 05:11:42,damaged goods
MOV0640,STR0831,PRD0204,SUP0715,receipt,36,5.79,DOC0640,2025-12-18 00:48:41,
MOV0641,STR0239,PRD0133,,adjustment,13,8.72,DOC0641,2025-05-22 18:49:40,
MOV0642,STR0939,PRD0581,,waste,-4,4.55,DOC0642,2025-10-05 22:11:45,
MOV0643,STR0862,PRD0194,,sale,-20,5.88,ORD0280,2024-02-10 12:16:59,promo prep
MOV0644,STR0991,PRD0373,,adjustment,37,5.48,DOC0644,2025-01-14 21:06:59,damaged goods
MOV0645,STR0631,PRD0750,,transfer_out,-16,1.04,DOC0645,2025-01-12 21:53:46,
MOV0646,STR0457,PRD0216,,adjustment,34,3.88,DOC0646,2026-01-26 07:49:16,
MOV0647,STR0675,PRD0685,,sale,-21,5.13,ORD0764,2026-03-25 21:25:19,
MOV0648,STR0853,PRD0335,,transfer_out,-11,6.35,DOC0648,2026-06-29 09:38:48,damaged goods
MOV0649,STR0708,PRD0617,,waste,-37,6.70,DOC0649,2026-02-21 22:12:59,
MOV0650,STR0978,PRD0290,,transfer_out,-35,8.53,DOC0650,2024-01-20 01:32:34,weekly delivery
MOV0651,STR0630,PRD0968,,waste,-5,0.62,DOC0651,2025-06-28 00:39:11,weekly delivery
MOV0652,STR0500,PRD0421,,waste,-26,3.68,DOC0652,2025-04-12 22:30:25,
MOV0653,STR0900,PRD0866,,sale,-30,3.52,ORD0204,2024-03-22 14:25:50,
MOV0654,STR0246,PRD0426,,transfer_in,19,7.92,DOC0654,2025-12-20 21:41:49,
MOV0655,STR0825,PRD0285,,transfer_out,-31,3.30,DOC0655,2024-04-03 09:05:45,weekly delivery
MOV0656,STR0144,PRD0855,,transfer_out,-3,3.86,DOC0656,2025-02-25 11:32:40,promo prep
MOV0657,STR0920,PRD0554,,transfer_out,-7,8.94,DOC0657,2026-07-27 06:38:57,
MOV0658,STR0299,PRD0636,,adjustment,18,6.63,DOC0658,2025-11-19 09:07:17,end of day count
MOV0659,STR0201,PRD0220,,adjustment,30,9.45,DOC0659,2026-01-29 08:18:54,damaged goods
MOV0660,STR0905,PRD0587,,sale,-33,8.88,ORD0020,2025-01-30 04:15:53,end of day count
MOV0661,STR0042,PRD0804,SUP0473,receipt,16,0.96,DOC0661,2024-01-15 01:14:35,
MOV0662,STR0441,PRD0465,SUP0635,receipt,18,5.25,DOC0662,2026-07-09 03:54:58,
MOV0663,STR0918,PRD0601,SUP0839,receipt,32,2.65,DOC0663,2026-07-13 07:46:19,damaged goods
MOV0664,STR0022,PRD0480,,waste,-30,6.27,DOC0664,2026-06-19 15:53:42,promo prep
MOV0665,STR0222,PRD0459,SUP0273,receipt,2,3.72,DOC0665,2026-02-22 12:54:22,
MOV0666,STR0178,PRD0750,,transfer_in,5,1.04,DOC0666,2024-12-20 14:54:25,end of day count
MOV0667,STR0841,PRD0171,,sale,-21,9.42,ORD0377,2026-01-25 13:35:02,damaged goods
MOV0668,STR0074,PRD0290,,transfer_out,-1,8.53,DOC0668,2025-01-22 11:11:49,
MOV0669,STR0138,PRD0132,SUP0037,receipt,8,5.63,DOC0669,2024-12-08 18:48:34,promo prep
MOV0670,STR0521,PRD0520,,transfer_in,40,7.39,DOC0670,2024-04-15 23:44:36,damaged goods
MOV0671,STR0444,PRD0415,SUP0544,receipt,31,5.52,DOC0671,2024-01-23 20:35:24,damaged goods
MOV0672,STR0316,PRD0814,SUP0268,receipt,38,3.25,DOC0672,2025-05-15 07:13:10,end of day count
MOV0673,STR0787,PRD0164,,waste,-6,6.49,DOC0673,2025-09-30 20:11:36,damaged goods
MOV0674,STR0760,PRD0349,,transfer_out,-17,3.87,DOC0674,2025-06-28 13:38:28,promo prep
MOV0675,STR0214,PRD0815,,adjustment,25,2.28,DOC0675,2026-05-30 10:41:56,damaged goods
MOV0676,STR0076,PRD0677,,adjustment,3,6.52,DOC0676,2025-06-26 22:34:56,
MOV0677,STR0894,PRD0748,,waste,-1,1.39,DOC0677,2025-07-19 06:07:01,
MOV0678,STR0509,PRD0301,,waste,-37,3.24,DOC0678,2024-10-11 03:22:17,promo prep
MOV0679,STR0828,PRD0846,,sale,-3,3.79,ORD0704,2026-04-18 18:19:19,
MOV0680,STR0052,PRD0788,,transfer_in,40,1.24,DOC0680,2026-06-25 02:45:21,
MOV0681,STR0363,PRD0277,,transfer_in,23,8.71,DOC0681,2024-04-21 10:37:47,
MOV0682,STR0683,PRD0604,SUP0274,receipt,31,6.24,DOC0682,2024-09-19 01:55:40,end of day count
MOV0683,STR0851,PRD0466,,waste,-21,8.52,DOC0683,2025-01-22 04:51:41,promo prep
MOV0684,STR0630,PRD0231,,transfer_in,9,7.53,DOC0684,2025-05-07 16:31:12,promo prep
MOV0685,STR0608,PRD0588,,transfer_out,-6,6.15,DOC0685,2025-11-15 23:10:22,damaged goods
MOV0686,STR0031,PRD0863,,adjustment,12,3.98,DOC0686,2026-01-17 07:57:14,
MOV0687,STR0191,PRD0325,,sale,-29,4.46,ORD0241,2026-01-18 16:53:11,promo prep
MOV0688,STR0749,PRD0166,,sale,-27,7.35,ORD0205,2026-03-31 13:23:26,end of day count
MOV0689,STR0958,PRD0115,,transfer_in,8,3.85,DOC0689,2025-08-14 03:03:23,damaged goods
MOV0690,STR0198,PRD0065,,transfer_out,-13,3.08,DOC0690,2025-06-11 06:59:12,damaged goods
MOV0691,STR0806,PRD0107,,transfer_in,33,9.21,DOC0691,2024-05-27 12:11:06,
MOV0692,STR0368,PRD0797,,sale,-20,0.49,ORD0660,2025-05-13 11:52:26,
MOV0693,STR0322,PRD0193,,transfer_in,35,2.71,DOC0693,2024-11-25 01:29:40,weekly delivery
MOV0694,STR0183,PRD0319,SUP0333,receipt,8,4.74,DOC0694,2024-11-07 04:22:35,promo prep
MOV0695,STR0646,PRD0799,,waste,-31,1.54,DOC0695,2025-09-05 20:18:07,
MOV0696,STR0985,PRD0318,,waste,-19,5.96,DOC0696,2024-02-06 05:53:43,
MOV0697,STR0469,PRD0337,,transfer_out,-37,5.36,DOC0697,2026-01-27 20:38:55,damaged goods
MOV0698,STR0311,PRD0562,,sale,-6,5.63,ORD0903,2025-06-13 23:35:24,
MOV0699,STR0497,PRD0167,,adjustment,40,5.25,DOC0699,2024-05-11 07:13:39,
MOV0700,STR0695,PRD0014,,transfer_in,20,4.80,DOC0700,2025-11-06 20:13:54,weekly delivery
MOV0701,STR0960,PRD0350,SUP0616,receipt,26,8.45,DOC0701,2025-07-28 07:32:18,
MOV0702,STR0184,PRD0010,,adjustment,1,4.91,DOC0702,2024-02-09 23:02:35,end of day count
MOV0703,STR0767,PRD0551,,transfer_in,23,7.25,DOC0703,2024-09-10 02:00:55,
MOV0704,STR0052,PRD0161,,waste,-9,2.72,DOC0704,2024-02-04 18:13:47,promo prep
MOV0705,STR0164,PRD0296,,sale,-18,4.05,ORD0477,2024-01-16 06:05:14,weekly delivery
MOV0706,STR0535,PRD0161,,waste,-33,2.72,DOC0706,2025-05-06 13:02:13,
MOV0707,STR0206,PRD0078,,transfer_in,31,3.11,DOC0707,2024-08-02 09:42:37,weekly delivery
MOV0708,STR0021,PRD0345,,transfer_out,-40,5.80,DOC0708,2025-01-03 13:42:15,
MOV0709,STR0055,PRD0740,SUP0601,receipt,34,1.87,DOC0709,2025-05-08 03:18:23,promo prep
MOV0710,STR0564,PRD0706,,adjustment,29,1.21,DOC0710,2025-05-17 03:52:58,
MOV0711,STR0902,PRD0067,,transfer_out,-15,4.46,DOC0711,2024-09-05 22:27:25,end of day count
MOV0712,STR0305,PRD0621,,waste,-25,7.81,DOC0712,2025-04-21 07:36:19,
MOV0713,STR0021,PRD0102,,sale,-38,3.65,ORD0119,2024-07-28 12:10:42,
MOV0714,STR0502,PRD0578,,transfer_in,22,6.86,DOC0714,2026-03-18 13:21:42,
MOV0715,STR0368,PRD0646,,transfer_in,8,8.96,DOC0715,2025-12-31 17:48:34,damaged goods
MOV0716,STR0434,PRD0782,,sale,-1,3.28,ORD0534,2026-07-13 05:17:25,
MOV0717,STR0593,PRD0469,,transfer_out,-32,4.17,DOC0717,2024-10-25 11:50:58,weekly delivery
MOV0718,STR0219,PRD0570,,sale,-37,4.09,ORD0259,2026-03-18 13:40:43,
MOV0719,STR0272,PRD0505,,sale,-26,7.08,ORD0515,2024-01-15 00:36:30,
MOV0720,STR0361,PRD0459,SUP0273,receipt,7,3.72,DOC0720,2025-12-25 09:09:13,end of day count
MOV0721,STR0285,PRD0357,,transfer_in,23,4.46,DOC0721,2024-02-20 15:13:18,
MOV0722,STR0078,PRD0661,,transfer_in,33,2.51,DOC0722,2024-07-09 17:09:43,weekly delivery
MOV0723,STR0196,PRD0469,,transfer_in,28,4.17,DOC0723,2025-04-28 12:28:55,promo prep
MOV0724,STR0686,PRD0015,,transfer_out,-27,8.00,DOC0724,2026-05-20 09:38:21,
MOV0725,STR0180,PRD0119,SUP0941,receipt,2,8.74,DOC0725,2024-11-23 00:32:55,damaged goods
MOV0726,STR0985,PRD0022,,transfer_out,-8,5.33,DOC0726,2026-07-14 16:34:55,end of day count
MOV0727,STR0059,PRD0747,,adjustment,20,2.07,DOC0727,2025-11-19 14:15:35,end of day count
MOV0728,STR0985,PRD0347,,transfer_out,-22,5.49,DOC0728,2025-04-06 09:18:59,weekly delivery
MOV0729,STR0039,PRD0917,,transfer_out,-35,3.37,DOC0729,2026-05-14 13:44:11,damaged goods
MOV0730,STR0905,PRD0344,SUP0815,receipt,13,4.68,DOC0730,2026-02-01 09:42:13,
MOV0731,STR0939,PRD0070,,transfer_out,-14,2.53,DOC0731,2024-02-12 09:10:56,weekly delivery
MOV0732,STR0095,PRD0884,,transfer_out,-2,0.86,DOC0732,2026-03-19 02:31:35,promo prep
MOV0733,STR0571,PRD0306,,sale,-38,6.68,ORD0789,2025-09-25 17:09:19,
MOV0734,STR0729,PRD0731,,waste,-27,2.96,DOC0734,2024-08-31 20:37:51,
MOV0735,STR0801,PRD0832,,transfer_out,-32,1.02,DOC0735,2024-12-26 15:24:01,damaged goods
MOV0736,STR0226,PRD0313,,sale,-11,5.38,ORD0103,2025-07-23 06:44:55,end of day count
MOV0737,STR0809,PRD0237,,waste,-13,4.46,DOC0737,2026-07-29 02:49:45,promo prep
MOV0738,STR0431,PRD0498,,transfer_out,-10,4.20,DOC0738,2025-06-28 20:20:38,
MOV0739,STR0250,PRD0843,,transfer_out,-7,3.95,DOC0739,2025-06-17 01:53:42,weekly delivery
MOV0740,STR0315,PRD0485,,sale,-11,7.92,ORD0809,2026-07-31 20:02:17,damaged goods
MOV0741,STR0982,PRD0365,,waste,-29,7.00,DOC0741,2025-07-03 23:14:00,weekly delivery
MOV0742,STR0808,PRD0244,,transfer_out,-15,3.33,DOC0742,2025-07-17 04:36:46,
MOV0743,STR0933,PRD0447,,waste,-17,6.70,DOC0743,2024-04-22 01:12:13,
MOV0744,STR0589,PRD0812,SUP0902,receipt,31,2.69,DOC0744,2025-03-02 04:48:32,weekly delivery
MOV0745,STR0131,PRD0255,,transfer_out,-32,6.88,DOC0745,2026-06-02 18:09:01,
MOV0746,STR0791,PRD0707,SUP0934,receipt,12,0.90,DOC0746,2024-07-31 17:24:18,
MOV0747,STR0791,PRD0127,,sale,-16,8.64,ORD0695,2025-12-04 18:21:54,promo prep
MOV0748,STR0674,PRD0009,,sale,-10,5.28,ORD0650,2024-08-02 16:54:35,damaged goods
MOV0749,STR0998,PRD0514,,transfer_out,-39,6.32,DOC0749,2026-01-06 12:38:00,
MOV0750,STR0186,PRD0695,,adjustment,28,2.55,DOC0750,2024-02-17 10:58:21,
MOV0751,STR0361,PRD0651,,sale,-4,6.26,ORD0434,2024-06-27 10:02:59,
MOV0752,STR0857,PRD0773,,transfer_out,-19,2.08,DOC0752,2024-06-19 00:54:54,
MOV0753,STR0823,PRD0829,,transfer_in,38,3.16,DOC0753,2026-02-09 08:06:55,end of day count
MOV0754,STR0659,PRD0704,,transfer_in,22,1.34,DOC0754,2024-10-19 13:54:59,
MOV0755,STR0563,PRD0249,,transfer_in,13,6.45,DOC0755,2026-01-22 17:56:49,end of day count
MOV0756,STR0947,PRD0211,,transfer_in,19,3.58,DOC0756,2024-08-14 04:32:16,
MOV0757,STR0560,PRD0453,,waste,-31,5.88,DOC0757,2024-09-06 14:03:02,
MOV0758,STR0737,PRD0528,,adjustment,2,6.30,DOC0758,2025-02-18 23:10:08,promo prep
MOV0759,STR0229,PRD0713,,transfer_in,39,0.71,DOC0759,2024-05-19 18:49:25,end of day count
MOV0760,STR0760,PRD0990,,waste,-12,3.00,DOC0760,2024-11-25 14:31:20,damaged goods
MOV0761,STR0055,PRD0931,,adjustment,35,2.35,DOC0761,2025-11-08 08:15:03,damaged goods
MOV0762,STR0091,PRD0905,,transfer_out,-6,0.65,DOC0762,2026-03-23 00:15:51,
MOV0763,STR0901,PRD0588,,transfer_out,-7,6.15,DOC0763,2026-01-07 12:21:41,weekly delivery
MOV0764,STR0338,PRD0327,,adjustment,9,4.30,DOC0764,2025-11-29 13:18:08,weekly delivery
MOV0765,STR0204,PRD0654,,transfer_in,1,7.84,DOC0765,2024-02-07 19:51:25,weekly delivery
MOV0766,STR0114,PRD0952,SUP0770,receipt,12,1.94,DOC0766,2024-11-07 19:09:31,
MOV0767,STR0396,PRD0867,,sale,-36,0.89,ORD0388,2025-03-21 06:22:24,
MOV0768,STR0402,PRD0071,,transfer_out,-9,4.89,DOC0768,2026-02-01 16:36:00,end of day count
MOV0769,STR0051,PRD0668,,sale,-36,3.67,ORD0609,2024-12-28 02:00:25,promo prep
MOV0770,STR0073,PRD0739,,adjustment,15,1.44,DOC0770,2025-10-26 05:27:55,promo prep
MOV0771,STR0596,PRD0265,SUP0007,receipt,16,8.37,DOC0771,2025-11-02 03:28:05,promo prep
MOV0772,STR0462,PRD0336,SUP0594,receipt,28,9.24,DOC0772,2026-03-31 01:46:10,damaged goods
MOV0773,STR0502,PRD0612,,sale,-38,7.10,ORD0667,2024-12-10 11:16:49,
MOV0774,STR0031,PRD0616,SUP0428,receipt,3,2.77,DOC0774,2024-05-09 18:03:28,damaged goods
MOV0775,STR0984,PRD0358,,waste,-18,4.22,DOC0775,2024-01-18 20:34:06,weekly delivery
MOV0776,STR0497,PRD0776,,waste,-19,2.86,DOC0776,2026-03-12 22:28:31,end of day count
MOV0777,STR0024,PRD0892,,sale,-36,0.81,ORD0088,2026-02-11 10:56:18,
MOV0778,STR0836,PRD0496,,waste,-31,6.09,DOC0778,2025-03-28 04:38:01,damaged goods
MOV0779,STR0931,PRD0904,SUP0515,receipt,31,1.13,DOC0779,2024-10-10 23:06:39,
MOV0780,STR0539,PRD0146,,waste,-13,8.13,DOC0780,2024-12-30 22:37:54,end of day count
MOV0781,STR0407,PRD0255,,sale,-13,6.88,ORD0026,2025-05-29 05:00:01,end of day count
MOV0782,STR0155,PRD0411,,adjustment,4,8.14,DOC0782,2025-12-19 03:22:16,
MOV0783,STR0937,PRD0396,,transfer_in,39,4.06,DOC0783,2025-01-12 02:23:02,
MOV0784,STR0546,PRD0902,,adjustment,24,2.95,DOC0784,2026-02-17 04:33:07,weekly delivery
MOV0785,STR0975,PRD0178,,adjustment,7,6.24,DOC0785,2026-03-20 18:48:37,end of day count
MOV0786,STR0379,PRD0146,,sale,-39,8.13,ORD0367,2025-08-29 01:31:31,
MOV0787,STR0271,PRD0595,,adjustment,35,6.99,DOC0787,2026-02-03 15:03:15,weekly delivery
MOV0788,STR0137,PRD0191,,waste,-14,6.86,DOC0788,2025-03-30 01:24:01,damaged goods
MOV0789,STR0605,PRD0059,,sale,-17,6.41,ORD0146,2025-08-23 05:08:21,damaged goods
MOV0790,STR0161,PRD0794,,transfer_in,15,1.31,DOC0790,2025-04-22 09:15:22,weekly delivery
MOV0791,STR0575,PRD0307,,sale,-1,5.04,ORD0258,2024-06-22 13:02:28,
MOV0792,STR0380,PRD0868,,waste,-22,3.06,DOC0792,2026-04-03 08:00:39,damaged goods
MOV0793,STR0012,PRD0400,SUP0427,receipt,39,8.50,DOC0793,2024-12-16 13:22:35,promo prep
MOV0794,STR0503,PRD0465,,sale,-36,5.25,ORD0399,2026-02-14 21:05:13,weekly delivery
MOV0795,STR0774,PRD0658,,transfer_in,26,3.05,DOC0795,2026-04-15 00:21:28,
MOV0796,STR0504,PRD0809,,sale,-20,2.95,ORD0347,2025-12-14 18:23:55,
MOV0797,STR0476,PRD0024,SUP0203,receipt,30,4.33,DOC0797,2026-03-07 23:07:18,
MOV0798,STR0361,PRD0419,,waste,-3,4.44,DOC0798,2024-09-24 11:40:36,end of day count
MOV0799,STR0488,PRD0311,,sale,-9,3.35,ORD0207,2024-04-29 14:50:33,weekly delivery
MOV0800,STR0423,PRD0908,,adjustment,19,1.44,DOC0800,2024-08-27 23:04:57,
MOV0801,STR0014,PRD0156,,transfer_in,26,9.11,DOC0801,2025-07-10 23:04:24,end of day count
MOV0802,STR0441,PRD0588,,transfer_in,30,6.15,DOC0802,2025-06-26 13:40:30,damaged goods
MOV0803,STR0708,PRD0083,,sale,-20,7.02,ORD0234,2025-04-05 14:00:31,promo prep
MOV0804,STR0475,PRD0278,,transfer_in,25,6.27,DOC0804,2024-09-18 21:29:20,
MOV0805,STR0724,PRD0407,,adjustment,37,7.42,DOC0805,2025-08-21 02:16:29,end of day count
MOV0806,STR0254,PRD0690,,transfer_in,36,6.40,DOC0806,2025-10-26 09:57:08,
MOV0807,STR0988,PRD0187,SUP0443,receipt,17,8.97,DOC0807,2025-07-03 10:51:16,damaged goods
MOV0808,STR0509,PRD0506,,transfer_in,31,6.79,DOC0808,2025-01-27 17:05:12,
MOV0809,STR0635,PRD0259,,waste,-2,8.07,DOC0809,2025-09-07 07:46:28,promo prep
MOV0810,STR0171,PRD0613,,waste,-6,5.55,DOC0810,2026-07-27 06:19:11,promo prep
MOV0811,STR0128,PRD0955,SUP0240,receipt,23,1.50,DOC0811,2025-08-02 22:10:47,end of day count
MOV0812,STR0994,PRD0352,,sale,-40,5.72,ORD0881,2024-08-07 00:00:11,end of day count
MOV0813,STR0569,PRD0685,SUP0158,receipt,13,5.13,DOC0813,2025-09-21 21:13:49,
MOV0814,STR0698,PRD0265,,transfer_out,-1,8.37,DOC0814,2025-02-17 22:02:09,end of day count
MOV0815,STR0481,PRD0493,,transfer_out,-15,3.18,DOC0815,2024-11-05 13:15:59,damaged goods
MOV0816,STR0598,PRD0243,,waste,-4,8.91,DOC0816,2024-08-22 20:26:31,promo prep
MOV0817,STR0475,PRD0972,,transfer_out,-25,1.60,DOC0817,2024-08-31 23:53:13,promo prep
MOV0818,STR0395,PRD0928,,sale,-7,3.69,ORD0271,2024-05-19 19:17:00,
MOV0819,STR0762,PRD0325,SUP0388,receipt,13,4.46,DOC0819,2026-07-30 02:31:27,end of day count
MOV0820,STR0997,PRD0537,,waste,-6,5.57,DOC0820,2025-04-11 00:12:59,
MOV0821,STR0017,PRD0181,SUP0628,receipt,5,7.27,DOC0821,2026-06-23 04:40:09,
MOV0822,STR0506,PRD0395,,transfer_in,15,3.88,DOC0822,2025-10-11 07:49:33,damaged goods
MOV0823,STR0180,PRD0327,,adjustment,16,4.30,DOC0823,2025-12-07 19:15:31,promo prep
MOV0824,STR0318,PRD0974,,transfer_in,27,0.93,DOC0824,2024-07-08 21:40:40,
MOV0825,STR0351,PRD0343,,transfer_out,-19,7.02,DOC0825,2026-06-26 17:42:56,promo prep
MOV0826,STR0490,PRD0780,,sale,-33,1.53,ORD0895,2025-04-16 16:45:33,
MOV0827,STR0532,PRD0004,SUP0404,receipt,5,3.17,DOC0827,2024-04-06 20:19:04,weekly delivery
MOV0828,STR0145,PRD0869,SUP0008,receipt,11,2.42,DOC0828,2025-02-15 06:07:12,
MOV0829,STR0917,PRD0683,,transfer_in,28,3.23,DOC0829,2025-10-02 22:36:31,end of day count
MOV0830,STR0388,PRD0536,,adjustment,7,6.14,DOC0830,2026-04-06 07:31:14,end of day count
MOV0831,STR0391,PRD0779,,waste,-23,2.15,DOC0831,2024-11-09 13:11:28,
MOV0832,STR0205,PRD0530,,transfer_in,15,2.86,DOC0832,2024-11-13 08:08:17,
MOV0833,STR0825,PRD0047,,transfer_in,20,8.59,DOC0833,2025-11-11 15:27:03,end of day count
MOV0834,STR0198,PRD0026,SUP0719,receipt,3,5.18,DOC0834,2025-12-30 21:54:46,end of day count
MOV0835,STR0196,PRD0469,,adjustment,24,4.17,DOC0835,2025-01-18 07:01:22,
MOV0836,STR0420,PRD0592,,waste,-6,5.32,DOC0836,2025-02-23 21:43:29,weekly delivery
MOV0837,STR0169,PRD0093,,transfer_in,24,5.24,DOC0837,2026-01-15 18:25:12,damaged goods
MOV0838,STR0566,PRD0549,SUP0820,receipt,12,7.82,DOC0838,2025-12-12 03:37:35,
MOV0839,STR0629,PRD0059,,transfer_out,-13,6.41,DOC0839,2025-05-29 15:09:08,
MOV0840,STR0374,PRD0924,SUP0256,receipt,10,3.52,DOC0840,2024-01-02 18:48:30,damaged goods
MOV0841,STR0465,PRD0544,,waste,-22,3.84,DOC0841,2025-04-30 08:02:08,promo prep
MOV0842,STR0511,PRD0410,,adjustment,4,8.69,DOC0842,2024-01-17 14:51:52,weekly delivery
MOV0843,STR0363,PRD0487,,adjustment,36,8.17,DOC0843,2025-12-15 05:47:13,
MOV0844,STR0992,PRD0840,SUP0066,receipt,9,3.72,DOC0844,2026-03-17 06:59:28,
MOV0845,STR0470,PRD0576,SUP0242,receipt,13,3.74,DOC0845,2025-03-02 09:39:38,
MOV0846,STR0902,PRD0950,SUP0339,receipt,26,0.52,DOC0846,2024-11-01 01:09:15,damaged goods
MOV0847,STR0076,PRD0429,SUP0972,receipt,6,8.85,DOC0847,2024-01-15 03:29:08,damaged goods
MOV0848,STR0055,PRD0205,SUP0680,receipt,24,8.15,DOC0848,2024-10-28 13:36:56,weekly delivery
MOV0849,STR0955,PRD0771,,adjustment,9,2.80,DOC0849,2025-11-28 17:44:45,damaged goods
MOV0850,STR0047,PRD0023,,adjustment,21,3.51,DOC0850,2025-09-26 23:56:08,
MOV0851,STR0546,PRD0522,,transfer_in,13,8.16,DOC0851,2026-05-16 20:54:37,promo prep
MOV0852,STR0296,PRD0820,SUP0013,receipt,39,3.33,DOC0852,2025-08-20 18:13:10,
MOV0853,STR0558,PRD0890,,waste,-7,1.67,DOC0853,2026-07-19 14:15:53,weekly delivery
MOV0854,STR0450,PRD0270,,waste,-25,8.43,DOC0854,2024-02-15 08:28:23,promo prep
MOV0855,STR0508,PRD0369,,transfer_out,-11,4.32,DOC0855,2025-01-21 14:33:09,
MOV0856,STR0750,PRD0679,SUP0579,receipt,35,4.09,DOC0856,2024-11-03 13:06:32,damaged goods
MOV0857,STR0493,PRD0331,,transfer_in,35,6.94,DOC0857,2025-06-19 03:05:38,
MOV0858,STR0621,PRD0542,,sale,-13,4.46,ORD0336,2025-08-06 03:15:18,
MOV0859,STR0274,PRD0717,SUP0328,receipt,39,1.08,DOC0859,2025-06-23 03:28:33,
MOV0860,STR0926,PRD0478,,transfer_out,-26,7.24,DOC0860,2024-12-31 00:05:57,
MOV0861,STR0666,PRD0557,,transfer_out,-12,2.53,DOC0861,2025-12-20 09:58:01,damaged goods
MOV0862,STR0634,PRD0390,,transfer_out,-24,6.23,DOC0862,2025-10-02 22:56:42,damaged goods
MOV0863,STR0740,PRD0481,,transfer_out,-25,6.78,DOC0863,2025-12-07 01:47:43,promo prep
MOV0864,STR0477,PRD0208,,adjustment,39,8.77,DOC0864,2025-07-17 10:06:16,end of day count
MOV0865,STR0534,PRD0548,SUP0332,receipt,34,9.24,DOC0865,2025-05-16 02:27:15,promo prep
MOV0866,STR0613,PRD0705,,adjustment,27,3.69,DOC0866,2025-11-09 08:46:43,weekly delivery
MOV0867,STR0122,PRD0147,,transfer_in,14,8.70,DOC0867,2025-04-17 18:12:06,damaged goods
MOV0868,STR0566,PRD0488,,transfer_in,18,9.07,DOC0868,2026-03-21 05:19:46,
MOV0869,STR0053,PRD0128,,waste,-8,6.97,DOC0869,2024-05-24 12:07:01,damaged goods
MOV0870,STR0820,PRD0292,,sale,-25,6.68,ORD0946,2025-04-18 05:17:38,
MOV0871,STR0005,PRD0759,,sale,-10,3.03,ORD0831,2024-03-19 18:39:18,weekly delivery
MOV0872,STR0246,PRD0548,,waste,-38,9.24,DOC0872,2025-05-17 05:43:37,promo prep
MOV0873,STR0791,PRD0488,,transfer_out,-34,9.07,DOC0873,2024-02-03 15:26:01,promo prep
MOV0874,STR0229,PRD0546,,waste,-9,8.70,DOC0874,2025-08-08 01:13:32,
MOV0875,STR0998,PRD0744,,transfer_in,16,3.94,DOC0875,2026-04-17 11:12:17,
MOV0876,STR0406,PRD0453,SUP0705,receipt,28,5.88,DOC0876,2025-12-09 12:09:42,
MOV0877,STR0149,PRD0408,,waste,-1,4.88,DOC0877,2024-05-05 09:51:02,promo prep
MOV0878,STR0748,PRD0483,,adjustment,40,7.49,DOC0878,2024-09-17 22:19:29,end of day count
MOV0879,STR0101,PRD0996,SUP0662,receipt,40,2.32,DOC0879,2026-04-17 04:33:41,promo prep
MOV0880,STR0063,PRD0969,,transfer_out,-21,1.17,DOC0880,2025-11-10 13:21:27,promo prep
MOV0881,STR0807,PRD0062,,transfer_in,37,6.53,DOC0881,2025-01-04 06:39:24,promo prep
MOV0882,STR0251,PRD0186,,sale,-13,5.53,ORD0442,2026-01-31 22:24:23,promo prep
MOV0883,STR0246,PRD0945,,transfer_in,22,3.28,DOC0883,2025-02-01 08:44:12,promo prep
MOV0884,STR0987,PRD0975,SUP0112,receipt,6,2.05,DOC0884,2026-05-24 14:38:28,promo prep
MOV0885,STR0220,PRD0489,SUP0825,receipt,5,4.35,DOC0885,2024-05-19 18:54:12,
MOV0886,STR0865,PRD0024,,adjustment,10,4.33,DOC0886,2025-12-22 10:01:34,
MOV0887,STR0117,PRD0183,,transfer_in,16,3.48,DOC0887,2024-04-14 19:03:21,end of day count
MOV0888,STR0685,PRD0303,,adjustment,7,8.23,DOC0888,2026-07-12 06:55:51,
MOV0889,STR0583,PRD0561,,sale,-29,3.42,ORD0249,2024-12-14 04:42:15,weekly delivery
MOV0890,STR0842,PRD0929,SUP0978,receipt,39,1.54,DOC0890,2025-06-05 11:55:30,damaged goods
MOV0891,STR0251,PRD0405,,waste,-19,6.20,DOC0891,2025-11-09 11:35:32,damaged goods
MOV0892,STR0256,PRD0190,,sale,-25,4.54,ORD0800,2025-10-29 08:24:30,
MOV0893,STR0156,PRD0264,,transfer_out,-38,8.89,DOC0893,2025-10-22 01:16:41,end of day count
MOV0894,STR0229,PRD0840,,transfer_out,-2,3.72,DOC0894,2025-11-27 22:33:07,weekly delivery
MOV0895,STR0678,PRD0135,,transfer_in,28,9.34,DOC0895,2024-11-12 17:20:29,
MOV0896,STR0949,PRD0514,,adjustment,40,6.32,DOC0896,2024-05-11 00:38:47,
MOV0897,STR0541,PRD0152,SUP0097,receipt,1,4.94,DOC0897,2024-10-15 01:49:54,
MOV0898,STR0484,PRD0658,SUP0114,receipt,27,3.05,DOC0898,2024-02-03 11:50:21,damaged goods
MOV0899,STR0908,PRD0825,,adjustment,13,0.94,DOC0899,2024-04-21 03:12:54,weekly delivery
MOV0900,STR0470,PRD0068,,adjustment,16,4.61,DOC0900,2025-01-22 00:08:29,end of day count
MOV0901,STR0164,PRD0116,,sale,-38,7.52,ORD0223,2024-11-09 21:12:35,damaged goods
MOV0902,STR0562,PRD0094,,transfer_out,-17,4.85,DOC0902,2025-06-17 15:24:24,promo prep
MOV0903,STR0684,PRD0287,,adjustment,38,6.80,DOC0903,2025-11-17 12:29:50,weekly delivery
MOV0904,STR0084,PRD0840,,adjustment,22,3.72,DOC0904,2024-09-02 09:59:05,
MOV0905,STR0543,PRD0792,,adjustment,22,1.84,DOC0905,2026-05-21 13:25:23,damaged goods
MOV0906,STR0155,PRD0450,,waste,-2,8.90,DOC0906,2025-08-17 14:29:07,end of day count
MOV0907,STR0078,PRD0729,,sale,-10,2.67,ORD0137,2024-12-08 07:47:39,end of day count
MOV0908,STR0950,PRD0838,,adjustment,2,3.56,DOC0908,2026-06-19 08:14:34,
MOV0909,STR0244,PRD0906,SUP0119,receipt,16,2.37,DOC0909,2025-04-25 10:03:55,end of day count
MOV0910,STR0299,PRD0320,,sale,-39,8.87,ORD0011,2024-05-10 03:48:14,weekly delivery
MOV0911,STR0871,PRD0693,,sale,-15,7.37,ORD0592,2025-06-05 09:58:57,damaged goods
MOV0912,STR0860,PRD0230,,sale,-9,3.17,ORD0833,2025-10-20 08:42:23,weekly delivery
MOV0913,STR0844,PRD0041,,transfer_out,-1,3.59,DOC0913,2024-07-02 19:40:32,
MOV0914,STR0073,PRD0541,,transfer_out,-20,3.65,DOC0914,2026-04-08 17:58:08,damaged goods
MOV0915,STR0652,PRD0228,,transfer_in,20,4.69,DOC0915,2025-06-02 09:57:54,damaged goods
MOV0916,STR0828,PRD0890,SUP1000,receipt,16,1.67,DOC0916,2024-03-22 09:54:30,
MOV0917,STR0477,PRD0397,,transfer_out,-38,8.76,DOC0917,2024-04-15 21:28:55,promo prep
MOV0918,STR0901,PRD0899,,sale,-19,3.23,ORD0419,2026-05-18 14:51:05,promo prep
MOV0919,STR0391,PRD0041,,adjustment,2,3.59,DOC0919,2025-08-19 18:02:08,weekly delivery
MOV0920,STR0067,PRD0406,,sale,-8,4.92,ORD0689,2026-02-05 02:36:05,weekly delivery
MOV0921,STR0143,PRD0484,,transfer_in,32,9.24,DOC0921,2024-10-06 17:48:09,
MOV0922,STR0870,PRD0312,SUP0632,receipt,28,7.05,DOC0922,2026-04-18 07:40:01,damaged goods
MOV0923,STR0735,PRD0941,,transfer_in,32,3.73,DOC0923,2024-08-20 00:08:13,end of day count
MOV0924,STR0898,PRD0794,,waste,-13,1.31,DOC0924,2026-05-01 17:07:13,end of day count
MOV0925,STR0563,PRD0399,,transfer_out,-32,3.34,DOC0925,2024-03-27 06:25:30,end of day count
MOV0926,STR0845,PRD0214,,adjustment,20,2.67,DOC0926,2024-07-13 17:29:34,
MOV0927,STR0924,PRD0551,SUP0173,receipt,33,7.25,DOC0927,2024-11-13 14:39:27,
MOV0928,STR0944,PRD0407,,transfer_out,-33,7.42,DOC0928,2024-07-28 17:08:40,
MOV0929,STR0511,PRD0738,,transfer_out,-38,1.80,DOC0929,2025-07-31 18:30:53,
MOV0930,STR0732,PRD0993,,waste,-9,3.10,DOC0930,2024-02-15 16:43:10,weekly delivery
MOV0931,STR0416,PRD0421,,transfer_out,-2,3.68,DOC0931,2025-12-10 08:46:18,
MOV0932,STR0368,PRD0935,,sale,-26,1.60,ORD0462,2025-05-08 01:10:06,end of day count
MOV0933,STR0903,PRD0362,,sale,-40,5.76,ORD0923,2026-04-17 19:17:05,
MOV0934,STR0249,PRD0384,,adjustment,3,3.03,DOC0934,2024-10-29 12:55:25,end of day count
MOV0935,STR0010,PRD0122,SUP0873,receipt,18,7.57,DOC0935,2025-11-06 19:42:19,promo prep
MOV0936,STR0021,PRD0955,,adjustment,22,1.50,DOC0936,2024-06-18 16:08:53,
MOV0937,STR0024,PRD0964,SUP0747,receipt,37,0.75,DOC0937,2025-06-14 22:13:41,
MOV0938,STR0640,PRD0048,,transfer_out,-31,6.39,DOC0938,2024-09-20 18:57:14,end of day count
MOV0939,STR0893,PRD0278,,transfer_in,10,6.27,DOC0939,2025-11-29 21:18:39,
MOV0940,STR0925,PRD0428,,transfer_in,23,2.79,DOC0940,2024-07-21 03:21:12,
MOV0941,STR0588,PRD0370,,sale,-22,6.59,ORD0857,2025-02-12 13:56:06,
MOV0942,STR0863,PRD0379,,transfer_in,11,2.73,DOC0942,2024-12-31 08:19:31,damaged goods
MOV0943,STR0267,PRD0508,,sale,-17,4.59,ORD0815,2025-12-21 03:05:37,weekly delivery
MOV0944,STR0666,PRD0153,,waste,-35,6.58,DOC0944,2026-07-03 02:17:30,
MOV0945,STR0879,PRD0640,,transfer_out,-21,3.60,DOC0945,2026-02-03 04:39:35,weekly delivery
MOV0946,STR0334,PRD0439,SUP0778,receipt,37,3.71,DOC0946,2026-04-07 20:55:34,weekly delivery
MOV0947,STR0698,PRD0434,,waste,-25,4.76,DOC0947,2024-11-24 12:01:55,promo prep
MOV0948,STR0806,PRD0113,,transfer_in,2,5.12,DOC0948,2024-11-12 18:54:02,
MOV0949,STR0575,PRD0659,,adjustment,36,2.57,DOC0949,2026-03-05 19:56:13,damaged goods
MOV0950,STR0265,PRD0923,,adjustment,35,0.61,DOC0950,2026-06-08 09:44:42,end of day count
MOV0951,STR0849,PRD0572,,transfer_out,-20,8.17,DOC0951,2024-06-12 14:43:21,promo prep
MOV0952,STR0936,PRD0895,,transfer_in,9,2.74,DOC0952,2025-10-31 04:02:58,
MOV0953,STR0723,PRD0709,,waste,-9,3.44,DOC0953,2026-03-17 17:05:34,damaged goods
MOV0954,STR0898,PRD0141,,transfer_out,-1,2.80,DOC0954,2026-04-02 13:56:31,
MOV0955,STR0220,PRD0882,SUP0694,receipt,20,1.26,DOC0955,2024-10-26 11:59:57,promo prep
MOV0956,STR0733,PRD0894,SUP0778,receipt,10,3.62,DOC0956,2025-06-27 01:06:46,
MOV0957,STR0012,PRD0041,,adjustment,9,3.59,DOC0957,2026-06-12 17:56:31,promo prep
MOV0958,STR0530,PRD0869,,transfer_out,-2,2.42,DOC0958,2025-03-26 15:34:50,
MOV0959,STR0425,PRD0687,,transfer_out,-36,3.91,DOC0959,2024-03-11 19:56:31,damaged goods
MOV0960,STR0557,PRD0490,,sale,-21,6.60,ORD0243,2025-02-10 12:19:36,end of day count
MOV0961,STR0673,PRD0508,SUP0611,receipt,38,4.59,DOC0961,2026-06-29 04:00:05,end of day count
MOV0962,STR0677,PRD0903,,transfer_out,-22,3.66,DOC0962,2024-02-27 18:40:48,end of day count
MOV0963,STR0393,PRD0073,SUP0464,receipt,16,8.16,DOC0963,2024-07-02 07:40:41,promo prep
MOV0964,STR0963,PRD0155,SUP0376,receipt,30,4.51,DOC0964,2026-03-31 00:52:56,damaged goods
MOV0965,STR0740,PRD0679,,transfer_out,-34,4.09,DOC0965,2024-05-14 12:44:14,end of day count
MOV0966,STR0189,PRD0662,,transfer_in,28,4.57,DOC0966,2025-09-17 17:25:22,damaged goods
MOV0967,STR0488,PRD0521,,waste,-9,3.41,DOC0967,2024-09-06 04:58:44,
MOV0968,STR0943,PRD0899,,sale,-34,3.23,ORD0947,2025-03-22 15:34:16,weekly delivery
MOV0969,STR0320,PRD0997,,transfer_in,5,1.37,DOC0969,2024-05-21 22:56:08,end of day count
MOV0970,STR0748,PRD0582,,waste,-20,4.51,DOC0970,2026-07-11 22:07:16,promo prep
MOV0971,STR0946,PRD0377,,adjustment,30,8.86,DOC0971,2024-04-14 22:07:41,promo prep
MOV0972,STR0844,PRD0985,SUP0976,receipt,29,0.85,DOC0972,2024-01-17 13:49:42,weekly delivery
MOV0973,STR0971,PRD0631,,waste,-20,9.02,DOC0973,2024-04-20 18:58:59,weekly delivery
MOV0974,STR0198,PRD0955,,transfer_in,8,1.50,DOC0974,2025-02-04 14:45:54,weekly delivery
MOV0975,STR0074,PRD0876,,adjustment,35,3.93,DOC0975,2024-12-05 15:49:49,
MOV0976,STR0849,PRD0937,,sale,-10,1.04,ORD0097,2026-03-29 11:22:35,
MOV0977,STR0387,PRD0717,,transfer_in,3,1.08,DOC0977,2025-04-14 01:10:22,damaged goods
MOV0978,STR0937,PRD0107,,waste,-26,9.21,DOC0978,2024-06-17 18:37:23,
MOV0979,STR0947,PRD0060,,transfer_in,9,8.25,DOC0979,2025-11-02 04:10:09,
MOV0980,STR0963,PRD0478,,transfer_in,33,7.24,DOC0980,2025-06-30 15:20:21,
MOV0981,STR0899,PRD0432,,waste,-4,6.70,DOC0981,2025-10-22 06:46:55,weekly delivery
MOV0982,STR0900,PRD0035,SUP0417,receipt,22,5.38,DOC0982,2026-05-06 14:50:11,promo prep
MOV0983,STR0732,PRD0995,,waste,-19,3.08,DOC0983,2025-06-23 11:11:32,
MOV0984,STR0822,PRD0741,,sale,-33,0.75,ORD0898,2024-09-23 11:56:34,end of day count
MOV0985,STR0144,PRD0801,,transfer_out,-17,3.93,DOC0985,2024-09-05 15:43:07,damaged goods
MOV0986,STR0558,PRD0636,SUP0601,receipt,8,6.63,DOC0986,2025-10-19 00:37:29,end of day count
MOV0987,STR0781,PRD0827,,waste,-39,3.64,DOC0987,2026-01-09 07:19:23,
MOV0988,STR0277,PRD0687,,transfer_out,-16,3.91,DOC0988,2024-08-28 23:06:53,weekly delivery
MOV0989,STR0616,PRD0816,,waste,-32,3.54,DOC0989,2025-04-11 10:49:58,promo prep
MOV0990,STR0375,PRD0565,,transfer_out,-7,6.24,DOC0990,2024-12-06 09:51:42,
MOV0991,STR0512,PRD0938,,waste,-38,1.89,DOC0991,2026-06-18 03:51:02,
MOV0992,STR0262,PRD0229,,waste,-36,3.81,DOC0992,2024-10-17 20:58:13,
MOV0993,STR0546,PRD0562,SUP0739,receipt,33,5.63,DOC0993,2026-01-29 12:12:40,
MOV0994,STR0606,PRD0407,,waste,-25,7.42,DOC0994,2025-11-13 11:40:04,weekly delivery
MOV0995,STR0576,PRD0443,,transfer_out,-9,7.73,DOC0995,2026-07-27 08:58:08,promo prep
MOV0996,STR0187,PRD0837,,waste,-30,3.35,DOC0996,2025-09-23 20:06:10,damaged goods
MOV0997,STR0484,PRD0033,,sale,-22,3.35,ORD0481,2026-06-05 15:41:04,end of day count
MOV0998,STR0863,PRD0366,,adjustment,5,5.00,DOC0998,2024-10-22 02:28:08,
MOV0999,STR0764,PRD0332,,waste,-27,4.24,DOC0999,2024-10-18 19:19:36,end of day count
MOV1000,STR0672,PRD0511,,transfer_in,10,2.97,DOC1000,2024-06-10 18:54:51,
