grade_id,grade_code,grade_name,grade_level,step,job_family,min_salary,mid_salary,max_salary,currency,is_executive,effective_from
GRD0001,G01,Grade 1 Step 1,1,1,Finance & Accounting,51990.48,57349.28,68697.73,USD,false,2014-01-31
GRD0002,G02,Grade 2 Step 1,2,1,IT Operations,58224.57,71871.24,92658.70,USD,false,2014-03-02
GRD0003,G03,Grade 3 Step 1,3,1,Sales,69133.66,84067.16,101946.25,USD,false,2014-04-01
GRD0004,G04,Grade 4 Step 1,4,1,Data Science,83386.90,94707.86,122752.04,USD,false,2014-05-01
GRD0005,G05,Grade 5 Step 1,5,1,Sales,95094.87,111547.68,134939.81,USD,false,2014-05-31
GRD0006,G06,Grade 6 Step 1,6,1,Legal,104964.04,127486.16,151339.27,USD,false,2014-06-30
GRD0007,G07,Grade 7 Step 1,7,1,Product Management,115577.30,134970.36,168484.71,USD,false,2014-07-30
GRD0008,G08,Grade 8 Step 1,8,1,Marketing,128405.91,151905.82,184888.85,USD,false,2014-08-29
GRD0009,G09,Grade 9 Step 1,9,1,Legal,140108.48,162994.54,205255.55,USD,false,2014-09-28
GRD0010,G10,Grade 10 Step 1,10,1,Data Science,150912.52,177921.17,221344.08,USD,true,2014-10-28
GRD0011,G11,Grade 11 Step 1,11,1,IT Operations,161351.58,189042.62,238644.23,USD,true,2014-11-27
GRD0012,G12,Grade 12 Step 1,12,1,Customer Support,172205.68,201814.14,251675.49,USD,true,2014-12-27
GRD0013,G01,Grade 1 Step 2,1,2,Sales,46911.33,56696.72,72551.62,USD,false,2014-01-31
GRD0014,G02,Grade 2 Step 2,2,2,Finance & Accounting,61950.69,69836.77,93266.51,USD,false,2014-03-02
GRD0015,G03,Grade 3 Step 2,3,2,Data Science,71916.24,82213.24,104293.99,USD,false,2014-04-01
GRD0016,G04,Grade 4 Step 2,4,2,Customer Support,82628.26,100937.93,118544.48,USD,false,2014-05-01
GRD0017,G05,Grade 5 Step 2,5,2,IT Operations,94757.05,113565.80,137112.33,USD,false,2014-05-31
GRD0018,G06,Grade 6 Step 2,6,2,Finance & Accounting,106123.48,124751.28,154872.28,USD,false,2014-06-30
GRD0019,G07,Grade 7 Step 2,7,2,Data Science,119419.30,137246.28,173197.06,USD,false,2014-07-30
GRD0020,G08,Grade 8 Step 2,8,2,Software Engineering,129408.25,149336.29,188984.79,USD,false,2014-08-29
GRD0021,G09,Grade 9 Step 2,9,2,Customer Support,138030.40,163086.96,206298.38,USD,false,2014-09-28
GRD0022,G10,Grade 10 Step 2,10,2,Software Engineering,153119.41,176102.70,222331.67,USD,true,2014-10-28
GRD0023,G11,Grade 11 Step 2,11,2,Customer Support,159189.52,192175.81,234709.31,USD,true,2014-11-27
GRD0024,G12,Grade 12 Step 2,12,2,Sales,172418.67,206426.03,254407.38,USD,true,2014-12-27
GRD0025,G01,Grade 1 Step 3,1,3,Product Management,49065.73,58416.14,75900.44,USD,false,2014-01-31
GRD0026,G02,Grade 2 Step 3,2,3,People Operations,62739.77,69771.11,88394.44,USD,false,2014-03-02
GRD0027,G03,Grade 3 Step 3,3,3,Finance & Accounting,72917.92,83700.04,103333.99,USD,false,2014-04-01
GRD0028,G04,Grade 4 Step 3,4,3,Data Science,81188.51,95900.50,119887.53,USD,false,2014-05-01
GRD0029,G05,Grade 5 Step 3,5,3,Customer Support,96270.62,108783.17,136837.90,USD,false,2014-05-31
GRD0030,G06,Grade 6 Step 3,6,3,Product Management,105094.62,123297.85,155822.19,USD,false,2014-06-30
GRD0031,G07,Grade 7 Step 3,7,3,Product Management,117928.50,137531.89,172795.49,USD,false,2014-07-30
GRD0032,G08,Grade 8 Step 3,8,3,Software Engineering,127798.21,153209.76,192210.01,USD,false,2014-08-29
GRD0033,G09,Grade 9 Step 3,9,3,IT Operations,138662.55,163177.95,201424.26,USD,false,2014-09-28
GRD0034,G10,Grade 10 Step 3,10,3,People Operations,147967.58,174114.70,218863.09,USD,true,2014-10-28
GRD0035,G11,Grade 11 Step 3,11,3,Product Management,159488.48,191020.02,234476.78,USD,true,2014-11-27
GRD0036,G12,Grade 12 Step 3,12,3,Legal,170972.17,200800.10,253261.14,USD,true,2014-12-27
GRD0037,G01,Grade 1 Step 4,1,4,Software Engineering,46843.65,56059.87,71526.23,USD,false,2014-01-31
GRD0038,G02,Grade 2 Step 4,2,4,Marketing,63276.32,72005.73,88902.06,USD,false,2014-03-02
GRD0039,G03,Grade 3 Step 4,3,4,Data Science,73892.76,87927.41,105362.91,USD,false,2014-04-01
GRD0040,G04,Grade 4 Step 4,4,4,Customer Support,81984.01,95294.41,124340.94,USD,false,2014-05-01
GRD0041,G05,Grade 5 Step 4,5,4,Marketing,94203.37,112300.19,138859.64,USD,false,2014-05-31
GRD0042,G06,Grade 6 Step 4,6,4,Sales,108215.03,124394.98,152201.95,USD,false,2014-06-30
GRD0043,G07,Grade 7 Step 4,7,4,IT Operations,119240.22,139206.19,170039.78,USD,false,2014-07-30
GRD0044,G08,Grade 8 Step 4,8,4,Data Science,129203.20,149001.69,187162.79,USD,false,2014-08-29
GRD0045,G09,Grade 9 Step 4,9,4,Product Management,138447.40,161962.27,205202.26,USD,false,2014-09-28
GRD0046,G10,Grade 10 Step 4,10,4,IT Operations,149535.99,175188.99,224061.79,USD,true,2014-10-28
GRD0047,G11,Grade 11 Step 4,11,4,Sales,163571.40,192521.50,239975.15,USD,true,2014-11-27
GRD0048,G12,Grade 12 Step 4,12,4,Sales,171257.52,203500.19,256429.91,USD,true,2014-12-27
GRD0049,G01,Grade 1 Step 5,1,5,Software Engineering,51065.27,57883.46,69951.44,USD,false,2014-01-31
GRD0050,G02,Grade 2 Step 5,2,5,Legal,63282.46,70935.87,92894.31,USD,false,2014-03-02
GRD0051,G03,Grade 3 Step 5,3,5,Finance & Accounting,74514.82,83590.99,103245.24,USD,false,2014-04-01
GRD0052,G04,Grade 4 Step 5,4,5,Sales,82912.02,96630.39,122037.89,USD,false,2014-05-01
GRD0053,G05,Grade 5 Step 5,5,5,Legal,96325.41,110833.37,140038.19,USD,false,2014-05-31
GRD0054,G06,Grade 6 Step 5,6,5,Data Science,107532.72,121577.34,154288.62,USD,false,2014-06-30
GRD0055,G07,Grade 7 Step 5,7,5,Sales,116682.42,135206.80,174275.04,USD,false,2014-07-30
GRD0056,G08,Grade 8 Step 5,8,5,Finance & Accounting,125628.78,153728.54,190225.74,USD,false,2014-08-29
GRD0057,G09,Grade 9 Step 5,9,5,Customer Support,138715.38,166957.90,206782.64,USD,false,2014-09-28
GRD0058,G10,Grade 10 Step 5,10,5,Product Management,153427.11,173840.09,222158.25,USD,true,2014-10-28
GRD0059,G11,Grade 11 Step 5,11,5,Customer Support,163573.88,187883.60,240722.40,USD,true,2014-11-27
GRD0060,G12,Grade 12 Step 5,12,5,Customer Support,173939.88,202517.81,254857.19,USD,true,2014-12-27
GRD0061,G01,Grade 1 Step 6,1,6,Product Management,46556.74,60140.56,74546.19,USD,false,2014-01-31
GRD0062,G02,Grade 2 Step 6,2,6,Data Science,60760.90,74292.01,88554.11,USD,false,2014-03-02
GRD0063,G03,Grade 3 Step 6,3,6,Sales,73759.15,82531.19,103515.83,USD,false,2014-04-01
GRD0064,G04,Grade 4 Step 6,4,6,Marketing,83094.32,99569.39,120686.66,USD,false,2014-05-01
GRD0065,G05,Grade 5 Step 6,5,6,IT Operations,93853.76,108429.41,142255.15,USD,false,2014-05-31
GRD0066,G06,Grade 6 Step 6,6,6,Finance & Accounting,107902.54,125321.08,157967.28,USD,false,2014-06-30
GRD0067,G07,Grade 7 Step 6,7,6,IT Operations,116345.74,140307.28,171795.48,USD,false,2014-07-30
GRD0068,G08,Grade 8 Step 6,8,6,IT Operations,126010.52,150722.77,191527.95,USD,false,2014-08-29
GRD0069,G09,Grade 9 Step 6,9,6,Product Management,139930.43,165779.67,201823.30,USD,false,2014-09-28
GRD0070,G10,Grade 10 Step 6,10,6,Product Management,150379.54,178653.83,221862.10,USD,true,2014-10-28
GRD0071,G11,Grade 11 Step 6,11,6,Finance & Accounting,162845.63,190537.01,237755.20,USD,true,2014-11-27
GRD0072,G12,Grade 12 Step 6,12,6,Data Science,175265.13,200492.08,251775.01,USD,true,2014-12-27
GRD0073,G01,Grade 1 Step 7,1,7,Software Engineering,50960.56,58128.23,73126.16,USD,false,2014-01-31
GRD0074,G02,Grade 2 Step 7,2,7,Data Science,60272.15,72076.44,89172.90,USD,false,2014-03-02
GRD0075,G03,Grade 3 Step 7,3,7,IT Operations,70083.25,82987.58,105726.60,USD,false,2014-04-01
GRD0076,G04,Grade 4 Step 7,4,7,Customer Support,83132.97,96008.83,122387.69,USD,false,2014-05-01
GRD0077,G05,Grade 5 Step 7,5,7,Marketing,96808.38,113685.01,136153.58,USD,false,2014-05-31
GRD0078,G06,Grade 6 Step 7,6,7,Customer Support,103441.80,121589.19,154750.76,USD,false,2014-06-30
GRD0079,G07,Grade 7 Step 7,7,7,Data Science,117815.07,136930.54,169303.20,USD,false,2014-07-30
GRD0080,G08,Grade 8 Step 7,8,7,Marketing,129717.79,153389.48,185332.10,USD,false,2014-08-29
GRD0081,G09,Grade 9 Step 7,9,7,Finance & Accounting,137199.83,166516.55,208876.33,USD,false,2014-09-28
GRD0082,G10,Grade 10 Step 7,10,7,Sales,151981.79,174299.47,224695.05,USD,true,2014-10-28
GRD0083,G11,Grade 11 Step 7,11,7,Product Management,164649.34,192618.87,234986.40,USD,true,2014-11-27
GRD0084,G12,Grade 12 Step 7,12,7,People Operations,175915.23,202886.29,253758.51,USD,true,2014-12-27
GRD0085,G01,Grade 1 Step 8,1,8,Finance & Accounting,48299.41,59607.84,68449.29,USD,false,2014-01-31
GRD0086,G02,Grade 2 Step 8,2,8,IT Operations,60362.61,72701.74,88127.47,USD,false,2014-03-02
GRD0087,G03,Grade 3 Step 8,3,8,IT Operations,72573.09,84609.61,101898.26,USD,false,2014-04-01
GRD0088,G04,Grade 4 Step 8,4,8,Sales,85853.99,95022.98,120165.49,USD,false,2014-05-01
GRD0089,G05,Grade 5 Step 8,5,8,Software Engineering,96709.35,108777.70,140924.83,USD,false,2014-05-31
GRD0090,G06,Grade 6 Step 8,6,8,People Operations,107620.34,125414.22,159096.76,USD,false,2014-06-30
GRD0091,G07,Grade 7 Step 8,7,8,People Operations,114754.79,140317.28,172390.12,USD,false,2014-07-30
GRD0092,G08,Grade 8 Step 8,8,8,Finance & Accounting,125644.70,147596.93,189935.77,USD,false,2014-08-29
GRD0093,G09,Grade 9 Step 8,9,8,People Operations,141612.10,162280.57,200676.43,USD,false,2014-09-28
GRD0094,G10,Grade 10 Step 8,10,8,Data Science,152304.05,174227.82,224447.48,USD,true,2014-10-28
GRD0095,G11,Grade 11 Step 8,11,8,Data Science,160394.75,187714.58,233693.34,USD,true,2014-11-27
GRD0096,G12,Grade 12 Step 8,12,8,IT Operations,172535.17,206416.44,255487.19,USD,true,2014-12-27
GRD0097,G01,Grade 1 Step 9,1,9,Software Engineering,49521.60,56270.21,69225.27,USD,false,2014-01-31
GRD0098,G02,Grade 2 Step 9,2,9,Product Management,59208.52,69099.91,92853.12,USD,false,2014-03-02
GRD0099,G03,Grade 3 Step 9,3,9,Marketing,72028.57,82495.51,105187.80,USD,false,2014-04-01
GRD0100,G04,Grade 4 Step 9,4,9,Product Management,81741.61,99845.38,126452.55,USD,false,2014-05-01
GRD0101,G05,Grade 5 Step 9,5,9,Software Engineering,91486.26,112583.25,139159.05,USD,false,2014-05-31
GRD0102,G06,Grade 6 Step 9,6,9,Sales,105653.49,122445.19,154793.35,USD,false,2014-06-30
GRD0103,G07,Grade 7 Step 9,7,9,People Operations,117729.18,137741.75,175134.01,USD,false,2014-07-30
GRD0104,G08,Grade 8 Step 9,8,9,IT Operations,126925.15,148684.75,185980.01,USD,false,2014-08-29
GRD0105,G09,Grade 9 Step 9,9,9,Sales,141242.61,165301.41,206016.55,USD,false,2014-09-28
GRD0106,G10,Grade 10 Step 9,10,9,People Operations,153405.55,180424.99,224281.52,USD,true,2014-10-28
GRD0107,G11,Grade 11 Step 9,11,9,Software Engineering,159258.54,191987.14,235798.25,USD,true,2014-11-27
GRD0108,G12,Grade 12 Step 9,12,9,Product Management,170409.93,204690.07,253410.10,USD,true,2014-12-27
GRD0109,G01,Grade 1 Step 10,1,10,IT Operations,50363.99,56570.34,70370.34,USD,false,2014-01-31
GRD0110,G02,Grade 2 Step 10,2,10,Marketing,57937.82,69128.93,87132.94,USD,false,2014-03-02
GRD0111,G03,Grade 3 Step 10,3,10,Software Engineering,70457.67,87711.33,109732.62,USD,false,2014-04-01
GRD0112,G04,Grade 4 Step 10,4,10,IT Operations,82052.52,94537.68,125485.60,USD,false,2014-05-01
GRD0113,G05,Grade 5 Step 10,5,10,Sales,93487.62,107532.38,137697.77,USD,false,2014-05-31
GRD0114,G06,Grade 6 Step 10,6,10,Customer Support,104273.42,125276.52,153078.05,USD,false,2014-06-30
GRD0115,G07,Grade 7 Step 10,7,10,Software Engineering,114411.60,139612.61,168709.59,USD,false,2014-07-30
GRD0116,G08,Grade 8 Step 10,8,10,Legal,125364.38,147355.21,186624.11,USD,false,2014-08-29
GRD0117,G09,Grade 9 Step 10,9,10,Sales,136856.74,167032.70,207890.51,USD,false,2014-09-28
GRD0118,G10,Grade 10 Step 10,10,10,Product Management,151458.99,178590.35,224644.66,USD,true,2014-10-28
GRD0119,G11,Grade 11 Step 10,11,10,People Operations,163326.44,191847.67,237856.15,USD,true,2014-11-27
GRD0120,G12,Grade 12 Step 10,12,10,Marketing,174332.17,204538.21,250502.68,USD,true,2014-12-27
GRD0121,G01,Grade 1 Step 1,1,1,IT Operations,50110.55,59688.58,75286.64,USD,false,2014-01-31
GRD0122,G02,Grade 2 Step 1,2,1,Product Management,63008.99,73044.78,89715.64,USD,false,2014-03-02
GRD0123,G03,Grade 3 Step 1,3,1,Software Engineering,73760.64,85105.02,109044.41,USD,false,2014-04-01
GRD0124,G04,Grade 4 Step 1,4,1,Sales,80654.06,94588.85,123370.16,USD,false,2014-05-01
GRD0125,G05,Grade 5 Step 1,5,1,Data Science,93605.12,110639.56,134844.23,USD,false,2014-05-31
GRD0126,G06,Grade 6 Step 1,6,1,Software Engineering,106310.32,125446.58,155157.66,USD,false,2014-06-30
GRD0127,G07,Grade 7 Step 1,7,1,Software Engineering,116558.75,134458.77,175511.60,USD,false,2014-07-30
GRD0128,G08,Grade 8 Step 1,8,1,IT Operations,125659.24,150829.33,190431.90,USD,false,2014-08-29
GRD0129,G09,Grade 9 Step 1,9,1,Customer Support,137840.37,160938.70,202821.69,USD,false,2014-09-28
GRD0130,G10,Grade 10 Step 1,10,1,Sales,148955.77,178134.53,221032.94,USD,true,2014-10-28
GRD0131,G11,Grade 11 Step 1,11,1,People Operations,159293.83,193157.22,236071.88,USD,true,2014-11-27
GRD0132,G12,Grade 12 Step 1,12,1,Software Engineering,173703.55,204535.06,250793.20,USD,true,2014-12-27
GRD0133,G01,Grade 1 Step 2,1,2,Product Management,48377.10,59120.59,74257.40,USD,false,2014-01-31
GRD0134,G02,Grade 2 Step 2,2,2,Legal,61002.43,67936.04,85335.70,USD,false,2014-03-02
GRD0135,G03,Grade 3 Step 2,3,2,Marketing,74617.51,81761.68,103221.35,USD,false,2014-04-01
GRD0136,G04,Grade 4 Step 2,4,2,Customer Support,81860.87,97864.10,121882.71,USD,false,2014-05-01
GRD0137,G05,Grade 5 Step 2,5,2,Customer Support,95895.70,114378.77,139142.04,USD,false,2014-05-31
GRD0138,G06,Grade 6 Step 2,6,2,Marketing,108374.21,127210.15,151088.48,USD,false,2014-06-30
GRD0139,G07,Grade 7 Step 2,7,2,Customer Support,114327.21,137470.67,176047.25,USD,false,2014-07-30
GRD0140,G08,Grade 8 Step 2,8,2,Marketing,127388.86,153524.23,192025.88,USD,false,2014-08-29
GRD0141,G09,Grade 9 Step 2,9,2,Data Science,139771.59,161403.01,205051.31,USD,false,2014-09-28
GRD0142,G10,Grade 10 Step 2,10,2,Finance & Accounting,148380.23,179309.50,221450.42,USD,true,2014-10-28
GRD0143,G11,Grade 11 Step 2,11,2,Data Science,162968.83,188471.55,241336.46,USD,true,2014-11-27
GRD0144,G12,Grade 12 Step 2,12,2,Customer Support,172396.29,201197.55,258318.40,USD,true,2014-12-27
GRD0145,G01,Grade 1 Step 3,1,3,Customer Support,48809.03,59642.56,71870.81,USD,false,2014-01-31
GRD0146,G02,Grade 2 Step 3,2,3,People Operations,59526.30,73647.59,84827.53,USD,false,2014-03-02
GRD0147,G03,Grade 3 Step 3,3,3,Finance & Accounting,73835.13,81903.29,109333.94,USD,false,2014-04-01
GRD0148,G04,Grade 4 Step 3,4,3,Software Engineering,85442.69,96299.85,121085.41,USD,false,2014-05-01
GRD0149,G05,Grade 5 Step 3,5,3,People Operations,93684.54,113527.81,135065.20,USD,false,2014-05-31
GRD0150,G06,Grade 6 Step 3,6,3,People Operations,107069.43,126644.36,153358.00,USD,false,2014-06-30
GRD0151,G07,Grade 7 Step 3,7,3,Software Engineering,118774.12,135945.80,175538.21,USD,false,2014-07-30
GRD0152,G08,Grade 8 Step 3,8,3,Sales,130815.14,150210.06,186722.06,USD,false,2014-08-29
GRD0153,G09,Grade 9 Step 3,9,3,Finance & Accounting,140966.11,163376.46,200781.47,USD,false,2014-09-28
GRD0154,G10,Grade 10 Step 3,10,3,People Operations,152959.73,180140.83,221799.59,USD,true,2014-10-28
GRD0155,G11,Grade 11 Step 3,11,3,Data Science,159133.92,191928.23,237482.42,USD,true,2014-11-27
GRD0156,G12,Grade 12 Step 3,12,3,Product Management,173864.94,202074.84,250547.42,USD,true,2014-12-27
GRD0157,G01,Grade 1 Step 4,1,4,IT Operations,47177.93,57883.07,71245.34,USD,false,2014-01-31
GRD0158,G02,Grade 2 Step 4,2,4,Marketing,59172.44,72947.34,90443.05,USD,false,2014-03-02
GRD0159,G03,Grade 3 Step 4,3,4,People Operations,72761.16,83150.77,106150.65,USD,false,2014-04-01
GRD0160,G04,Grade 4 Step 4,4,4,People Operations,80857.29,98738.11,118523.35,USD,false,2014-05-01
GRD0161,G05,Grade 5 Step 4,5,4,IT Operations,96709.70,110954.82,136303.96,USD,false,2014-05-31
GRD0162,G06,Grade 6 Step 4,6,4,Finance & Accounting,108481.83,123854.73,152141.51,USD,false,2014-06-30
GRD0163,G07,Grade 7 Step 4,7,4,Sales,115310.31,135180.40,172263.16,USD,false,2014-07-30
GRD0164,G08,Grade 8 Step 4,8,4,Finance & Accounting,126522.47,148982.67,188912.95,USD,false,2014-08-29
GRD0165,G09,Grade 9 Step 4,9,4,Software Engineering,140757.99,163273.19,204101.00,USD,false,2014-09-28
GRD0166,G10,Grade 10 Step 4,10,4,IT Operations,148834.18,175514.65,223549.46,USD,true,2014-10-28
GRD0167,G11,Grade 11 Step 4,11,4,Customer Support,160471.38,193552.03,234679.41,USD,true,2014-11-27
GRD0168,G12,Grade 12 Step 4,12,4,IT Operations,173188.91,205553.15,257444.45,USD,true,2014-12-27
GRD0169,G01,Grade 1 Step 5,1,5,Data Science,48020.78,56339.33,71729.15,USD,false,2014-01-31
GRD0170,G02,Grade 2 Step 5,2,5,Customer Support,60205.22,70002.91,91836.18,USD,false,2014-03-02
GRD0171,G03,Grade 3 Step 5,3,5,Software Engineering,69660.05,84008.88,107930.59,USD,false,2014-04-01
GRD0172,G04,Grade 4 Step 5,4,5,Customer Support,85833.97,97679.79,118505.81,USD,false,2014-05-01
GRD0173,G05,Grade 5 Step 5,5,5,IT Operations,96413.54,114233.46,136549.26,USD,false,2014-05-31
GRD0174,G06,Grade 6 Step 5,6,5,Data Science,103950.09,121799.27,159320.02,USD,false,2014-06-30
GRD0175,G07,Grade 7 Step 5,7,5,Data Science,119400.59,138954.97,173052.12,USD,false,2014-07-30
GRD0176,G08,Grade 8 Step 5,8,5,Customer Support,125618.54,152560.35,184011.79,USD,false,2014-08-29
GRD0177,G09,Grade 9 Step 5,9,5,Product Management,137725.31,166772.45,206098.74,USD,false,2014-09-28
GRD0178,G10,Grade 10 Step 5,10,5,Marketing,153247.18,177972.66,221618.69,USD,true,2014-10-28
GRD0179,G11,Grade 11 Step 5,11,5,People Operations,162940.94,187648.72,234200.54,USD,true,2014-11-27
GRD0180,G12,Grade 12 Step 5,12,5,IT Operations,175618.87,201422.74,252375.10,USD,true,2014-12-27
GRD0181,G01,Grade 1 Step 6,1,6,Legal,46438.01,58333.59,76874.98,USD,false,2014-01-31
GRD0182,G02,Grade 2 Step 6,2,6,Marketing,63296.69,72297.57,92435.05,USD,false,2014-03-02
GRD0183,G03,Grade 3 Step 6,3,6,Customer Support,72000.37,84849.32,101596.30,USD,false,2014-04-01
GRD0184,G04,Grade 4 Step 6,4,6,People Operations,84287.79,96421.05,118062.91,USD,false,2014-05-01
GRD0185,G05,Grade 5 Step 6,5,6,Customer Support,96585.88,111990.46,135105.67,USD,false,2014-05-31
GRD0186,G06,Grade 6 Step 6,6,6,Sales,106551.54,127133.61,152893.53,USD,false,2014-06-30
GRD0187,G07,Grade 7 Step 6,7,6,Software Engineering,117959.75,138931.49,170593.76,USD,false,2014-07-30
GRD0188,G08,Grade 8 Step 6,8,6,People Operations,126281.74,152699.74,190374.99,USD,false,2014-08-29
GRD0189,G09,Grade 9 Step 6,9,6,IT Operations,136756.74,163845.30,202259.82,USD,false,2014-09-28
GRD0190,G10,Grade 10 Step 6,10,6,Sales,148956.19,175177.96,223621.56,USD,true,2014-10-28
GRD0191,G11,Grade 11 Step 6,11,6,Marketing,159483.09,191177.82,238855.85,USD,true,2014-11-27
GRD0192,G12,Grade 12 Step 6,12,6,Sales,172929.83,206381.73,250611.60,USD,true,2014-12-27
GRD0193,G01,Grade 1 Step 7,1,7,Legal,47289.78,57339.87,70117.94,USD,false,2014-01-31
GRD0194,G02,Grade 2 Step 7,2,7,Legal,58504.81,68207.70,85331.16,USD,false,2014-03-02
GRD0195,G03,Grade 3 Step 7,3,7,People Operations,71550.90,85988.04,104053.72,USD,false,2014-04-01
GRD0196,G04,Grade 4 Step 7,4,7,Data Science,86005.52,100728.01,120714.73,USD,false,2014-05-01
GRD0197,G05,Grade 5 Step 7,5,7,Product Management,95222.98,111146.10,138439.44,USD,false,2014-05-31
GRD0198,G06,Grade 6 Step 7,6,7,Marketing,106534.38,123362.47,154162.25,USD,false,2014-06-30
GRD0199,G07,Grade 7 Step 7,7,7,Finance & Accounting,116473.63,134726.81,168143.59,USD,false,2014-07-30
GRD0200,G08,Grade 8 Step 7,8,7,Data Science,127181.35,153793.05,185066.99,USD,false,2014-08-29
GRD0201,G09,Grade 9 Step 7,9,7,Sales,138590.71,165729.25,203193.77,USD,false,2014-09-28
GRD0202,G10,Grade 10 Step 7,10,7,People Operations,148117.22,178516.27,218750.55,USD,true,2014-10-28
GRD0203,G11,Grade 11 Step 7,11,7,IT Operations,164236.65,188206.88,236735.40,USD,true,2014-11-27
GRD0204,G12,Grade 12 Step 7,12,7,Customer Support,170262.61,202934.53,257126.99,USD,true,2014-12-27
GRD0205,G01,Grade 1 Step 8,1,8,People Operations,46669.66,54865.50,68821.00,USD,false,2014-01-31
GRD0206,G02,Grade 2 Step 8,2,8,Software Engineering,59179.90,73006.28,92562.51,USD,false,2014-03-02
GRD0207,G03,Grade 3 Step 8,3,8,Finance & Accounting,71042.59,83386.30,109569.95,USD,false,2014-04-01
GRD0208,G04,Grade 4 Step 8,4,8,Software Engineering,81692.64,99244.79,120604.68,USD,false,2014-05-01
GRD0209,G05,Grade 5 Step 8,5,8,Marketing,93140.54,112503.85,139543.02,USD,false,2014-05-31
GRD0210,G06,Grade 6 Step 8,6,8,Data Science,102779.76,122363.68,155036.00,USD,false,2014-06-30
GRD0211,G07,Grade 7 Step 8,7,8,Customer Support,119473.43,136641.95,169634.02,USD,false,2014-07-30
GRD0212,G08,Grade 8 Step 8,8,8,People Operations,129898.80,148115.68,188282.66,USD,false,2014-08-29
GRD0213,G09,Grade 9 Step 8,9,8,Software Engineering,141068.31,165520.57,207627.51,USD,false,2014-09-28
GRD0214,G10,Grade 10 Step 8,10,8,Product Management,151164.04,175911.82,219818.61,USD,true,2014-10-28
GRD0215,G11,Grade 11 Step 8,11,8,Finance & Accounting,163440.93,190985.45,238008.75,USD,true,2014-11-27
GRD0216,G12,Grade 12 Step 8,12,8,People Operations,174500.67,201806.42,250683.33,USD,true,2014-12-27
GRD0217,G01,Grade 1 Step 9,1,9,Software Engineering,49256.36,58382.85,69667.23,USD,false,2014-01-31
GRD0218,G02,Grade 2 Step 9,2,9,People Operations,62854.07,74665.98,87097.19,USD,false,2014-03-02
GRD0219,G03,Grade 3 Step 9,3,9,Data Science,70135.67,83980.32,109868.97,USD,false,2014-04-01
GRD0220,G04,Grade 4 Step 9,4,9,Customer Support,81170.77,95217.23,121850.46,USD,false,2014-05-01
GRD0221,G05,Grade 5 Step 9,5,9,Sales,95783.13,113369.21,140136.91,USD,false,2014-05-31
GRD0222,G06,Grade 6 Step 9,6,9,Data Science,107210.74,122778.07,153347.30,USD,false,2014-06-30
GRD0223,G07,Grade 7 Step 9,7,9,Marketing,116066.22,139067.67,169186.76,USD,false,2014-07-30
GRD0224,G08,Grade 8 Step 9,8,9,Sales,126209.34,148824.98,186426.67,USD,false,2014-08-29
GRD0225,G09,Grade 9 Step 9,9,9,Legal,137465.34,160872.15,202701.76,USD,false,2014-09-28
GRD0226,G10,Grade 10 Step 9,10,9,Sales,150577.96,175246.53,224035.33,USD,true,2014-10-28
GRD0227,G11,Grade 11 Step 9,11,9,Customer Support,164655.70,187581.09,237688.57,USD,true,2014-11-27
GRD0228,G12,Grade 12 Step 9,12,9,Sales,175014.86,206409.19,250473.12,USD,true,2014-12-27
GRD0229,G01,Grade 1 Step 10,1,10,Marketing,47797.17,54972.70,73460.50,USD,false,2014-01-31
GRD0230,G02,Grade 2 Step 10,2,10,Legal,58811.26,68368.30,89234.27,USD,false,2014-03-02
GRD0231,G03,Grade 3 Step 10,3,10,Product Management,71547.81,82868.64,108052.08,USD,false,2014-04-01
GRD0232,G04,Grade 4 Step 10,4,10,Software Engineering,80775.40,98413.41,123222.05,USD,false,2014-05-01
GRD0233,G05,Grade 5 Step 10,5,10,Sales,91615.92,109871.11,134787.19,USD,false,2014-05-31
GRD0234,G06,Grade 6 Step 10,6,10,Marketing,102861.76,125802.38,158820.36,USD,false,2014-06-30
GRD0235,G07,Grade 7 Step 10,7,10,Software Engineering,118681.21,136797.06,170675.60,USD,false,2014-07-30
GRD0236,G08,Grade 8 Step 10,8,10,Legal,126951.03,148603.51,190859.30,USD,false,2014-08-29
GRD0237,G09,Grade 9 Step 10,9,10,IT Operations,139197.02,163241.37,207395.40,USD,false,2014-09-28
GRD0238,G10,Grade 10 Step 10,10,10,IT Operations,148508.95,177334.58,222695.12,USD,true,2014-10-28
GRD0239,G11,Grade 11 Step 10,11,10,People Operations,162922.30,189702.54,236037.23,USD,true,2014-11-27
GRD0240,G12,Grade 12 Step 10,12,10,Marketing,172535.66,200454.39,256553.54,USD,true,2014-12-27
GRD0241,G01,Grade 1 Step 1,1,1,Finance & Accounting,48859.83,54750.67,74893.71,USD,false,2014-01-31
GRD0242,G02,Grade 2 Step 1,2,1,Finance & Accounting,61452.36,70546.04,88305.40,USD,false,2014-03-02
GRD0243,G03,Grade 3 Step 1,3,1,Software Engineering,71460.12,82155.31,102323.02,USD,false,2014-04-01
GRD0244,G04,Grade 4 Step 1,4,1,Data Science,82537.46,100391.58,121850.31,USD,false,2014-05-01
GRD0245,G05,Grade 5 Step 1,5,1,Product Management,92158.56,107881.70,135635.29,USD,false,2014-05-31
GRD0246,G06,Grade 6 Step 1,6,1,People Operations,103159.66,125043.14,154136.03,USD,false,2014-06-30
GRD0247,G07,Grade 7 Step 1,7,1,IT Operations,114885.69,136375.82,168864.40,USD,false,2014-07-30
GRD0248,G08,Grade 8 Step 1,8,1,Product Management,130548.06,147950.67,188230.65,USD,false,2014-08-29
GRD0249,G09,Grade 9 Step 1,9,1,Sales,138130.23,166202.32,200906.41,USD,false,2014-09-28
GRD0250,G10,Grade 10 Step 1,10,1,Customer Support,149447.20,177842.75,222551.17,USD,true,2014-10-28
GRD0251,G11,Grade 11 Step 1,11,1,Data Science,164147.00,191155.37,240705.54,USD,true,2014-11-27
GRD0252,G12,Grade 12 Step 1,12,1,Product Management,173840.50,206010.45,255481.59,USD,true,2014-12-27
GRD0253,G01,Grade 1 Step 2,1,2,Legal,51395.10,60346.40,69859.32,USD,false,2014-01-31
GRD0254,G02,Grade 2 Step 2,2,2,Sales,57917.15,74325.99,86162.12,USD,false,2014-03-02
GRD0255,G03,Grade 3 Step 2,3,2,Finance & Accounting,69635.48,82779.71,107595.86,USD,false,2014-04-01
GRD0256,G04,Grade 4 Step 2,4,2,Sales,80396.04,98180.17,124408.10,USD,false,2014-05-01
GRD0257,G05,Grade 5 Step 2,5,2,Software Engineering,95313.47,109762.00,137768.59,USD,false,2014-05-31
GRD0258,G06,Grade 6 Step 2,6,2,Customer Support,105863.56,125076.59,153578.60,USD,false,2014-06-30
GRD0259,G07,Grade 7 Step 2,7,2,People Operations,115686.41,135694.89,170825.70,USD,false,2014-07-30
GRD0260,G08,Grade 8 Step 2,8,2,Finance & Accounting,127740.42,150224.63,184201.61,USD,false,2014-08-29
GRD0261,G09,Grade 9 Step 2,9,2,Legal,142144.95,163635.38,204385.06,USD,false,2014-09-28
GRD0262,G10,Grade 10 Step 2,10,2,Legal,152177.06,176812.19,218611.29,USD,true,2014-10-28
GRD0263,G11,Grade 11 Step 2,11,2,Customer Support,161191.76,187338.13,236686.46,USD,true,2014-11-27
GRD0264,G12,Grade 12 Step 2,12,2,Finance & Accounting,170622.90,203149.57,254525.14,USD,true,2014-12-27
GRD0265,G01,Grade 1 Step 3,1,3,Software Engineering,46669.67,55523.87,76234.59,USD,false,2014-01-31
GRD0266,G02,Grade 2 Step 3,2,3,Finance & Accounting,62233.34,71379.22,85280.54,USD,false,2014-03-02
GRD0267,G03,Grade 3 Step 3,3,3,IT Operations,74162.15,85578.95,108107.85,USD,false,2014-04-01
GRD0268,G04,Grade 4 Step 3,4,3,Software Engineering,85181.71,101173.26,124189.23,USD,false,2014-05-01
GRD0269,G05,Grade 5 Step 3,5,3,Data Science,92532.34,114298.92,138648.62,USD,false,2014-05-31
GRD0270,G06,Grade 6 Step 3,6,3,Product Management,106661.67,125725.45,152844.71,USD,false,2014-06-30
GRD0271,G07,Grade 7 Step 3,7,3,Finance & Accounting,117459.01,135715.32,170261.86,USD,false,2014-07-30
GRD0272,G08,Grade 8 Step 3,8,3,Legal,126732.83,152827.82,185238.31,USD,false,2014-08-29
GRD0273,G09,Grade 9 Step 3,9,3,IT Operations,142017.03,163737.74,205636.29,USD,false,2014-09-28
GRD0274,G10,Grade 10 Step 3,10,3,Legal,150570.23,175851.63,217380.19,USD,true,2014-10-28
GRD0275,G11,Grade 11 Step 3,11,3,Product Management,161210.07,191267.35,235993.21,USD,true,2014-11-27
GRD0276,G12,Grade 12 Step 3,12,3,Finance & Accounting,175336.60,201264.32,256894.50,USD,true,2014-12-27
GRD0277,G01,Grade 1 Step 4,1,4,Data Science,50937.13,54960.14,75683.99,USD,false,2014-01-31
GRD0278,G02,Grade 2 Step 4,2,4,Customer Support,60928.63,71852.30,92424.36,USD,false,2014-03-02
GRD0279,G03,Grade 3 Step 4,3,4,Data Science,70391.92,84771.34,108731.92,USD,false,2014-04-01
GRD0280,G04,Grade 4 Step 4,4,4,Finance & Accounting,81707.78,101134.44,122854.74,USD,false,2014-05-01
GRD0281,G05,Grade 5 Step 4,5,4,Finance & Accounting,93336.56,108086.56,136390.41,USD,false,2014-05-31
GRD0282,G06,Grade 6 Step 4,6,4,Legal,106998.68,121083.21,158008.49,USD,false,2014-06-30
GRD0283,G07,Grade 7 Step 4,7,4,Marketing,115697.32,140640.10,174975.06,USD,false,2014-07-30
GRD0284,G08,Grade 8 Step 4,8,4,Finance & Accounting,129419.27,152355.13,185911.62,USD,false,2014-08-29
GRD0285,G09,Grade 9 Step 4,9,4,Marketing,139974.40,163407.41,204953.10,USD,false,2014-09-28
GRD0286,G10,Grade 10 Step 4,10,4,Software Engineering,148376.82,175218.09,222695.56,USD,true,2014-10-28
GRD0287,G11,Grade 11 Step 4,11,4,Software Engineering,159162.76,190788.14,236213.50,USD,true,2014-11-27
GRD0288,G12,Grade 12 Step 4,12,4,IT Operations,172179.70,201647.39,255158.48,USD,true,2014-12-27
GRD0289,G01,Grade 1 Step 5,1,5,Legal,47215.55,57152.02,75426.81,USD,false,2014-01-31
GRD0290,G02,Grade 2 Step 5,2,5,Product Management,58462.80,74312.48,86913.45,USD,false,2014-03-02
GRD0291,G03,Grade 3 Step 5,3,5,Product Management,71558.01,81514.31,102591.71,USD,false,2014-04-01
GRD0292,G04,Grade 4 Step 5,4,5,Marketing,82512.45,96123.25,117974.15,USD,false,2014-05-01
GRD0293,G05,Grade 5 Step 5,5,5,IT Operations,96631.80,111628.60,139395.58,USD,false,2014-05-31
GRD0294,G06,Grade 6 Step 5,6,5,Legal,108133.92,125811.30,153080.79,USD,false,2014-06-30
GRD0295,G07,Grade 7 Step 5,7,5,Software Engineering,114136.82,137642.54,170970.40,USD,false,2014-07-30
GRD0296,G08,Grade 8 Step 5,8,5,Sales,126053.80,153491.02,184904.91,USD,false,2014-08-29
GRD0297,G09,Grade 9 Step 5,9,5,Legal,139592.41,166917.35,201758.30,USD,false,2014-09-28
GRD0298,G10,Grade 10 Step 5,10,5,Sales,150642.08,178084.59,222648.03,USD,true,2014-10-28
GRD0299,G11,Grade 11 Step 5,11,5,People Operations,163614.23,188080.01,236262.17,USD,true,2014-11-27
GRD0300,G12,Grade 12 Step 5,12,5,Marketing,173756.28,206959.02,256372.14,USD,true,2014-12-27
GRD0301,G01,Grade 1 Step 6,1,6,Customer Support,50627.06,54668.81,75564.48,USD,false,2014-01-31
GRD0302,G02,Grade 2 Step 6,2,6,Customer Support,58144.50,72373.17,86325.25,USD,false,2014-03-02
GRD0303,G03,Grade 3 Step 6,3,6,Data Science,70447.01,85518.74,102406.92,USD,false,2014-04-01
GRD0304,G04,Grade 4 Step 6,4,6,Marketing,84329.03,96135.32,122651.43,USD,false,2014-05-01
GRD0305,G05,Grade 5 Step 6,5,6,People Operations,95418.08,113854.20,142788.81,USD,false,2014-05-31
GRD0306,G06,Grade 6 Step 6,6,6,Marketing,106402.85,127409.47,152809.09,USD,false,2014-06-30
GRD0307,G07,Grade 7 Step 6,7,6,IT Operations,113968.06,135771.54,169505.19,USD,false,2014-07-30
GRD0308,G08,Grade 8 Step 6,8,6,Sales,130660.66,152348.44,186819.26,USD,false,2014-08-29
GRD0309,G09,Grade 9 Step 6,9,6,People Operations,138288.22,162075.26,208359.02,USD,false,2014-09-28
GRD0310,G10,Grade 10 Step 6,10,6,IT Operations,150356.07,179444.01,223079.46,USD,true,2014-10-28
GRD0311,G11,Grade 11 Step 6,11,6,Software Engineering,161408.01,191874.90,238512.94,USD,true,2014-11-27
GRD0312,G12,Grade 12 Step 6,12,6,Marketing,174713.67,202801.79,255173.49,USD,true,2014-12-27
GRD0313,G01,Grade 1 Step 7,1,7,Legal,51773.03,55622.70,68513.29,USD,false,2014-01-31
GRD0314,G02,Grade 2 Step 7,2,7,Data Science,61320.35,68966.50,93242.65,USD,false,2014-03-02
GRD0315,G03,Grade 3 Step 7,3,7,Software Engineering,69094.80,82029.98,106894.33,USD,false,2014-04-01
GRD0316,G04,Grade 4 Step 7,4,7,Software Engineering,84242.95,99383.82,118442.23,USD,false,2014-05-01
GRD0317,G05,Grade 5 Step 7,5,7,Legal,95864.02,108900.25,142639.41,USD,false,2014-05-31
GRD0318,G06,Grade 6 Step 7,6,7,IT Operations,107864.86,121205.04,158422.21,USD,false,2014-06-30
GRD0319,G07,Grade 7 Step 7,7,7,People Operations,114506.99,135394.49,168434.49,USD,false,2014-07-30
GRD0320,G08,Grade 8 Step 7,8,7,Software Engineering,130687.36,153486.67,190501.14,USD,false,2014-08-29
GRD0321,G09,Grade 9 Step 7,9,7,Data Science,141200.23,164782.60,203009.78,USD,false,2014-09-28
GRD0322,G10,Grade 10 Step 7,10,7,Data Science,148380.51,179114.57,222637.01,USD,true,2014-10-28
GRD0323,G11,Grade 11 Step 7,11,7,Marketing,160715.50,189798.98,233774.17,USD,true,2014-11-27
GRD0324,G12,Grade 12 Step 7,12,7,Marketing,175540.02,200434.02,256678.73,USD,true,2014-12-27
GRD0325,G01,Grade 1 Step 8,1,8,Finance & Accounting,50942.83,58778.86,72387.46,USD,false,2014-01-31
GRD0326,G02,Grade 2 Step 8,2,8,Marketing,61298.69,68063.77,88373.94,USD,false,2014-03-02
GRD0327,G03,Grade 3 Step 8,3,8,People Operations,71955.47,81753.27,105388.38,USD,false,2014-04-01
GRD0328,G04,Grade 4 Step 8,4,8,Software Engineering,83309.67,95794.36,125311.81,USD,false,2014-05-01
GRD0329,G05,Grade 5 Step 8,5,8,Data Science,94765.93,109506.06,138167.25,USD,false,2014-05-31
GRD0330,G06,Grade 6 Step 8,6,8,IT Operations,103822.43,126009.05,159371.59,USD,false,2014-06-30
GRD0331,G07,Grade 7 Step 8,7,8,Software Engineering,115918.62,134635.25,173464.91,USD,false,2014-07-30
GRD0332,G08,Grade 8 Step 8,8,8,Product Management,130792.37,151288.63,192255.91,USD,false,2014-08-29
GRD0333,G09,Grade 9 Step 8,9,8,IT Operations,137889.52,166937.70,202978.42,USD,false,2014-09-28
GRD0334,G10,Grade 10 Step 8,10,8,Sales,153105.57,175247.54,218492.45,USD,true,2014-10-28
GRD0335,G11,Grade 11 Step 8,11,8,Data Science,161719.31,193713.70,238434.58,USD,true,2014-11-27
GRD0336,G12,Grade 12 Step 8,12,8,Data Science,173767.82,202553.76,253585.96,USD,true,2014-12-27
GRD0337,G01,Grade 1 Step 9,1,9,People Operations,51661.90,59767.02,71922.12,USD,false,2014-01-31
GRD0338,G02,Grade 2 Step 9,2,9,Software Engineering,59853.98,69941.67,88504.52,USD,false,2014-03-02
GRD0339,G03,Grade 3 Step 9,3,9,IT Operations,71853.23,83692.21,108968.06,USD,false,2014-04-01
GRD0340,G04,Grade 4 Step 9,4,9,Sales,85691.09,95175.48,122999.01,USD,false,2014-05-01
GRD0341,G05,Grade 5 Step 9,5,9,Legal,95186.80,109929.55,137223.70,USD,false,2014-05-31
GRD0342,G06,Grade 6 Step 9,6,9,Product Management,107728.31,123857.12,155713.48,USD,false,2014-06-30
GRD0343,G07,Grade 7 Step 9,7,9,Finance & Accounting,114873.16,137002.71,174139.62,USD,false,2014-07-30
GRD0344,G08,Grade 8 Step 9,8,9,Legal,126474.96,149504.97,189543.30,USD,false,2014-08-29
GRD0345,G09,Grade 9 Step 9,9,9,Sales,139338.93,162270.63,207040.84,USD,false,2014-09-28
GRD0346,G10,Grade 10 Step 9,10,9,Legal,148509.20,174726.30,219197.89,USD,true,2014-10-28
GRD0347,G11,Grade 11 Step 9,11,9,Finance & Accounting,162379.73,189280.56,235631.09,USD,true,2014-11-27
GRD0348,G12,Grade 12 Step 9,12,9,Sales,171602.21,206689.28,258706.23,USD,true,2014-12-27
GRD0349,G01,Grade 1 Step 10,1,10,Product Management,52075.64,55326.30,71595.26,USD,false,2014-01-31
GRD0350,G02,Grade 2 Step 10,2,10,Product Management,62334.52,72909.72,88563.71,USD,false,2014-03-02
GRD0351,G03,Grade 3 Step 10,3,10,Sales,69554.68,87363.68,103765.69,USD,false,2014-04-01
GRD0352,G04,Grade 4 Step 10,4,10,People Operations,82875.87,94387.06,125243.57,USD,false,2014-05-01
GRD0353,G05,Grade 5 Step 10,5,10,People Operations,95463.27,110978.36,139860.51,USD,false,2014-05-31
GRD0354,G06,Grade 6 Step 10,6,10,Customer Support,102767.22,122524.77,157304.83,USD,false,2014-06-30
GRD0355,G07,Grade 7 Step 10,7,10,Software Engineering,118224.40,140240.23,171177.75,USD,false,2014-07-30
GRD0356,G08,Grade 8 Step 10,8,10,Legal,128565.26,151665.69,191296.70,USD,false,2014-08-29
GRD0357,G09,Grade 9 Step 10,9,10,Legal,141360.83,165114.22,206064.52,USD,false,2014-09-28
GRD0358,G10,Grade 10 Step 10,10,10,Customer Support,150139.28,175442.68,223105.61,USD,true,2014-10-28
GRD0359,G11,Grade 11 Step 10,11,10,People Operations,160265.40,189635.91,239740.22,USD,true,2014-11-27
GRD0360,G12,Grade 12 Step 10,12,10,Product Management,171551.61,203022.70,254051.05,USD,true,2014-12-27
GRD0361,G01,Grade 1 Step 1,1,1,Legal,51466.57,58200.94,73983.26,USD,false,2014-01-31
GRD0362,G02,Grade 2 Step 1,2,1,Product Management,62918.71,70113.57,84904.20,USD,false,2014-03-02
GRD0363,G03,Grade 3 Step 1,3,1,Customer Support,74240.29,81809.02,103510.55,USD,false,2014-04-01
GRD0364,G04,Grade 4 Step 1,4,1,Sales,81098.34,99694.36,125987.57,USD,false,2014-05-01
GRD0365,G05,Grade 5 Step 1,5,1,IT Operations,93438.49,113370.40,138346.01,USD,false,2014-05-31
GRD0366,G06,Grade 6 Step 1,6,1,Sales,106844.44,124284.12,156451.12,USD,false,2014-06-30
GRD0367,G07,Grade 7 Step 1,7,1,Finance & Accounting,116938.45,136806.41,175645.01,USD,false,2014-07-30
GRD0368,G08,Grade 8 Step 1,8,1,Sales,130927.98,148468.24,188431.46,USD,false,2014-08-29
GRD0369,G09,Grade 9 Step 1,9,1,Data Science,140637.46,164661.62,206030.27,USD,false,2014-09-28
GRD0370,G10,Grade 10 Step 1,10,1,Marketing,149211.60,176407.82,217177.29,USD,true,2014-10-28
GRD0371,G11,Grade 11 Step 1,11,1,People Operations,164212.78,191212.10,239414.62,USD,true,2014-11-27
GRD0372,G12,Grade 12 Step 1,12,1,Legal,171640.15,201648.55,256520.19,USD,true,2014-12-27
GRD0373,G01,Grade 1 Step 2,1,2,IT Operations,52129.11,61485.19,76568.60,USD,false,2014-01-31
GRD0374,G02,Grade 2 Step 2,2,2,Customer Support,58915.96,68742.16,91510.74,USD,false,2014-03-02
GRD0375,G03,Grade 3 Step 2,3,2,Sales,71665.36,84953.17,103292.89,USD,false,2014-04-01
GRD0376,G04,Grade 4 Step 2,4,2,Product Management,82226.12,98707.70,124936.62,USD,false,2014-05-01
GRD0377,G05,Grade 5 Step 2,5,2,People Operations,94141.66,109555.96,139135.06,USD,false,2014-05-31
GRD0378,G06,Grade 6 Step 2,6,2,Product Management,107211.30,123988.87,157695.99,USD,false,2014-06-30
GRD0379,G07,Grade 7 Step 2,7,2,Sales,115447.20,136570.42,169655.61,USD,false,2014-07-30
GRD0380,G08,Grade 8 Step 2,8,2,People Operations,129101.27,150522.83,190946.89,USD,false,2014-08-29
GRD0381,G09,Grade 9 Step 2,9,2,Marketing,138460.78,164940.38,203294.01,USD,false,2014-09-28
GRD0382,G10,Grade 10 Step 2,10,2,Customer Support,150115.61,178047.38,222748.65,USD,true,2014-10-28
GRD0383,G11,Grade 11 Step 2,11,2,Finance & Accounting,159739.65,188966.86,236915.33,USD,true,2014-11-27
GRD0384,G12,Grade 12 Step 2,12,2,Data Science,174940.63,206350.06,256887.34,USD,true,2014-12-27
GRD0385,G01,Grade 1 Step 3,1,3,Product Management,49543.50,57006.54,73304.93,USD,false,2014-01-31
GRD0386,G02,Grade 2 Step 3,2,3,Software Engineering,58902.68,68346.80,87339.56,USD,false,2014-03-02
GRD0387,G03,Grade 3 Step 3,3,3,Legal,69509.12,82059.85,103358.91,USD,false,2014-04-01
GRD0388,G04,Grade 4 Step 3,4,3,Customer Support,82186.89,95353.44,125672.75,USD,false,2014-05-01
GRD0389,G05,Grade 5 Step 3,5,3,IT Operations,92381.06,113673.83,139653.41,USD,false,2014-05-31
GRD0390,G06,Grade 6 Step 3,6,3,Data Science,106558.01,126918.00,157734.64,USD,false,2014-06-30
GRD0391,G07,Grade 7 Step 3,7,3,Marketing,115036.33,138755.27,172046.86,USD,false,2014-07-30
GRD0392,G08,Grade 8 Step 3,8,3,Customer Support,129056.76,148007.17,185021.40,USD,false,2014-08-29
GRD0393,G09,Grade 9 Step 3,9,3,People Operations,137734.69,161386.43,204784.04,USD,false,2014-09-28
GRD0394,G10,Grade 10 Step 3,10,3,Software Engineering,150443.34,179897.70,223103.64,USD,true,2014-10-28
GRD0395,G11,Grade 11 Step 3,11,3,Sales,161765.55,190597.84,241036.07,USD,true,2014-11-27
GRD0396,G12,Grade 12 Step 3,12,3,Software Engineering,171025.50,202312.72,256127.01,USD,true,2014-12-27
GRD0397,G01,Grade 1 Step 4,1,4,Customer Support,50333.23,60424.90,71515.26,USD,false,2014-01-31
GRD0398,G02,Grade 2 Step 4,2,4,People Operations,63537.21,72514.03,86369.48,USD,false,2014-03-02
GRD0399,G03,Grade 3 Step 4,3,4,Finance & Accounting,72644.63,81271.85,106602.20,USD,false,2014-04-01
GRD0400,G04,Grade 4 Step 4,4,4,Finance & Accounting,84897.44,94948.43,122050.98,USD,false,2014-05-01
GRD0401,G05,Grade 5 Step 4,5,4,Product Management,91595.06,112480.47,139799.27,USD,false,2014-05-31
GRD0402,G06,Grade 6 Step 4,6,4,Finance & Accounting,103191.54,125297.26,153881.31,USD,false,2014-06-30
GRD0403,G07,Grade 7 Step 4,7,4,IT Operations,117128.70,140270.09,169919.55,USD,false,2014-07-30
GRD0404,G08,Grade 8 Step 4,8,4,Finance & Accounting,127597.31,151022.79,191130.50,USD,false,2014-08-29
GRD0405,G09,Grade 9 Step 4,9,4,Marketing,138444.37,163831.74,203409.60,USD,false,2014-09-28
GRD0406,G10,Grade 10 Step 4,10,4,Marketing,152722.44,176029.19,218817.96,USD,true,2014-10-28
GRD0407,G11,Grade 11 Step 4,11,4,Customer Support,163488.54,189158.18,236328.69,USD,true,2014-11-27
GRD0408,G12,Grade 12 Step 4,12,4,Marketing,170833.20,206811.97,250880.35,USD,true,2014-12-27
GRD0409,G01,Grade 1 Step 5,1,5,Software Engineering,48770.67,58449.63,71783.25,USD,false,2014-01-31
GRD0410,G02,Grade 2 Step 5,2,5,Legal,57963.99,69922.80,84866.06,USD,false,2014-03-02
GRD0411,G03,Grade 3 Step 5,3,5,Sales,73734.55,84352.87,107950.36,USD,false,2014-04-01
GRD0412,G04,Grade 4 Step 5,4,5,Software Engineering,84782.65,100577.77,123151.26,USD,false,2014-05-01
GRD0413,G05,Grade 5 Step 5,5,5,Legal,92258.71,112173.53,140349.95,USD,false,2014-05-31
GRD0414,G06,Grade 6 Step 5,6,5,Data Science,103883.82,125352.32,154886.71,USD,false,2014-06-30
GRD0415,G07,Grade 7 Step 5,7,5,Product Management,114473.24,135225.96,167787.69,USD,false,2014-07-30
GRD0416,G08,Grade 8 Step 5,8,5,Data Science,130481.09,151724.45,187181.50,USD,false,2014-08-29
GRD0417,G09,Grade 9 Step 5,9,5,Product Management,140974.31,164303.50,202756.52,USD,false,2014-09-28
GRD0418,G10,Grade 10 Step 5,10,5,Marketing,148686.22,173886.26,217238.39,USD,true,2014-10-28
GRD0419,G11,Grade 11 Step 5,11,5,Legal,162607.70,193318.62,234064.82,USD,true,2014-11-27
GRD0420,G12,Grade 12 Step 5,12,5,Legal,173147.43,205790.82,256798.83,USD,true,2014-12-27
GRD0421,G01,Grade 1 Step 6,1,6,People Operations,49805.51,60963.54,72132.06,USD,false,2014-01-31
GRD0422,G02,Grade 2 Step 6,2,6,Software Engineering,61660.48,71947.65,93378.21,USD,false,2014-03-02
GRD0423,G03,Grade 3 Step 6,3,6,Product Management,71702.25,83920.68,102223.88,USD,false,2014-04-01
GRD0424,G04,Grade 4 Step 6,4,6,Customer Support,81400.00,95347.17,118008.95,USD,false,2014-05-01
GRD0425,G05,Grade 5 Step 6,5,6,Software Engineering,91450.96,112143.63,142916.09,USD,false,2014-05-31
GRD0426,G06,Grade 6 Step 6,6,6,Data Science,103917.51,121587.30,155011.36,USD,false,2014-06-30
GRD0427,G07,Grade 7 Step 6,7,6,Marketing,118097.74,135646.67,173795.69,USD,false,2014-07-30
GRD0428,G08,Grade 8 Step 6,8,6,Product Management,130532.24,149724.53,190444.96,USD,false,2014-08-29
GRD0429,G09,Grade 9 Step 6,9,6,Product Management,140641.07,161006.60,205953.12,USD,false,2014-09-28
GRD0430,G10,Grade 10 Step 6,10,6,Customer Support,150303.80,180083.19,219253.69,USD,true,2014-10-28
GRD0431,G11,Grade 11 Step 6,11,6,Software Engineering,163050.19,186953.67,233720.79,USD,true,2014-11-27
GRD0432,G12,Grade 12 Step 6,12,6,Legal,170552.33,202246.33,256416.44,USD,true,2014-12-27
GRD0433,G01,Grade 1 Step 7,1,7,Product Management,52048.15,60385.92,73533.43,USD,false,2014-01-31
GRD0434,G02,Grade 2 Step 7,2,7,Finance & Accounting,59828.27,71817.25,88596.49,USD,false,2014-03-02
GRD0435,G03,Grade 3 Step 7,3,7,Product Management,69763.63,86576.79,104476.91,USD,false,2014-04-01
GRD0436,G04,Grade 4 Step 7,4,7,Product Management,83848.23,97183.96,121201.99,USD,false,2014-05-01
GRD0437,G05,Grade 5 Step 7,5,7,Customer Support,96938.22,112938.91,139295.04,USD,false,2014-05-31
GRD0438,G06,Grade 6 Step 7,6,7,Marketing,104279.16,125040.75,156551.91,USD,false,2014-06-30
GRD0439,G07,Grade 7 Step 7,7,7,Legal,115826.17,138155.18,175899.24,USD,false,2014-07-30
GRD0440,G08,Grade 8 Step 7,8,7,Product Management,128645.67,149329.32,187696.35,USD,false,2014-08-29
GRD0441,G09,Grade 9 Step 7,9,7,Sales,138570.46,165150.27,205721.62,USD,false,2014-09-28
GRD0442,G10,Grade 10 Step 7,10,7,Sales,152338.38,175604.83,217077.04,USD,true,2014-10-28
GRD0443,G11,Grade 11 Step 7,11,7,Marketing,160415.71,187960.24,241533.89,USD,true,2014-11-27
GRD0444,G12,Grade 12 Step 7,12,7,Software Engineering,171777.18,201070.62,257806.54,USD,true,2014-12-27
GRD0445,G01,Grade 1 Step 8,1,8,Legal,47293.40,61355.06,75157.61,USD,false,2014-01-31
GRD0446,G02,Grade 2 Step 8,2,8,IT Operations,61687.91,74154.87,87804.11,USD,false,2014-03-02
GRD0447,G03,Grade 3 Step 8,3,8,Data Science,72080.74,84419.86,104636.24,USD,false,2014-04-01
GRD0448,G04,Grade 4 Step 8,4,8,Sales,81970.05,94697.17,121286.15,USD,false,2014-05-01
GRD0449,G05,Grade 5 Step 8,5,8,Sales,96827.23,111571.08,134487.06,USD,false,2014-05-31
GRD0450,G06,Grade 6 Step 8,6,8,People Operations,105333.74,121355.14,157894.21,USD,false,2014-06-30
GRD0451,G07,Grade 7 Step 8,7,8,Data Science,115244.51,137974.17,175204.76,USD,false,2014-07-30
GRD0452,G08,Grade 8 Step 8,8,8,IT Operations,127002.62,150692.56,185741.12,USD,false,2014-08-29
GRD0453,G09,Grade 9 Step 8,9,8,Sales,137489.17,161671.78,206577.92,USD,false,2014-09-28
GRD0454,G10,Grade 10 Step 8,10,8,Finance & Accounting,150991.69,176126.34,223786.89,USD,true,2014-10-28
GRD0455,G11,Grade 11 Step 8,11,8,Product Management,160288.32,193241.07,237848.19,USD,true,2014-11-27
GRD0456,G12,Grade 12 Step 8,12,8,Data Science,172264.83,203297.69,250830.00,USD,true,2014-12-27
GRD0457,G01,Grade 1 Step 9,1,9,Finance & Accounting,49933.90,57004.96,72761.56,USD,false,2014-01-31
GRD0458,G02,Grade 2 Step 9,2,9,Software Engineering,58224.30,69262.04,92322.90,USD,false,2014-03-02
GRD0459,G03,Grade 3 Step 9,3,9,Legal,71765.99,84988.57,103600.03,USD,false,2014-04-01
GRD0460,G04,Grade 4 Step 9,4,9,Marketing,82653.19,100830.85,124492.53,USD,false,2014-05-01
GRD0461,G05,Grade 5 Step 9,5,9,Legal,97046.99,109277.57,134732.89,USD,false,2014-05-31
GRD0462,G06,Grade 6 Step 9,6,9,Sales,108470.91,123359.59,151174.85,USD,false,2014-06-30
GRD0463,G07,Grade 7 Step 9,7,9,Software Engineering,117147.78,139982.60,171421.43,USD,false,2014-07-30
GRD0464,G08,Grade 8 Step 9,8,9,Data Science,130181.32,151614.91,191953.59,USD,false,2014-08-29
GRD0465,G09,Grade 9 Step 9,9,9,Data Science,137869.69,164319.89,206056.71,USD,false,2014-09-28
GRD0466,G10,Grade 10 Step 9,10,9,IT Operations,149908.14,176743.57,218440.16,USD,true,2014-10-28
GRD0467,G11,Grade 11 Step 9,11,9,Sales,164660.16,188404.88,233926.95,USD,true,2014-11-27
GRD0468,G12,Grade 12 Step 9,12,9,Marketing,175604.95,200509.01,254893.20,USD,true,2014-12-27
GRD0469,G01,Grade 1 Step 10,1,10,Software Engineering,51341.53,54949.59,75063.73,USD,false,2014-01-31
GRD0470,G02,Grade 2 Step 10,2,10,Customer Support,57999.58,68849.10,91323.95,USD,false,2014-03-02
GRD0471,G03,Grade 3 Step 10,3,10,Sales,72883.71,83136.67,106445.14,USD,false,2014-04-01
GRD0472,G04,Grade 4 Step 10,4,10,Data Science,82915.81,96864.65,121239.16,USD,false,2014-05-01
GRD0473,G05,Grade 5 Step 10,5,10,Finance & Accounting,94219.15,108688.18,136462.95,USD,false,2014-05-31
GRD0474,G06,Grade 6 Step 10,6,10,Product Management,107999.86,126905.97,154973.12,USD,false,2014-06-30
GRD0475,G07,Grade 7 Step 10,7,10,Sales,118564.00,135058.00,174651.96,USD,false,2014-07-30
GRD0476,G08,Grade 8 Step 10,8,10,Data Science,130597.77,153180.59,191665.10,USD,false,2014-08-29
GRD0477,G09,Grade 9 Step 10,9,10,Product Management,140926.06,167034.88,208517.49,USD,false,2014-09-28
GRD0478,G10,Grade 10 Step 10,10,10,People Operations,152542.29,177985.76,220963.88,USD,true,2014-10-28
GRD0479,G11,Grade 11 Step 10,11,10,Finance & Accounting,160735.60,188488.78,234590.89,USD,true,2014-11-27
GRD0480,G12,Grade 12 Step 10,12,10,Finance & Accounting,170922.33,201629.39,250614.26,USD,true,2014-12-27
GRD0481,G01,Grade 1 Step 1,1,1,Customer Support,49676.79,55623.51,75791.24,USD,false,2014-01-31
GRD0482,G02,Grade 2 Step 1,2,1,Marketing,60125.61,69552.62,85031.75,USD,false,2014-03-02
GRD0483,G03,Grade 3 Step 1,3,1,Legal,73837.79,83383.11,102791.01,USD,false,2014-04-01
GRD0484,G04,Grade 4 Step 1,4,1,Customer Support,80795.68,97447.67,122036.01,USD,false,2014-05-01
GRD0485,G05,Grade 5 Step 1,5,1,Product Management,97135.87,107917.29,142125.95,USD,false,2014-05-31
GRD0486,G06,Grade 6 Step 1,6,1,Sales,105921.56,126513.45,151965.50,USD,false,2014-06-30
GRD0487,G07,Grade 7 Step 1,7,1,Sales,119571.91,136956.21,169724.39,USD,false,2014-07-30
GRD0488,G08,Grade 8 Step 1,8,1,Sales,130545.59,147873.20,186496.33,USD,false,2014-08-29
GRD0489,G09,Grade 9 Step 1,9,1,Product Management,136698.39,165437.66,203062.90,USD,false,2014-09-28
GRD0490,G10,Grade 10 Step 1,10,1,Software Engineering,150195.48,177153.77,221468.01,USD,true,2014-10-28
GRD0491,G11,Grade 11 Step 1,11,1,Customer Support,158855.03,192617.49,238135.56,USD,true,2014-11-27
GRD0492,G12,Grade 12 Step 1,12,1,Product Management,172196.98,200379.78,253652.11,USD,true,2014-12-27
GRD0493,G01,Grade 1 Step 2,1,2,Marketing,49782.15,55577.71,69834.88,USD,false,2014-01-31
GRD0494,G02,Grade 2 Step 2,2,2,Sales,61846.14,69207.31,85496.18,USD,false,2014-03-02
GRD0495,G03,Grade 3 Step 2,3,2,Data Science,74129.64,86117.86,107909.79,USD,false,2014-04-01
GRD0496,G04,Grade 4 Step 2,4,2,Product Management,81363.38,98525.79,123979.41,USD,false,2014-05-01
GRD0497,G05,Grade 5 Step 2,5,2,Sales,94815.15,108920.81,134972.88,USD,false,2014-05-31
GRD0498,G06,Grade 6 Step 2,6,2,IT Operations,105031.14,125729.43,151415.09,USD,false,2014-06-30
GRD0499,G07,Grade 7 Step 2,7,2,Finance & Accounting,115844.81,139784.16,174925.11,USD,false,2014-07-30
GRD0500,G08,Grade 8 Step 2,8,2,Customer Support,125649.79,150025.67,190580.71,USD,false,2014-08-29
GRD0501,G09,Grade 9 Step 2,9,2,Product Management,141475.61,162262.19,202135.95,USD,false,2014-09-28
GRD0502,G10,Grade 10 Step 2,10,2,Finance & Accounting,147817.58,178495.58,222021.19,USD,true,2014-10-28
GRD0503,G11,Grade 11 Step 2,11,2,Software Engineering,160932.61,193306.62,241949.09,USD,true,2014-11-27
GRD0504,G12,Grade 12 Step 2,12,2,Data Science,170793.33,205030.67,257167.62,USD,true,2014-12-27
GRD0505,G01,Grade 1 Step 3,1,3,Finance & Accounting,51000.82,60614.83,73251.94,USD,false,2014-01-31
GRD0506,G02,Grade 2 Step 3,2,3,Software Engineering,59382.39,68593.05,91116.91,USD,false,2014-03-02
GRD0507,G03,Grade 3 Step 3,3,3,Customer Support,71924.34,84735.52,105978.24,USD,false,2014-04-01
GRD0508,G04,Grade 4 Step 3,4,3,Software Engineering,81583.35,94911.24,123214.56,USD,false,2014-05-01
GRD0509,G05,Grade 5 Step 3,5,3,Product Management,91998.44,109253.16,141454.20,USD,false,2014-05-31
GRD0510,G06,Grade 6 Step 3,6,3,Software Engineering,102751.58,127141.55,157309.21,USD,false,2014-06-30
GRD0511,G07,Grade 7 Step 3,7,3,Marketing,113982.48,138110.85,172440.91,USD,false,2014-07-30
GRD0512,G08,Grade 8 Step 3,8,3,IT Operations,126518.02,150265.07,187024.79,USD,false,2014-08-29
GRD0513,G09,Grade 9 Step 3,9,3,Data Science,140567.03,160736.68,201592.55,USD,false,2014-09-28
GRD0514,G10,Grade 10 Step 3,10,3,Customer Support,151038.81,178904.43,218011.60,USD,true,2014-10-28
GRD0515,G11,Grade 11 Step 3,11,3,Data Science,161222.89,187819.99,238698.12,USD,true,2014-11-27
GRD0516,G12,Grade 12 Step 3,12,3,Sales,170948.45,204052.61,256564.24,USD,true,2014-12-27
GRD0517,G01,Grade 1 Step 4,1,4,Product Management,51992.41,54752.71,73758.05,USD,false,2014-01-31
GRD0518,G02,Grade 2 Step 4,2,4,People Operations,61174.14,72009.25,85124.79,USD,false,2014-03-02
GRD0519,G03,Grade 3 Step 4,3,4,Software Engineering,73470.31,83410.99,103417.00,USD,false,2014-04-01
GRD0520,G04,Grade 4 Step 4,4,4,Finance & Accounting,84351.58,100116.88,122743.16,USD,false,2014-05-01
GRD0521,G05,Grade 5 Step 4,5,4,Finance & Accounting,96176.48,113373.65,134868.15,USD,false,2014-05-31
GRD0522,G06,Grade 6 Step 4,6,4,IT Operations,103497.48,125443.13,153985.75,USD,false,2014-06-30
GRD0523,G07,Grade 7 Step 4,7,4,People Operations,117767.94,134054.73,168409.10,USD,false,2014-07-30
GRD0524,G08,Grade 8 Step 4,8,4,Product Management,125526.23,150187.98,188353.69,USD,false,2014-08-29
GRD0525,G09,Grade 9 Step 4,9,4,Software Engineering,137683.68,163328.02,203955.83,USD,false,2014-09-28
GRD0526,G10,Grade 10 Step 4,10,4,Customer Support,151316.29,179233.95,224690.21,USD,true,2014-10-28
GRD0527,G11,Grade 11 Step 4,11,4,Software Engineering,159045.35,191301.86,235886.04,USD,true,2014-11-27
GRD0528,G12,Grade 12 Step 4,12,4,Legal,171688.69,203841.56,258097.81,USD,true,2014-12-27
GRD0529,G01,Grade 1 Step 5,1,5,Legal,47020.71,55464.73,68399.12,USD,false,2014-01-31
GRD0530,G02,Grade 2 Step 5,2,5,Sales,63249.32,69833.91,87446.67,USD,false,2014-03-02
GRD0531,G03,Grade 3 Step 5,3,5,Product Management,69619.79,85175.60,109589.99,USD,false,2014-04-01
GRD0532,G04,Grade 4 Step 5,4,5,IT Operations,85441.84,94882.87,122965.89,USD,false,2014-05-01
GRD0533,G05,Grade 5 Step 5,5,5,Product Management,93976.71,111055.26,142041.01,USD,false,2014-05-31
GRD0534,G06,Grade 6 Step 5,6,5,People Operations,106023.63,122641.37,157284.90,USD,false,2014-06-30
GRD0535,G07,Grade 7 Step 5,7,5,IT Operations,115562.99,137108.58,173461.70,USD,false,2014-07-30
GRD0536,G08,Grade 8 Step 5,8,5,Sales,128934.35,148588.22,190126.85,USD,false,2014-08-29
GRD0537,G09,Grade 9 Step 5,9,5,Customer Support,141591.71,162520.54,204652.76,USD,false,2014-09-28
GRD0538,G10,Grade 10 Step 5,10,5,Marketing,147784.09,175952.30,218690.94,USD,true,2014-10-28
GRD0539,G11,Grade 11 Step 5,11,5,IT Operations,161091.05,190916.21,233696.20,USD,true,2014-11-27
GRD0540,G12,Grade 12 Step 5,12,5,Finance & Accounting,171036.86,206669.34,252919.09,USD,true,2014-12-27
GRD0541,G01,Grade 1 Step 6,1,6,Finance & Accounting,49313.35,56590.26,76798.52,USD,false,2014-01-31
GRD0542,G02,Grade 2 Step 6,2,6,Marketing,58006.26,68000.32,89565.99,USD,false,2014-03-02
GRD0543,G03,Grade 3 Step 6,3,6,Legal,74023.76,84110.90,101878.65,USD,false,2014-04-01
GRD0544,G04,Grade 4 Step 6,4,6,People Operations,85048.35,96743.38,124454.55,USD,false,2014-05-01
GRD0545,G05,Grade 5 Step 6,5,6,IT Operations,92716.85,114144.20,140777.00,USD,false,2014-05-31
GRD0546,G06,Grade 6 Step 6,6,6,Product Management,105081.75,125360.88,152147.82,USD,false,2014-06-30
GRD0547,G07,Grade 7 Step 6,7,6,Sales,117493.33,139839.95,174551.55,USD,false,2014-07-30
GRD0548,G08,Grade 8 Step 6,8,6,IT Operations,125677.48,153108.21,191952.58,USD,false,2014-08-29
GRD0549,G09,Grade 9 Step 6,9,6,Customer Support,137937.07,164776.61,205983.41,USD,false,2014-09-28
GRD0550,G10,Grade 10 Step 6,10,6,Product Management,150024.94,174363.16,220602.35,USD,true,2014-10-28
GRD0551,G11,Grade 11 Step 6,11,6,IT Operations,162279.67,190310.39,241897.40,USD,true,2014-11-27
GRD0552,G12,Grade 12 Step 6,12,6,Legal,170962.60,205964.63,252534.04,USD,true,2014-12-27
GRD0553,G01,Grade 1 Step 7,1,7,Legal,49993.26,57243.98,72182.19,USD,false,2014-01-31
GRD0554,G02,Grade 2 Step 7,2,7,Customer Support,59361.99,70283.07,87856.73,USD,false,2014-03-02
GRD0555,G03,Grade 3 Step 7,3,7,IT Operations,72170.89,83728.06,104120.95,USD,false,2014-04-01
GRD0556,G04,Grade 4 Step 7,4,7,Customer Support,82387.65,96370.16,122505.54,USD,false,2014-05-01
GRD0557,G05,Grade 5 Step 7,5,7,Product Management,93951.32,110126.29,136406.71,USD,false,2014-05-31
GRD0558,G06,Grade 6 Step 7,6,7,Finance & Accounting,104536.98,126569.39,158166.57,USD,false,2014-06-30
GRD0559,G07,Grade 7 Step 7,7,7,Finance & Accounting,115077.03,136917.49,175322.45,USD,false,2014-07-30
GRD0560,G08,Grade 8 Step 7,8,7,Software Engineering,125270.00,148970.19,191727.06,USD,false,2014-08-29
GRD0561,G09,Grade 9 Step 7,9,7,Marketing,141758.88,165762.02,205175.81,USD,false,2014-09-28
GRD0562,G10,Grade 10 Step 7,10,7,People Operations,150637.33,177219.13,222972.59,USD,true,2014-10-28
GRD0563,G11,Grade 11 Step 7,11,7,People Operations,161566.56,187155.91,239426.20,USD,true,2014-11-27
GRD0564,G12,Grade 12 Step 7,12,7,Customer Support,175644.43,204767.69,254655.26,USD,true,2014-12-27
GRD0565,G01,Grade 1 Step 8,1,8,Data Science,48833.08,58081.27,73874.88,USD,false,2014-01-31
GRD0566,G02,Grade 2 Step 8,2,8,Legal,58577.00,69148.68,88445.56,USD,false,2014-03-02
GRD0567,G03,Grade 3 Step 8,3,8,People Operations,71495.31,85384.77,109935.32,USD,false,2014-04-01
GRD0568,G04,Grade 4 Step 8,4,8,Finance & Accounting,84211.11,99450.63,118670.60,USD,false,2014-05-01
GRD0569,G05,Grade 5 Step 8,5,8,Finance & Accounting,93261.78,114276.14,141530.75,USD,false,2014-05-31
GRD0570,G06,Grade 6 Step 8,6,8,IT Operations,103667.31,125275.89,153481.19,USD,false,2014-06-30
GRD0571,G07,Grade 7 Step 8,7,8,Finance & Accounting,118691.31,140807.71,175128.99,USD,false,2014-07-30
GRD0572,G08,Grade 8 Step 8,8,8,People Operations,128821.41,150815.99,191039.40,USD,false,2014-08-29
GRD0573,G09,Grade 9 Step 8,9,8,Sales,139322.41,161722.95,202104.54,USD,false,2014-09-28
GRD0574,G10,Grade 10 Step 8,10,8,Legal,151139.84,176086.97,225633.59,USD,true,2014-10-28
GRD0575,G11,Grade 11 Step 8,11,8,Software Engineering,162900.80,186949.06,233617.72,USD,true,2014-11-27
GRD0576,G12,Grade 12 Step 8,12,8,IT Operations,170107.95,202200.75,257388.61,USD,true,2014-12-27
GRD0577,G01,Grade 1 Step 9,1,9,Legal,46521.81,54828.77,69792.30,USD,false,2014-01-31
GRD0578,G02,Grade 2 Step 9,2,9,IT Operations,60998.11,73860.85,92536.75,USD,false,2014-03-02
GRD0579,G03,Grade 3 Step 9,3,9,IT Operations,74761.80,85038.83,104889.49,USD,false,2014-04-01
GRD0580,G04,Grade 4 Step 9,4,9,Data Science,81007.50,97877.12,122269.34,USD,false,2014-05-01
GRD0581,G05,Grade 5 Step 9,5,9,Software Engineering,91983.35,108701.70,138912.77,USD,false,2014-05-31
GRD0582,G06,Grade 6 Step 9,6,9,Customer Support,106232.77,126315.54,151473.25,USD,false,2014-06-30
GRD0583,G07,Grade 7 Step 9,7,9,Software Engineering,117893.72,137969.02,168710.12,USD,false,2014-07-30
GRD0584,G08,Grade 8 Step 9,8,9,Sales,127195.30,148368.96,186299.51,USD,false,2014-08-29
GRD0585,G09,Grade 9 Step 9,9,9,Data Science,141401.21,166964.13,201074.82,USD,false,2014-09-28
GRD0586,G10,Grade 10 Step 9,10,9,Sales,150240.81,176311.03,217534.10,USD,true,2014-10-28
GRD0587,G11,Grade 11 Step 9,11,9,People Operations,162261.06,193496.33,237385.65,USD,true,2014-11-27
GRD0588,G12,Grade 12 Step 9,12,9,Legal,171482.59,201638.01,251499.84,USD,true,2014-12-27
GRD0589,G01,Grade 1 Step 10,1,10,Legal,51444.16,56797.08,76033.99,USD,false,2014-01-31
GRD0590,G02,Grade 2 Step 10,2,10,Customer Support,59453.56,72007.61,93092.75,USD,false,2014-03-02
GRD0591,G03,Grade 3 Step 10,3,10,Customer Support,74658.76,81540.93,107185.30,USD,false,2014-04-01
GRD0592,G04,Grade 4 Step 10,4,10,Legal,81453.50,96433.19,125424.52,USD,false,2014-05-01
GRD0593,G05,Grade 5 Step 10,5,10,Customer Support,91527.78,113515.67,135160.64,USD,false,2014-05-31
GRD0594,G06,Grade 6 Step 10,6,10,Product Management,104739.49,122037.21,159317.10,USD,false,2014-06-30
GRD0595,G07,Grade 7 Step 10,7,10,Marketing,116201.45,136479.26,170358.25,USD,false,2014-07-30
GRD0596,G08,Grade 8 Step 10,8,10,People Operations,127089.93,151693.84,192290.60,USD,false,2014-08-29
GRD0597,G09,Grade 9 Step 10,9,10,People Operations,141204.71,162848.61,202643.83,USD,false,2014-09-28
GRD0598,G10,Grade 10 Step 10,10,10,Sales,150341.54,176026.91,220819.35,USD,true,2014-10-28
GRD0599,G11,Grade 11 Step 10,11,10,Marketing,162739.72,189230.81,234938.33,USD,true,2014-11-27
GRD0600,G12,Grade 12 Step 10,12,10,Product Management,170628.29,201960.71,257326.94,USD,true,2014-12-27
GRD0601,G01,Grade 1 Step 1,1,1,Product Management,49686.18,57847.66,75137.60,USD,false,2014-01-31
GRD0602,G02,Grade 2 Step 1,2,1,Sales,58606.34,70285.14,91043.78,USD,false,2014-03-02
GRD0603,G03,Grade 3 Step 1,3,1,People Operations,72604.85,85082.12,103907.56,USD,false,2014-04-01
GRD0604,G04,Grade 4 Step 1,4,1,Customer Support,83115.83,95868.18,121779.48,USD,false,2014-05-01
GRD0605,G05,Grade 5 Step 1,5,1,Product Management,96921.59,114410.64,139546.35,USD,false,2014-05-31
GRD0606,G06,Grade 6 Step 1,6,1,Customer Support,106083.56,123289.17,153061.41,USD,false,2014-06-30
GRD0607,G07,Grade 7 Step 1,7,1,Legal,116871.04,134841.07,173943.39,USD,false,2014-07-30
GRD0608,G08,Grade 8 Step 1,8,1,IT Operations,125656.47,153077.82,190347.46,USD,false,2014-08-29
GRD0609,G09,Grade 9 Step 1,9,1,People Operations,136529.68,165380.77,201782.48,USD,false,2014-09-28
GRD0610,G10,Grade 10 Step 1,10,1,Software Engineering,149889.47,174243.66,218589.54,USD,true,2014-10-28
GRD0611,G11,Grade 11 Step 1,11,1,Sales,160726.64,191447.97,234533.54,USD,true,2014-11-27
GRD0612,G12,Grade 12 Step 1,12,1,IT Operations,175444.73,205655.74,256666.66,USD,true,2014-12-27
GRD0613,G01,Grade 1 Step 2,1,2,Sales,46817.82,56772.78,70234.16,USD,false,2014-01-31
GRD0614,G02,Grade 2 Step 2,2,2,Product Management,62463.21,70602.91,87882.12,USD,false,2014-03-02
GRD0615,G03,Grade 3 Step 2,3,2,Customer Support,73459.11,87166.02,108772.30,USD,false,2014-04-01
GRD0616,G04,Grade 4 Step 2,4,2,Product Management,85648.98,95517.11,121036.76,USD,false,2014-05-01
GRD0617,G05,Grade 5 Step 2,5,2,Finance & Accounting,96656.82,107699.32,140476.41,USD,false,2014-05-31
GRD0618,G06,Grade 6 Step 2,6,2,Customer Support,104094.49,126592.33,153974.48,USD,false,2014-06-30
GRD0619,G07,Grade 7 Step 2,7,2,Data Science,114944.17,134770.10,175340.66,USD,false,2014-07-30
GRD0620,G08,Grade 8 Step 2,8,2,Sales,129299.32,147479.12,184344.99,USD,false,2014-08-29
GRD0621,G09,Grade 9 Step 2,9,2,Product Management,138887.32,165648.02,201878.39,USD,false,2014-09-28
GRD0622,G10,Grade 10 Step 2,10,2,Software Engineering,150842.00,177993.24,225183.44,USD,true,2014-10-28
GRD0623,G11,Grade 11 Step 2,11,2,Legal,163767.21,190809.14,239774.73,USD,true,2014-11-27
GRD0624,G12,Grade 12 Step 2,12,2,Marketing,175514.19,204723.92,255086.75,USD,true,2014-12-27
GRD0625,G01,Grade 1 Step 3,1,3,Software Engineering,47087.38,59894.56,73934.24,USD,false,2014-01-31
GRD0626,G02,Grade 2 Step 3,2,3,Software Engineering,62805.04,71887.35,90815.54,USD,false,2014-03-02
GRD0627,G03,Grade 3 Step 3,3,3,Sales,72908.22,81331.20,104091.25,USD,false,2014-04-01
GRD0628,G04,Grade 4 Step 3,4,3,Finance & Accounting,84550.96,94894.34,123866.59,USD,false,2014-05-01
GRD0629,G05,Grade 5 Step 3,5,3,People Operations,97250.17,111770.79,136310.65,USD,false,2014-05-31
GRD0630,G06,Grade 6 Step 3,6,3,IT Operations,103164.96,127279.89,154594.29,USD,false,2014-06-30
GRD0631,G07,Grade 7 Step 3,7,3,Finance & Accounting,117935.10,139071.41,174627.41,USD,false,2014-07-30
GRD0632,G08,Grade 8 Step 3,8,3,Customer Support,128103.28,151868.46,185776.49,USD,false,2014-08-29
GRD0633,G09,Grade 9 Step 3,9,3,IT Operations,141326.35,165794.93,204753.27,USD,false,2014-09-28
GRD0634,G10,Grade 10 Step 3,10,3,Sales,147858.75,178498.90,224011.95,USD,true,2014-10-28
GRD0635,G11,Grade 11 Step 3,11,3,Marketing,159867.37,188004.50,240328.66,USD,true,2014-11-27
GRD0636,G12,Grade 12 Step 3,12,3,Sales,173275.16,201822.86,250637.17,USD,true,2014-12-27
GRD0637,G01,Grade 1 Step 4,1,4,Finance & Accounting,48467.75,55263.52,73771.11,USD,false,2014-01-31
GRD0638,G02,Grade 2 Step 4,2,4,Product Management,58473.39,72728.11,90594.14,USD,false,2014-03-02
GRD0639,G03,Grade 3 Step 4,3,4,Sales,73052.22,81115.57,107308.15,USD,false,2014-04-01
GRD0640,G04,Grade 4 Step 4,4,4,Product Management,85643.72,96725.08,120457.09,USD,false,2014-05-01
GRD0641,G05,Grade 5 Step 4,5,4,Product Management,94842.25,109186.32,139834.84,USD,false,2014-05-31
GRD0642,G06,Grade 6 Step 4,6,4,Data Science,105853.05,125997.57,152396.95,USD,false,2014-06-30
GRD0643,G07,Grade 7 Step 4,7,4,Product Management,117390.02,137157.13,174076.88,USD,false,2014-07-30
GRD0644,G08,Grade 8 Step 4,8,4,Sales,125791.41,149196.45,187109.15,USD,false,2014-08-29
GRD0645,G09,Grade 9 Step 4,9,4,Sales,136615.77,166606.10,203152.42,USD,false,2014-09-28
GRD0646,G10,Grade 10 Step 4,10,4,Data Science,151717.52,176741.33,218037.02,USD,true,2014-10-28
GRD0647,G11,Grade 11 Step 4,11,4,Finance & Accounting,161454.10,190802.38,236090.74,USD,true,2014-11-27
GRD0648,G12,Grade 12 Step 4,12,4,IT Operations,170506.22,200174.62,258682.10,USD,true,2014-12-27
GRD0649,G01,Grade 1 Step 5,1,5,Customer Support,46923.75,59573.28,76735.62,USD,false,2014-01-31
GRD0650,G02,Grade 2 Step 5,2,5,Legal,59223.38,72301.24,93064.33,USD,false,2014-03-02
GRD0651,G03,Grade 3 Step 5,3,5,Customer Support,70026.98,84822.20,101415.35,USD,false,2014-04-01
GRD0652,G04,Grade 4 Step 5,4,5,Data Science,83935.04,98631.44,125941.52,USD,false,2014-05-01
GRD0653,G05,Grade 5 Step 5,5,5,Marketing,95226.52,108064.20,140852.99,USD,false,2014-05-31
GRD0654,G06,Grade 6 Step 5,6,5,Software Engineering,107179.59,126543.09,153493.23,USD,false,2014-06-30
GRD0655,G07,Grade 7 Step 5,7,5,Product Management,119521.02,137600.51,175193.33,USD,false,2014-07-30
GRD0656,G08,Grade 8 Step 5,8,5,Product Management,125719.27,152160.09,186676.76,USD,false,2014-08-29
GRD0657,G09,Grade 9 Step 5,9,5,Legal,138277.19,161698.35,207649.69,USD,false,2014-09-28
GRD0658,G10,Grade 10 Step 5,10,5,Finance & Accounting,148952.78,174590.77,224995.02,USD,true,2014-10-28
GRD0659,G11,Grade 11 Step 5,11,5,Marketing,160247.71,187159.65,238483.00,USD,true,2014-11-27
GRD0660,G12,Grade 12 Step 5,12,5,People Operations,175393.97,206620.04,254389.02,USD,true,2014-12-27
GRD0661,G01,Grade 1 Step 6,1,6,Customer Support,50717.16,61494.87,73478.89,USD,false,2014-01-31
GRD0662,G02,Grade 2 Step 6,2,6,Data Science,58504.67,69419.74,86005.34,USD,false,2014-03-02
GRD0663,G03,Grade 3 Step 6,3,6,People Operations,69439.61,81350.61,105134.46,USD,false,2014-04-01
GRD0664,G04,Grade 4 Step 6,4,6,Sales,81435.18,96870.18,118151.19,USD,false,2014-05-01
GRD0665,G05,Grade 5 Step 6,5,6,Legal,96412.75,112954.74,138075.71,USD,false,2014-05-31
GRD0666,G06,Grade 6 Step 6,6,6,Marketing,103059.75,121131.56,157067.95,USD,false,2014-06-30
GRD0667,G07,Grade 7 Step 6,7,6,Finance & Accounting,114246.59,134035.71,175714.32,USD,false,2014-07-30
GRD0668,G08,Grade 8 Step 6,8,6,Product Management,130421.96,148334.81,186550.76,USD,false,2014-08-29
GRD0669,G09,Grade 9 Step 6,9,6,Customer Support,141077.67,165084.30,205426.06,USD,false,2014-09-28
GRD0670,G10,Grade 10 Step 6,10,6,Customer Support,148101.27,175883.49,221034.10,USD,true,2014-10-28
GRD0671,G11,Grade 11 Step 6,11,6,IT Operations,164173.32,192846.39,241997.69,USD,true,2014-11-27
GRD0672,G12,Grade 12 Step 6,12,6,Legal,173720.54,205696.92,250642.58,USD,true,2014-12-27
GRD0673,G01,Grade 1 Step 7,1,7,Finance & Accounting,50003.91,56674.57,73207.21,USD,false,2014-01-31
GRD0674,G02,Grade 2 Step 7,2,7,Finance & Accounting,60491.99,72316.77,87394.06,USD,false,2014-03-02
GRD0675,G03,Grade 3 Step 7,3,7,Finance & Accounting,72024.57,85447.85,108658.70,USD,false,2014-04-01
GRD0676,G04,Grade 4 Step 7,4,7,Sales,84135.48,97386.68,118609.91,USD,false,2014-05-01
GRD0677,G05,Grade 5 Step 7,5,7,Legal,93578.09,111532.30,137997.50,USD,false,2014-05-31
GRD0678,G06,Grade 6 Step 7,6,7,IT Operations,104046.49,123795.44,153189.33,USD,false,2014-06-30
GRD0679,G07,Grade 7 Step 7,7,7,Sales,114937.39,140115.95,172196.24,USD,false,2014-07-30
GRD0680,G08,Grade 8 Step 7,8,7,Data Science,126417.69,152977.51,189603.44,USD,false,2014-08-29
GRD0681,G09,Grade 9 Step 7,9,7,Sales,139474.25,162160.64,204751.26,USD,false,2014-09-28
GRD0682,G10,Grade 10 Step 7,10,7,IT Operations,150289.58,177384.46,223071.74,USD,true,2014-10-28
GRD0683,G11,Grade 11 Step 7,11,7,IT Operations,164176.52,190786.35,240938.25,USD,true,2014-11-27
GRD0684,G12,Grade 12 Step 7,12,7,Data Science,174778.96,201026.57,254464.50,USD,true,2014-12-27
GRD0685,G01,Grade 1 Step 8,1,8,IT Operations,50622.41,59847.61,69269.79,USD,false,2014-01-31
GRD0686,G02,Grade 2 Step 8,2,8,IT Operations,58271.27,73578.45,88193.17,USD,false,2014-03-02
GRD0687,G03,Grade 3 Step 8,3,8,Product Management,74590.84,82397.35,105441.56,USD,false,2014-04-01
GRD0688,G04,Grade 4 Step 8,4,8,Data Science,80957.35,99655.53,118371.41,USD,false,2014-05-01
GRD0689,G05,Grade 5 Step 8,5,8,Sales,91673.21,107812.99,140460.40,USD,false,2014-05-31
GRD0690,G06,Grade 6 Step 8,6,8,Sales,105333.67,121581.71,152107.01,USD,false,2014-06-30
GRD0691,G07,Grade 7 Step 8,7,8,Data Science,117521.92,139992.66,172324.28,USD,false,2014-07-30
GRD0692,G08,Grade 8 Step 8,8,8,Finance & Accounting,126105.35,152343.50,186944.54,USD,false,2014-08-29
GRD0693,G09,Grade 9 Step 8,9,8,Software Engineering,141203.57,161271.78,203748.50,USD,false,2014-09-28
GRD0694,G10,Grade 10 Step 8,10,8,IT Operations,153162.70,178630.28,217437.72,USD,true,2014-10-28
GRD0695,G11,Grade 11 Step 8,11,8,Legal,160916.69,189329.61,236417.25,USD,true,2014-11-27
GRD0696,G12,Grade 12 Step 8,12,8,Legal,170747.57,206484.96,255948.75,USD,true,2014-12-27
GRD0697,G01,Grade 1 Step 9,1,9,Marketing,48509.53,59413.10,68464.81,USD,false,2014-01-31
GRD0698,G02,Grade 2 Step 9,2,9,Legal,60252.39,73309.13,89021.91,USD,false,2014-03-02
GRD0699,G03,Grade 3 Step 9,3,9,Data Science,73609.81,82353.35,106124.12,USD,false,2014-04-01
GRD0700,G04,Grade 4 Step 9,4,9,Marketing,85279.51,98920.00,125087.29,USD,false,2014-05-01
GRD0701,G05,Grade 5 Step 9,5,9,Legal,96530.49,111240.19,140353.36,USD,false,2014-05-31
GRD0702,G06,Grade 6 Step 9,6,9,Marketing,108202.02,120845.22,153890.42,USD,false,2014-06-30
GRD0703,G07,Grade 7 Step 9,7,9,Product Management,116736.01,137314.39,167741.65,USD,false,2014-07-30
GRD0704,G08,Grade 8 Step 9,8,9,Software Engineering,125557.55,151480.91,189560.42,USD,false,2014-08-29
GRD0705,G09,Grade 9 Step 9,9,9,Legal,138663.65,163707.72,201896.45,USD,false,2014-09-28
GRD0706,G10,Grade 10 Step 9,10,9,Customer Support,149909.88,179673.84,222331.04,USD,true,2014-10-28
GRD0707,G11,Grade 11 Step 9,11,9,Data Science,160960.62,190519.99,236278.34,USD,true,2014-11-27
GRD0708,G12,Grade 12 Step 9,12,9,Product Management,173540.79,200401.23,251588.90,USD,true,2014-12-27
GRD0709,G01,Grade 1 Step 10,1,10,Finance & Accounting,50696.55,56911.45,72321.25,USD,false,2014-01-31
GRD0710,G02,Grade 2 Step 10,2,10,Finance & Accounting,59516.22,70164.99,88982.15,USD,false,2014-03-02
GRD0711,G03,Grade 3 Step 10,3,10,Sales,69034.05,84244.91,109851.43,USD,false,2014-04-01
GRD0712,G04,Grade 4 Step 10,4,10,Software Engineering,83855.08,99316.05,119113.99,USD,false,2014-05-01
GRD0713,G05,Grade 5 Step 10,5,10,People Operations,92999.38,110975.01,136666.59,USD,false,2014-05-31
GRD0714,G06,Grade 6 Step 10,6,10,Legal,106001.23,124782.44,152137.19,USD,false,2014-06-30
GRD0715,G07,Grade 7 Step 10,7,10,Software Engineering,119245.55,140203.21,168290.30,USD,false,2014-07-30
GRD0716,G08,Grade 8 Step 10,8,10,Sales,129661.26,151568.40,189473.62,USD,false,2014-08-29
GRD0717,G09,Grade 9 Step 10,9,10,Finance & Accounting,141005.76,165896.99,202584.32,USD,false,2014-09-28
GRD0718,G10,Grade 10 Step 10,10,10,Product Management,151598.52,175747.57,223646.24,USD,true,2014-10-28
GRD0719,G11,Grade 11 Step 10,11,10,Finance & Accounting,161828.49,191257.95,236616.21,USD,true,2014-11-27
GRD0720,G12,Grade 12 Step 10,12,10,IT Operations,174282.52,202407.55,256198.94,USD,true,2014-12-27
GRD0721,G01,Grade 1 Step 1,1,1,Finance & Accounting,51613.93,60024.70,72625.95,USD,false,2014-01-31
GRD0722,G02,Grade 2 Step 1,2,1,Sales,62418.56,74726.77,86113.24,USD,false,2014-03-02
GRD0723,G03,Grade 3 Step 1,3,1,Sales,68956.16,87084.74,105251.98,USD,false,2014-04-01
GRD0724,G04,Grade 4 Step 1,4,1,Customer Support,82477.97,99629.20,125891.76,USD,false,2014-05-01
GRD0725,G05,Grade 5 Step 1,5,1,Legal,91785.24,109605.28,137067.04,USD,false,2014-05-31
GRD0726,G06,Grade 6 Step 1,6,1,Legal,105870.70,127218.26,153874.02,USD,false,2014-06-30
GRD0727,G07,Grade 7 Step 1,7,1,Sales,117300.07,134527.22,169010.41,USD,false,2014-07-30
GRD0728,G08,Grade 8 Step 1,8,1,Legal,127193.22,150428.32,192371.04,USD,false,2014-08-29
GRD0729,G09,Grade 9 Step 1,9,1,People Operations,140591.11,166786.48,207764.06,USD,false,2014-09-28
GRD0730,G10,Grade 10 Step 1,10,1,Finance & Accounting,152875.76,175553.52,219283.77,USD,true,2014-10-28
GRD0731,G11,Grade 11 Step 1,11,1,Software Engineering,163292.30,191197.50,235637.02,USD,true,2014-11-27
GRD0732,G12,Grade 12 Step 1,12,1,Software Engineering,171365.41,202857.06,251853.00,USD,true,2014-12-27
GRD0733,G01,Grade 1 Step 2,1,2,Legal,48088.90,58088.22,69140.04,USD,false,2014-01-31
GRD0734,G02,Grade 2 Step 2,2,2,Sales,61976.76,74495.67,89996.31,USD,false,2014-03-02
GRD0735,G03,Grade 3 Step 2,3,2,Data Science,69344.50,86707.92,106307.29,USD,false,2014-04-01
GRD0736,G04,Grade 4 Step 2,4,2,Product Management,80184.62,96167.37,123416.44,USD,false,2014-05-01
GRD0737,G05,Grade 5 Step 2,5,2,Software Engineering,95149.22,113892.93,136236.70,USD,false,2014-05-31
GRD0738,G06,Grade 6 Step 2,6,2,Finance & Accounting,107726.76,120936.88,155132.05,USD,false,2014-06-30
GRD0739,G07,Grade 7 Step 2,7,2,Legal,117860.87,136305.65,167964.24,USD,false,2014-07-30
GRD0740,G08,Grade 8 Step 2,8,2,People Operations,129790.08,147801.67,189285.33,USD,false,2014-08-29
GRD0741,G09,Grade 9 Step 2,9,2,Customer Support,142154.84,163181.95,208640.81,USD,false,2014-09-28
GRD0742,G10,Grade 10 Step 2,10,2,Software Engineering,147753.47,175836.55,222704.05,USD,true,2014-10-28
GRD0743,G11,Grade 11 Step 2,11,2,Finance & Accounting,159172.29,191111.38,239839.41,USD,true,2014-11-27
GRD0744,G12,Grade 12 Step 2,12,2,Finance & Accounting,171003.92,200228.35,251940.41,USD,true,2014-12-27
GRD0745,G01,Grade 1 Step 3,1,3,IT Operations,50930.81,55245.09,75302.15,USD,false,2014-01-31
GRD0746,G02,Grade 2 Step 3,2,3,People Operations,59690.70,72543.04,92280.77,USD,false,2014-03-02
GRD0747,G03,Grade 3 Step 3,3,3,Product Management,72769.16,85225.83,104197.24,USD,false,2014-04-01
GRD0748,G04,Grade 4 Step 3,4,3,Legal,81667.18,99208.86,124458.54,USD,false,2014-05-01
GRD0749,G05,Grade 5 Step 3,5,3,Marketing,95218.12,111316.50,140498.65,USD,false,2014-05-31
GRD0750,G06,Grade 6 Step 3,6,3,IT Operations,104269.51,124360.92,159053.11,USD,false,2014-06-30
GRD0751,G07,Grade 7 Step 3,7,3,Product Management,115362.10,137826.11,168329.45,USD,false,2014-07-30
GRD0752,G08,Grade 8 Step 3,8,3,Finance & Accounting,126003.23,151539.45,187457.28,USD,false,2014-08-29
GRD0753,G09,Grade 9 Step 3,9,3,Data Science,141856.47,164734.95,201585.41,USD,false,2014-09-28
GRD0754,G10,Grade 10 Step 3,10,3,IT Operations,150545.85,177481.21,218630.69,USD,true,2014-10-28
GRD0755,G11,Grade 11 Step 3,11,3,Legal,160988.05,187905.28,235124.08,USD,true,2014-11-27
GRD0756,G12,Grade 12 Step 3,12,3,Product Management,173184.64,202520.71,256245.59,USD,true,2014-12-27
GRD0757,G01,Grade 1 Step 4,1,4,Customer Support,52192.63,58067.67,73767.84,USD,false,2014-01-31
GRD0758,G02,Grade 2 Step 4,2,4,Finance & Accounting,62957.04,70534.29,86641.80,USD,false,2014-03-02
GRD0759,G03,Grade 3 Step 4,3,4,Software Engineering,69546.02,86135.36,101908.16,USD,false,2014-04-01
GRD0760,G04,Grade 4 Step 4,4,4,People Operations,84109.25,96719.72,119842.51,USD,false,2014-05-01
GRD0761,G05,Grade 5 Step 4,5,4,People Operations,93800.47,113866.99,142556.45,USD,false,2014-05-31
GRD0762,G06,Grade 6 Step 4,6,4,Sales,102817.60,120893.28,157054.90,USD,false,2014-06-30
GRD0763,G07,Grade 7 Step 4,7,4,Sales,115235.80,135377.12,174016.58,USD,false,2014-07-30
GRD0764,G08,Grade 8 Step 4,8,4,Marketing,126870.47,154060.75,185868.25,USD,false,2014-08-29
GRD0765,G09,Grade 9 Step 4,9,4,Legal,140999.46,163718.86,208586.03,USD,false,2014-09-28
GRD0766,G10,Grade 10 Step 4,10,4,Marketing,153199.27,174592.02,219650.72,USD,true,2014-10-28
GRD0767,G11,Grade 11 Step 4,11,4,Data Science,160788.16,190225.30,241278.36,USD,true,2014-11-27
GRD0768,G12,Grade 12 Step 4,12,4,Product Management,171960.44,204310.76,258377.65,USD,true,2014-12-27
GRD0769,G01,Grade 1 Step 5,1,5,Sales,49828.40,60716.72,70090.94,USD,false,2014-01-31
GRD0770,G02,Grade 2 Step 5,2,5,Finance & Accounting,57943.40,73190.19,88599.54,USD,false,2014-03-02
GRD0771,G03,Grade 3 Step 5,3,5,People Operations,73980.91,87939.28,103910.58,USD,false,2014-04-01
GRD0772,G04,Grade 4 Step 5,4,5,Software Engineering,84876.44,95348.30,125747.01,USD,false,2014-05-01
GRD0773,G05,Grade 5 Step 5,5,5,Product Management,96742.83,108565.54,140754.39,USD,false,2014-05-31
GRD0774,G06,Grade 6 Step 5,6,5,Data Science,107043.90,123954.91,154363.12,USD,false,2014-06-30
GRD0775,G07,Grade 7 Step 5,7,5,People Operations,115870.15,140312.67,173647.32,USD,false,2014-07-30
GRD0776,G08,Grade 8 Step 5,8,5,Finance & Accounting,130865.65,147427.11,186023.53,USD,false,2014-08-29
GRD0777,G09,Grade 9 Step 5,9,5,Software Engineering,136583.38,163907.99,202529.05,USD,false,2014-09-28
GRD0778,G10,Grade 10 Step 5,10,5,People Operations,151698.75,178676.68,217479.25,USD,true,2014-10-28
GRD0779,G11,Grade 11 Step 5,11,5,Finance & Accounting,159222.37,187636.40,241849.30,USD,true,2014-11-27
GRD0780,G12,Grade 12 Step 5,12,5,Product Management,173166.56,200117.74,252056.24,USD,true,2014-12-27
GRD0781,G01,Grade 1 Step 6,1,6,IT Operations,47298.90,59718.66,72600.04,USD,false,2014-01-31
GRD0782,G02,Grade 2 Step 6,2,6,Data Science,60780.55,73643.06,93068.69,USD,false,2014-03-02
GRD0783,G03,Grade 3 Step 6,3,6,Data Science,70963.23,82559.45,109688.44,USD,false,2014-04-01
GRD0784,G04,Grade 4 Step 6,4,6,Sales,84444.65,96183.51,119403.53,USD,false,2014-05-01
GRD0785,G05,Grade 5 Step 6,5,6,Marketing,92973.96,114192.65,136100.60,USD,false,2014-05-31
GRD0786,G06,Grade 6 Step 6,6,6,Software Engineering,105031.13,124590.68,154065.01,USD,false,2014-06-30
GRD0787,G07,Grade 7 Step 6,7,6,Software Engineering,115789.05,134260.71,171382.26,USD,false,2014-07-30
GRD0788,G08,Grade 8 Step 6,8,6,Marketing,128338.77,151962.99,192472.86,USD,false,2014-08-29
GRD0789,G09,Grade 9 Step 6,9,6,Marketing,138703.04,162621.03,204146.41,USD,false,2014-09-28
GRD0790,G10,Grade 10 Step 6,10,6,Product Management,149872.71,176309.36,220598.51,USD,true,2014-10-28
GRD0791,G11,Grade 11 Step 6,11,6,Product Management,164111.09,191256.36,235655.91,USD,true,2014-11-27
GRD0792,G12,Grade 12 Step 6,12,6,IT Operations,175517.66,201857.19,255394.08,USD,true,2014-12-27
GRD0793,G01,Grade 1 Step 7,1,7,People Operations,52243.53,60321.33,74003.31,USD,false,2014-01-31
GRD0794,G02,Grade 2 Step 7,2,7,Data Science,62617.04,73259.37,92648.49,USD,false,2014-03-02
GRD0795,G03,Grade 3 Step 7,3,7,Software Engineering,71293.88,84928.78,107250.59,USD,false,2014-04-01
GRD0796,G04,Grade 4 Step 7,4,7,Customer Support,83374.58,96477.75,126255.16,USD,false,2014-05-01
GRD0797,G05,Grade 5 Step 7,5,7,Software Engineering,94173.15,111991.56,138465.24,USD,false,2014-05-31
GRD0798,G06,Grade 6 Step 7,6,7,Finance & Accounting,106111.31,127613.77,152959.50,USD,false,2014-06-30
GRD0799,G07,Grade 7 Step 7,7,7,People Operations,115962.01,134417.41,175886.16,USD,false,2014-07-30
GRD0800,G08,Grade 8 Step 7,8,7,Marketing,128714.16,151872.70,186778.42,USD,false,2014-08-29
GRD0801,G09,Grade 9 Step 7,9,7,IT Operations,140257.03,166800.24,207132.72,USD,false,2014-09-28
GRD0802,G10,Grade 10 Step 7,10,7,Marketing,152932.30,176915.61,223285.96,USD,true,2014-10-28
GRD0803,G11,Grade 11 Step 7,11,7,IT Operations,162301.12,190812.87,242213.67,USD,true,2014-11-27
GRD0804,G12,Grade 12 Step 7,12,7,Data Science,175523.78,203748.37,254643.91,USD,true,2014-12-27
GRD0805,G01,Grade 1 Step 8,1,8,IT Operations,47423.22,57148.96,74091.76,USD,false,2014-01-31
GRD0806,G02,Grade 2 Step 8,2,8,Product Management,62492.86,71026.06,90337.04,USD,false,2014-03-02
GRD0807,G03,Grade 3 Step 8,3,8,Software Engineering,70802.06,83571.16,108792.43,USD,false,2014-04-01
GRD0808,G04,Grade 4 Step 8,4,8,People Operations,80876.59,95361.53,120044.02,USD,false,2014-05-01
GRD0809,G05,Grade 5 Step 8,5,8,Data Science,93535.65,112099.73,138913.55,USD,false,2014-05-31
GRD0810,G06,Grade 6 Step 8,6,8,Marketing,105293.20,121357.20,154349.10,USD,false,2014-06-30
GRD0811,G07,Grade 7 Step 8,7,8,Customer Support,117955.02,137075.27,171594.44,USD,false,2014-07-30
GRD0812,G08,Grade 8 Step 8,8,8,Product Management,129570.38,148234.18,189866.55,USD,false,2014-08-29
GRD0813,G09,Grade 9 Step 8,9,8,Finance & Accounting,139227.93,164980.83,205902.42,USD,false,2014-09-28
GRD0814,G10,Grade 10 Step 8,10,8,IT Operations,149597.15,176279.82,217215.74,USD,true,2014-10-28
GRD0815,G11,Grade 11 Step 8,11,8,Sales,158848.48,188666.70,238687.60,USD,true,2014-11-27
GRD0816,G12,Grade 12 Step 8,12,8,Marketing,174297.13,201994.71,252919.62,USD,true,2014-12-27
GRD0817,G01,Grade 1 Step 9,1,9,Sales,47987.85,57647.67,72810.90,USD,false,2014-01-31
GRD0818,G02,Grade 2 Step 9,2,9,Customer Support,62709.90,69241.61,88462.14,USD,false,2014-03-02
GRD0819,G03,Grade 3 Step 9,3,9,Marketing,72537.50,83639.17,101722.39,USD,false,2014-04-01
GRD0820,G04,Grade 4 Step 9,4,9,Customer Support,82358.63,94588.09,124370.45,USD,false,2014-05-01
GRD0821,G05,Grade 5 Step 9,5,9,People Operations,93923.87,111716.33,136621.08,USD,false,2014-05-31
GRD0822,G06,Grade 6 Step 9,6,9,Sales,104897.62,124743.04,158914.05,USD,false,2014-06-30
GRD0823,G07,Grade 7 Step 9,7,9,Sales,119612.89,139851.81,172473.10,USD,false,2014-07-30
GRD0824,G08,Grade 8 Step 9,8,9,Data Science,129023.75,149473.21,184610.48,USD,false,2014-08-29
GRD0825,G09,Grade 9 Step 9,9,9,Customer Support,138586.45,164053.12,204814.43,USD,false,2014-09-28
GRD0826,G10,Grade 10 Step 9,10,9,Software Engineering,148234.80,177538.08,225127.39,USD,true,2014-10-28
GRD0827,G11,Grade 11 Step 9,11,9,People Operations,161277.10,190142.86,241273.04,USD,true,2014-11-27
GRD0828,G12,Grade 12 Step 9,12,9,Customer Support,172417.01,201033.44,256617.90,USD,true,2014-12-27
GRD0829,G01,Grade 1 Step 10,1,10,Software Engineering,50363.04,59734.09,71745.73,USD,false,2014-01-31
GRD0830,G02,Grade 2 Step 10,2,10,Software Engineering,63102.19,69878.47,87660.06,USD,false,2014-03-02
GRD0831,G03,Grade 3 Step 10,3,10,People Operations,73429.09,81890.02,103247.36,USD,false,2014-04-01
GRD0832,G04,Grade 4 Step 10,4,10,Data Science,83504.07,94406.76,122161.14,USD,false,2014-05-01
GRD0833,G05,Grade 5 Step 10,5,10,Sales,94706.54,107904.53,140279.73,USD,false,2014-05-31
GRD0834,G06,Grade 6 Step 10,6,10,Finance & Accounting,105469.07,121127.97,156897.50,USD,false,2014-06-30
GRD0835,G07,Grade 7 Step 10,7,10,People Operations,118826.56,134942.52,170978.69,USD,false,2014-07-30
GRD0836,G08,Grade 8 Step 10,8,10,Software Engineering,130233.89,148204.12,186883.65,USD,false,2014-08-29
GRD0837,G09,Grade 9 Step 10,9,10,IT Operations,142122.03,161709.41,205179.14,USD,false,2014-09-28
GRD0838,G10,Grade 10 Step 10,10,10,IT Operations,149141.14,175809.98,219262.08,USD,true,2014-10-28
GRD0839,G11,Grade 11 Step 10,11,10,Marketing,162102.90,190400.77,237218.15,USD,true,2014-11-27
GRD0840,G12,Grade 12 Step 10,12,10,Software Engineering,171884.65,201814.81,253404.45,USD,true,2014-12-27
GRD0841,G01,Grade 1 Step 1,1,1,People Operations,51455.45,56398.88,70023.56,USD,false,2014-01-31
GRD0842,G02,Grade 2 Step 1,2,1,Software Engineering,58889.52,72350.55,92854.89,USD,false,2014-03-02
GRD0843,G03,Grade 3 Step 1,3,1,Customer Support,73077.16,82049.85,109368.97,USD,false,2014-04-01
GRD0844,G04,Grade 4 Step 1,4,1,Finance & Accounting,81329.56,100643.71,122671.60,USD,false,2014-05-01
GRD0845,G05,Grade 5 Step 1,5,1,Software Engineering,95673.36,107583.72,134989.66,USD,false,2014-05-31
GRD0846,G06,Grade 6 Step 1,6,1,Legal,107466.66,120993.67,152832.35,USD,false,2014-06-30
GRD0847,G07,Grade 7 Step 1,7,1,Customer Support,115588.60,138877.84,174389.99,USD,false,2014-07-30
GRD0848,G08,Grade 8 Step 1,8,1,Legal,128701.91,150001.43,190277.34,USD,false,2014-08-29
GRD0849,G09,Grade 9 Step 1,9,1,Sales,141511.09,160823.24,204272.09,USD,false,2014-09-28
GRD0850,G10,Grade 10 Step 1,10,1,Data Science,147889.67,179602.15,217682.88,USD,true,2014-10-28
GRD0851,G11,Grade 11 Step 1,11,1,Legal,161759.53,186972.92,239814.78,USD,true,2014-11-27
GRD0852,G12,Grade 12 Step 1,12,1,Product Management,173007.05,204749.58,255946.51,USD,true,2014-12-27
GRD0853,G01,Grade 1 Step 2,1,2,Marketing,51134.56,58312.69,69652.24,USD,false,2014-01-31
GRD0854,G02,Grade 2 Step 2,2,2,Sales,60700.20,71063.08,86551.54,USD,false,2014-03-02
GRD0855,G03,Grade 3 Step 2,3,2,Data Science,74490.61,83936.37,107026.59,USD,false,2014-04-01
GRD0856,G04,Grade 4 Step 2,4,2,Marketing,84296.92,97352.60,121536.98,USD,false,2014-05-01
GRD0857,G05,Grade 5 Step 2,5,2,Software Engineering,96814.66,108445.42,135787.49,USD,false,2014-05-31
GRD0858,G06,Grade 6 Step 2,6,2,Customer Support,104359.67,122355.41,155957.74,USD,false,2014-06-30
GRD0859,G07,Grade 7 Step 2,7,2,Finance & Accounting,118024.96,138938.57,170138.76,USD,false,2014-07-30
GRD0860,G08,Grade 8 Step 2,8,2,Marketing,127022.56,153005.01,185310.11,USD,false,2014-08-29
GRD0861,G09,Grade 9 Step 2,9,2,Sales,138657.41,160652.30,203808.53,USD,false,2014-09-28
GRD0862,G10,Grade 10 Step 2,10,2,Marketing,148912.54,177415.47,217869.71,USD,true,2014-10-28
GRD0863,G11,Grade 11 Step 2,11,2,Customer Support,159717.18,188144.25,236467.44,USD,true,2014-11-27
GRD0864,G12,Grade 12 Step 2,12,2,People Operations,170755.79,205816.61,251178.35,USD,true,2014-12-27
GRD0865,G01,Grade 1 Step 3,1,3,Sales,52273.55,61107.06,72820.89,USD,false,2014-01-31
GRD0866,G02,Grade 2 Step 3,2,3,Marketing,60545.86,67972.63,91552.57,USD,false,2014-03-02
GRD0867,G03,Grade 3 Step 3,3,3,Data Science,70089.74,83006.99,103956.71,USD,false,2014-04-01
GRD0868,G04,Grade 4 Step 3,4,3,Legal,83326.30,94910.19,119079.97,USD,false,2014-05-01
GRD0869,G05,Grade 5 Step 3,5,3,Marketing,95899.24,112804.02,142205.21,USD,false,2014-05-31
GRD0870,G06,Grade 6 Step 3,6,3,Legal,108060.32,120973.59,156102.09,USD,false,2014-06-30
GRD0871,G07,Grade 7 Step 3,7,3,Software Engineering,115898.06,140491.37,173131.34,USD,false,2014-07-30
GRD0872,G08,Grade 8 Step 3,8,3,Software Engineering,126128.66,149616.59,188148.97,USD,false,2014-08-29
GRD0873,G09,Grade 9 Step 3,9,3,Finance & Accounting,140715.15,161659.12,207325.39,USD,false,2014-09-28
GRD0874,G10,Grade 10 Step 3,10,3,Marketing,152347.34,178643.39,220986.73,USD,true,2014-10-28
GRD0875,G11,Grade 11 Step 3,11,3,IT Operations,159506.22,187988.46,236985.65,USD,true,2014-11-27
GRD0876,G12,Grade 12 Step 3,12,3,Software Engineering,170282.81,203642.22,250963.57,USD,true,2014-12-27
GRD0877,G01,Grade 1 Step 4,1,4,Product Management,48867.14,60401.61,68938.76,USD,false,2014-01-31
GRD0878,G02,Grade 2 Step 4,2,4,Product Management,59780.60,72422.95,85589.06,USD,false,2014-03-02
GRD0879,G03,Grade 3 Step 4,3,4,Software Engineering,73853.81,87101.69,105485.89,USD,false,2014-04-01
GRD0880,G04,Grade 4 Step 4,4,4,Product Management,81687.41,95035.09,119933.96,USD,false,2014-05-01
GRD0881,G05,Grade 5 Step 4,5,4,Product Management,94306.05,111223.31,135420.40,USD,false,2014-05-31
GRD0882,G06,Grade 6 Step 4,6,4,Customer Support,104080.11,124671.78,151300.30,USD,false,2014-06-30
GRD0883,G07,Grade 7 Step 4,7,4,Marketing,116030.61,135339.22,170950.83,USD,false,2014-07-30
GRD0884,G08,Grade 8 Step 4,8,4,Sales,130914.85,153467.97,190266.76,USD,false,2014-08-29
GRD0885,G09,Grade 9 Step 4,9,4,IT Operations,139304.28,166570.20,200661.59,USD,false,2014-09-28
GRD0886,G10,Grade 10 Step 4,10,4,Software Engineering,150466.97,179108.24,221982.30,USD,true,2014-10-28
GRD0887,G11,Grade 11 Step 4,11,4,Sales,159354.24,188056.81,240848.01,USD,true,2014-11-27
GRD0888,G12,Grade 12 Step 4,12,4,Software Engineering,172571.78,204407.27,251070.40,USD,true,2014-12-27
GRD0889,G01,Grade 1 Step 5,1,5,Legal,51654.06,55206.85,73270.96,USD,false,2014-01-31
GRD0890,G02,Grade 2 Step 5,2,5,Sales,59100.98,73197.16,89236.65,USD,false,2014-03-02
GRD0891,G03,Grade 3 Step 5,3,5,Software Engineering,73731.07,81579.07,104252.92,USD,false,2014-04-01
GRD0892,G04,Grade 4 Step 5,4,5,Data Science,80396.77,98565.91,123842.11,USD,false,2014-05-01
GRD0893,G05,Grade 5 Step 5,5,5,Marketing,93402.51,113117.80,138389.19,USD,false,2014-05-31
GRD0894,G06,Grade 6 Step 5,6,5,Product Management,102700.64,127238.13,154490.74,USD,false,2014-06-30
GRD0895,G07,Grade 7 Step 5,7,5,People Operations,114067.83,139416.43,168745.81,USD,false,2014-07-30
GRD0896,G08,Grade 8 Step 5,8,5,IT Operations,129101.20,148243.52,186969.75,USD,false,2014-08-29
GRD0897,G09,Grade 9 Step 5,9,5,Product Management,137556.18,166806.80,206448.31,USD,false,2014-09-28
GRD0898,G10,Grade 10 Step 5,10,5,Data Science,153451.63,179111.96,221200.15,USD,true,2014-10-28
GRD0899,G11,Grade 11 Step 5,11,5,Customer Support,161926.11,189152.01,234189.20,USD,true,2014-11-27
GRD0900,G12,Grade 12 Step 5,12,5,Legal,173817.43,201473.37,255516.96,USD,true,2014-12-27
GRD0901,G01,Grade 1 Step 6,1,6,Finance & Accounting,51044.76,55262.47,74469.21,USD,false,2014-01-31
GRD0902,G02,Grade 2 Step 6,2,6,Finance & Accounting,61090.49,73393.07,89060.83,USD,false,2014-03-02
GRD0903,G03,Grade 3 Step 6,3,6,Customer Support,69705.18,86791.16,109426.52,USD,false,2014-04-01
GRD0904,G04,Grade 4 Step 6,4,6,Software Engineering,84524.20,100043.95,124793.70,USD,false,2014-05-01
GRD0905,G05,Grade 5 Step 6,5,6,Legal,92362.36,110187.19,139924.20,USD,false,2014-05-31
GRD0906,G06,Grade 6 Step 6,6,6,IT Operations,104390.96,127380.47,155523.16,USD,false,2014-06-30
GRD0907,G07,Grade 7 Step 6,7,6,Data Science,114277.76,139378.77,174388.42,USD,false,2014-07-30
GRD0908,G08,Grade 8 Step 6,8,6,Sales,126528.22,151254.62,188843.85,USD,false,2014-08-29
GRD0909,G09,Grade 9 Step 6,9,6,Customer Support,139733.65,166864.45,208203.50,USD,false,2014-09-28
GRD0910,G10,Grade 10 Step 6,10,6,Software Engineering,149901.66,179058.51,223907.70,USD,true,2014-10-28
GRD0911,G11,Grade 11 Step 6,11,6,Finance & Accounting,163686.89,189678.06,234344.98,USD,true,2014-11-27
GRD0912,G12,Grade 12 Step 6,12,6,Finance & Accounting,173975.14,206338.52,253804.35,USD,true,2014-12-27
GRD0913,G01,Grade 1 Step 7,1,7,Marketing,46457.62,57999.47,68422.30,USD,false,2014-01-31
GRD0914,G02,Grade 2 Step 7,2,7,Data Science,62823.16,71130.15,88355.71,USD,false,2014-03-02
GRD0915,G03,Grade 3 Step 7,3,7,Marketing,71596.89,83389.38,103186.54,USD,false,2014-04-01
GRD0916,G04,Grade 4 Step 7,4,7,Finance & Accounting,82465.05,97514.98,118155.91,USD,false,2014-05-01
GRD0917,G05,Grade 5 Step 7,5,7,Finance & Accounting,91912.23,109394.97,140453.90,USD,false,2014-05-31
GRD0918,G06,Grade 6 Step 7,6,7,Customer Support,105027.16,124463.42,153022.42,USD,false,2014-06-30
GRD0919,G07,Grade 7 Step 7,7,7,Sales,117884.26,134261.50,174566.58,USD,false,2014-07-30
GRD0920,G08,Grade 8 Step 7,8,7,Product Management,127405.41,149495.36,185301.55,USD,false,2014-08-29
GRD0921,G09,Grade 9 Step 7,9,7,Product Management,137676.18,166565.01,205794.59,USD,false,2014-09-28
GRD0922,G10,Grade 10 Step 7,10,7,People Operations,149412.25,175847.60,224619.80,USD,true,2014-10-28
GRD0923,G11,Grade 11 Step 7,11,7,Legal,159954.86,192606.33,234992.85,USD,true,2014-11-27
GRD0924,G12,Grade 12 Step 7,12,7,IT Operations,170138.12,205989.09,251019.78,USD,true,2014-12-27
GRD0925,G01,Grade 1 Step 8,1,8,Sales,49097.31,60209.82,70444.50,USD,false,2014-01-31
GRD0926,G02,Grade 2 Step 8,2,8,Finance & Accounting,61638.66,74643.19,91148.17,USD,false,2014-03-02
GRD0927,G03,Grade 3 Step 8,3,8,IT Operations,72820.48,82006.73,107841.20,USD,false,2014-04-01
GRD0928,G04,Grade 4 Step 8,4,8,Marketing,84062.90,94823.73,123257.15,USD,false,2014-05-01
GRD0929,G05,Grade 5 Step 8,5,8,Customer Support,92958.36,109566.26,137039.75,USD,false,2014-05-31
GRD0930,G06,Grade 6 Step 8,6,8,People Operations,108137.79,126329.86,151452.30,USD,false,2014-06-30
GRD0931,G07,Grade 7 Step 8,7,8,Customer Support,116772.19,138746.92,167623.94,USD,false,2014-07-30
GRD0932,G08,Grade 8 Step 8,8,8,Data Science,128389.23,150289.36,190478.01,USD,false,2014-08-29
GRD0933,G09,Grade 9 Step 8,9,8,Product Management,140636.02,165598.74,200834.05,USD,false,2014-09-28
GRD0934,G10,Grade 10 Step 8,10,8,Finance & Accounting,150432.19,173698.78,225140.33,USD,true,2014-10-28
GRD0935,G11,Grade 11 Step 8,11,8,Marketing,159691.40,190929.08,238568.36,USD,true,2014-11-27
GRD0936,G12,Grade 12 Step 8,12,8,Software Engineering,175936.54,201297.72,255210.05,USD,true,2014-12-27
GRD0937,G01,Grade 1 Step 9,1,9,Marketing,50110.34,56293.00,74947.31,USD,false,2014-01-31
GRD0938,G02,Grade 2 Step 9,2,9,Software Engineering,60139.92,74599.24,90408.39,USD,false,2014-03-02
GRD0939,G03,Grade 3 Step 9,3,9,People Operations,71805.15,87799.63,104450.83,USD,false,2014-04-01
GRD0940,G04,Grade 4 Step 9,4,9,Marketing,82056.44,100051.13,122150.95,USD,false,2014-05-01
GRD0941,G05,Grade 5 Step 9,5,9,Software Engineering,96051.07,109920.99,135612.76,USD,false,2014-05-31
GRD0942,G06,Grade 6 Step 9,6,9,IT Operations,107373.14,121175.36,153594.01,USD,false,2014-06-30
GRD0943,G07,Grade 7 Step 9,7,9,IT Operations,114879.77,136127.61,167930.15,USD,false,2014-07-30
GRD0944,G08,Grade 8 Step 9,8,9,Marketing,130817.72,152561.84,187105.95,USD,false,2014-08-29
GRD0945,G09,Grade 9 Step 9,9,9,Product Management,137958.58,166574.57,204625.83,USD,false,2014-09-28
GRD0946,G10,Grade 10 Step 9,10,9,Legal,149484.57,176674.25,217997.69,USD,true,2014-10-28
GRD0947,G11,Grade 11 Step 9,11,9,Marketing,160965.66,189080.42,240435.71,USD,true,2014-11-27
GRD0948,G12,Grade 12 Step 9,12,9,Customer Support,171650.07,201507.42,257963.19,USD,true,2014-12-27
GRD0949,G01,Grade 1 Step 10,1,10,Customer Support,49371.11,57441.97,69659.94,USD,false,2014-01-31
GRD0950,G02,Grade 2 Step 10,2,10,Finance & Accounting,57930.25,69774.44,89432.74,USD,false,2014-03-02
GRD0951,G03,Grade 3 Step 10,3,10,IT Operations,73887.86,83915.89,102003.24,USD,false,2014-04-01
GRD0952,G04,Grade 4 Step 10,4,10,People Operations,82282.48,100630.68,122440.59,USD,false,2014-05-01
GRD0953,G05,Grade 5 Step 10,5,10,Marketing,96389.79,108360.56,138284.55,USD,false,2014-05-31
GRD0954,G06,Grade 6 Step 10,6,10,Software Engineering,102879.90,126453.86,155823.34,USD,false,2014-06-30
GRD0955,G07,Grade 7 Step 10,7,10,Finance & Accounting,117410.34,136457.64,175925.45,USD,false,2014-07-30
GRD0956,G08,Grade 8 Step 10,8,10,Data Science,130255.39,147865.19,189198.81,USD,false,2014-08-29
GRD0957,G09,Grade 9 Step 10,9,10,People Operations,141255.01,165336.34,208552.80,USD,false,2014-09-28
GRD0958,G10,Grade 10 Step 10,10,10,Product Management,151384.09,180324.33,222529.98,USD,true,2014-10-28
GRD0959,G11,Grade 11 Step 10,11,10,Data Science,163386.84,189597.03,241704.30,USD,true,2014-11-27
GRD0960,G12,Grade 12 Step 10,12,10,Finance & Accounting,172430.87,203548.70,253030.19,USD,true,2014-12-27
GRD0961,G01,Grade 1 Step 1,1,1,Product Management,50608.08,55614.59,74626.31,USD,false,2014-01-31
GRD0962,G02,Grade 2 Step 1,2,1,People Operations,61598.59,74070.44,85964.50,USD,false,2014-03-02
GRD0963,G03,Grade 3 Step 1,3,1,Finance & Accounting,72913.13,87454.38,101919.81,USD,false,2014-04-01
GRD0964,G04,Grade 4 Step 1,4,1,Software Engineering,85151.60,98907.90,122858.72,USD,false,2014-05-01
GRD0965,G05,Grade 5 Step 1,5,1,People Operations,92650.99,112553.41,141178.67,USD,false,2014-05-31
GRD0966,G06,Grade 6 Step 1,6,1,Product Management,103524.03,125383.70,157441.74,USD,false,2014-06-30
GRD0967,G07,Grade 7 Step 1,7,1,IT Operations,114611.54,135924.98,167757.44,USD,false,2014-07-30
GRD0968,G08,Grade 8 Step 1,8,1,People Operations,130273.39,148105.82,190072.95,USD,false,2014-08-29
GRD0969,G09,Grade 9 Step 1,9,1,People Operations,139952.70,162323.03,201111.81,USD,false,2014-09-28
GRD0970,G10,Grade 10 Step 1,10,1,Legal,151149.94,177162.58,222303.74,USD,true,2014-10-28
GRD0971,G11,Grade 11 Step 1,11,1,Sales,160657.51,189357.22,238501.30,USD,true,2014-11-27
GRD0972,G12,Grade 12 Step 1,12,1,Data Science,172194.73,204926.11,250747.55,USD,true,2014-12-27
GRD0973,G01,Grade 1 Step 2,1,2,Finance & Accounting,47712.12,57783.39,74870.62,USD,false,2014-01-31
GRD0974,G02,Grade 2 Step 2,2,2,Customer Support,59285.73,68257.79,88656.67,USD,false,2014-03-02
GRD0975,G03,Grade 3 Step 2,3,2,IT Operations,72407.35,81297.63,105982.81,USD,false,2014-04-01
GRD0976,G04,Grade 4 Step 2,4,2,Customer Support,80803.35,95848.85,123304.00,USD,false,2014-05-01
GRD0977,G05,Grade 5 Step 2,5,2,Finance & Accounting,97054.33,111186.78,136392.50,USD,false,2014-05-31
GRD0978,G06,Grade 6 Step 2,6,2,IT Operations,107291.19,122191.98,158177.38,USD,false,2014-06-30
GRD0979,G07,Grade 7 Step 2,7,2,Legal,117028.66,134185.38,174179.78,USD,false,2014-07-30
GRD0980,G08,Grade 8 Step 2,8,2,Software Engineering,129875.20,149049.60,187229.26,USD,false,2014-08-29
GRD0981,G09,Grade 9 Step 2,9,2,Marketing,140610.63,164460.95,203982.45,USD,false,2014-09-28
GRD0982,G10,Grade 10 Step 2,10,2,IT Operations,153200.80,176472.29,222812.89,USD,true,2014-10-28
GRD0983,G11,Grade 11 Step 2,11,2,Software Engineering,163560.20,193508.25,236435.04,USD,true,2014-11-27
GRD0984,G12,Grade 12 Step 2,12,2,Marketing,170503.66,203397.35,251278.54,USD,true,2014-12-27
GRD0985,G01,Grade 1 Step 3,1,3,Customer Support,52115.51,60699.68,73608.74,USD,false,2014-01-31
GRD0986,G02,Grade 2 Step 3,2,3,Sales,59676.45,69160.41,88287.31,USD,false,2014-03-02
GRD0987,G03,Grade 3 Step 3,3,3,Marketing,73368.55,81602.51,109083.94,USD,false,2014-04-01
GRD0988,G04,Grade 4 Step 3,4,3,Software Engineering,82727.47,95664.16,123944.74,USD,false,2014-05-01
GRD0989,G05,Grade 5 Step 3,5,3,Sales,95931.75,108913.10,140922.82,USD,false,2014-05-31
GRD0990,G06,Grade 6 Step 3,6,3,Marketing,107022.48,127293.31,158872.02,USD,false,2014-06-30
GRD0991,G07,Grade 7 Step 3,7,3,Legal,118098.69,134407.83,169242.40,USD,false,2014-07-30
GRD0992,G08,Grade 8 Step 3,8,3,Software Engineering,130019.99,151626.85,190446.05,USD,false,2014-08-29
GRD0993,G09,Grade 9 Step 3,9,3,IT Operations,137908.39,162877.13,201942.71,USD,false,2014-09-28
GRD0994,G10,Grade 10 Step 3,10,3,Finance & Accounting,153417.46,175759.66,217444.09,USD,true,2014-10-28
GRD0995,G11,Grade 11 Step 3,11,3,Product Management,162898.34,189780.03,233847.19,USD,true,2014-11-27
GRD0996,G12,Grade 12 Step 3,12,3,Customer Support,174616.98,202466.27,257526.34,USD,true,2014-12-27
GRD0997,G01,Grade 1 Step 4,1,4,Finance & Accounting,50991.12,57876.71,76824.93,USD,false,2014-01-31
GRD0998,G02,Grade 2 Step 4,2,4,Finance & Accounting,62333.70,71136.07,91901.49,USD,false,2014-03-02
GRD0999,G03,Grade 3 Step 4,3,4,Product Management,73898.81,84720.28,103510.67,USD,false,2014-04-01
GRD1000,G04,Grade 4 Step 4,4,4,People Operations,81382.48,96038.39,118058.01,USD,false,2014-05-01
