salary_hike_id,employee_id,effective_date,previous_salary,new_salary,increase_amount,increase_pct,currency,hike_reason,review_cycle,approved_by,status
SLH0001,EMP0697,2025-06-22,183344.30,190678.07,7333.77,4.00,USD,retention,H2,EMP0535,pending
SLH0002,EMP0310,2024-06-10,73590.05,80429.97,6839.93,9.29,USD,spot_adjustment,H1,EMP0711,rejected
SLH0003,EMP0902,2025-10-31,118336.58,127603.93,9267.35,7.83,GBP,annual_cycle,Off-cycle,EMP0645,approved
SLH0004,EMP0277,2021-09-12,18017.37,18647.98,630.61,3.50,INR,annual_cycle,Off-cycle,EMP0525,pending
SLH0005,EMP0870,2021-10-30,108393.05,110560.91,2167.86,2.00,GBP,retention,Off-cycle,EMP0168,paid
SLH0006,EMP0618,2026-05-27,29272.40,32280.48,3008.07,10.28,INR,spot_adjustment,H2,EMP0577,pending
SLH0007,EMP0289,2025-12-13,64962.71,66261.97,1299.25,2.00,USD,market_correction,H2,EMP0757,pending
SLH0008,EMP0326,2024-02-10,164709.58,171297.96,6588.38,4.00,USD,market_correction,Annual,EMP0626,pending
SLH0009,EMP0375,2024-01-21,154382.37,159013.84,4631.47,3.00,USD,annual_cycle,H1,EMP0612,paid
SLH0010,EMP0859,2022-05-29,89437.50,93015.00,3577.50,4.00,USD,promotion,H1,EMP0961,approved
SLH0011,EMP0516,2023-06-18,85245.69,92065.35,6819.66,8.00,USD,spot_adjustment,H1,EMP0615,paid
SLH0012,EMP0276,2025-08-14,27666.07,28634.38,968.31,3.50,INR,annual_cycle,H1,EMP0880,pending
SLH0013,EMP0442,2020-07-04,64158.16,66724.49,2566.33,4.00,USD,annual_cycle,H1,EMP0740,paid
SLH0014,EMP0087,2020-05-30,175783.25,181935.67,6152.41,3.50,USD,promotion,H2,EMP0864,approved
SLH0015,EMP0149,2023-09-09,20216.30,21833.60,1617.30,8.00,INR,market_correction,H1,EMP0350,pending
SLH0016,EMP0034,2022-02-20,118500.95,128344.59,9843.64,8.31,USD,promotion,Annual,EMP0571,rejected
SLH0017,EMP0072,2026-07-10,172002.38,189202.62,17200.24,10.00,USD,retention,H1,EMP0828,paid
SLH0018,EMP0143,2025-06-26,164813.23,169757.62,4944.40,3.00,USD,retention,H2,EMP0465,pending
SLH0019,EMP0354,2026-02-24,99017.51,108919.26,9901.75,10.00,USD,market_correction,H2,EMP0147,paid
SLH0020,EMP0006,2024-08-24,21207.60,21631.76,424.15,2.00,INR,promotion,H1,EMP0810,approved
SLH0021,EMP0558,2025-08-26,120123.43,124327.75,4204.32,3.50,USD,retention,Off-cycle,EMP0016,paid
SLH0022,EMP0565,2022-09-25,117294.15,121399.45,4105.30,3.50,USD,promotion,Annual,EMP0552,rejected
SLH0023,EMP0313,2021-08-27,124592.57,139543.67,14951.11,12.00,USD,annual_cycle,H1,EMP0276,paid
SLH0024,EMP0112,2023-08-03,69780.34,71873.75,2093.41,3.00,USD,promotion,H2,EMP0882,rejected
SLH0025,EMP0920,2025-10-03,181575.99,199733.59,18157.60,10.00,USD,market_correction,Off-cycle,EMP0586,paid
SLH0026,EMP0261,2019-12-09,113776.23,122878.33,9102.10,8.00,USD,annual_cycle,Off-cycle,EMP0433,pending
SLH0027,EMP0436,2021-03-13,163212.57,168108.95,4896.38,3.00,USD,spot_adjustment,H1,EMP0122,paid
SLH0028,EMP0650,2024-06-11,45032.67,47921.41,2888.74,6.41,INR,spot_adjustment,H1,EMP0964,paid
SLH0029,EMP0348,2025-06-25,200878.46,204896.03,4017.57,2.00,USD,spot_adjustment,Annual,EMP0484,pending
SLH0030,EMP0532,2025-03-19,139889.27,156675.98,16786.71,12.00,USD,promotion,Off-cycle,EMP0025,paid
SLH0031,EMP0667,2024-01-12,102145.15,105209.50,3064.35,3.00,USD,retention,H2,EMP0400,approved
SLH0032,EMP0478,2021-12-11,110673.81,115100.76,4426.95,4.00,USD,promotion,H1,EMP0026,approved
SLH0033,EMP0328,2016-02-14,99322.88,103295.79,3972.92,4.00,USD,promotion,H2,EMP0718,approved
SLH0034,EMP0958,2026-03-13,60929.41,62148.00,1218.59,2.00,USD,retention,H2,EMP0509,pending
SLH0035,EMP0063,2025-11-18,81303.41,89433.75,8130.34,10.00,USD,promotion,H1,EMP0419,pending
SLH0036,EMP0031,2024-02-22,58950.74,61014.01,2063.28,3.50,USD,spot_adjustment,H1,EMP0817,paid
SLH0037,EMP0092,2025-01-24,83034.85,86639.27,3604.42,4.34,USD,retention,H2,EMP0041,rejected
SLH0038,EMP0554,2024-10-03,34279.98,37707.98,3428.00,10.00,INR,annual_cycle,H2,EMP0183,pending
SLH0039,EMP0434,2019-10-07,59253.83,63994.14,4740.31,8.00,USD,spot_adjustment,Annual,EMP0565,paid
SLH0040,EMP0476,2024-03-14,117659.01,127071.73,9412.72,8.00,USD,annual_cycle,Off-cycle,EMP0162,pending
SLH0041,EMP0420,2026-04-15,155114.13,161318.70,6204.57,4.00,USD,promotion,Annual,EMP0624,approved
SLH0042,EMP0442,2025-11-16,71317.09,77022.46,5705.37,8.00,USD,spot_adjustment,H2,EMP0523,rejected
SLH0043,EMP0344,2021-06-29,67092.46,72459.85,5367.40,8.00,USD,promotion,Annual,EMP0202,pending
SLH0044,EMP0070,2022-11-05,143489.12,148511.24,5022.12,3.50,USD,promotion,H1,EMP0454,pending
SLH0045,EMP0432,2026-03-02,32485.04,33459.59,974.55,3.00,INR,spot_adjustment,H2,EMP0645,pending
SLH0046,EMP0893,2023-09-05,80214.51,83022.02,2807.51,3.50,USD,promotion,Off-cycle,EMP0953,paid
SLH0047,EMP0900,2025-05-02,159173.11,167131.77,7958.66,5.00,USD,retention,H1,EMP0787,approved
SLH0048,EMP0075,2022-10-27,111901.16,119963.27,8062.10,7.20,USD,market_correction,Annual,EMP0149,pending
SLH0049,EMP0178,2026-06-29,120952.39,135466.68,14514.29,12.00,USD,spot_adjustment,Annual,EMP0980,pending
SLH0050,EMP0111,2023-03-14,81266.21,89392.83,8126.62,10.00,GBP,market_correction,H1,EMP0938,approved
SLH0051,EMP0913,2024-08-31,147273.63,156110.05,8836.42,6.00,USD,spot_adjustment,H1,EMP0451,pending
SLH0052,EMP0130,2024-02-13,130345.21,140772.82,10427.62,8.00,USD,spot_adjustment,Annual,EMP0974,pending
SLH0053,EMP0977,2021-07-27,87016.73,89687.57,2670.85,3.07,USD,market_correction,H2,EMP0576,paid
SLH0054,EMP0242,2019-09-12,80352.40,81959.45,1607.05,2.00,USD,market_correction,H2,EMP0957,approved
SLH0055,EMP0444,2016-06-02,165697.19,185580.85,19883.66,12.00,USD,spot_adjustment,Off-cycle,EMP0990,paid
SLH0056,EMP0099,2026-06-10,116699.99,120784.49,4084.50,3.50,USD,market_correction,H2,EMP0623,paid
SLH0057,EMP0060,2025-01-16,23094.74,24942.32,1847.58,8.00,INR,spot_adjustment,H2,EMP0317,pending
SLH0058,EMP0454,2025-06-01,54252.66,55880.24,1627.58,3.00,USD,spot_adjustment,H2,EMP0947,rejected
SLH0059,EMP0440,2026-05-28,157176.78,169750.93,12574.14,8.00,USD,retention,H1,EMP0611,paid
SLH0060,EMP0251,2026-05-28,160180.21,172994.63,12814.42,8.00,USD,market_correction,Off-cycle,EMP0227,approved
SLH0061,EMP0674,2026-02-16,129380.44,133908.76,4528.32,3.50,USD,promotion,H2,EMP0455,rejected
SLH0062,EMP0047,2026-05-29,56163.11,61779.42,5616.31,10.00,GBP,spot_adjustment,Off-cycle,EMP0917,rejected
SLH0063,EMP0696,2024-04-21,197439.08,221131.77,23692.69,12.00,USD,retention,Off-cycle,EMP0178,approved
SLH0064,EMP0128,2025-12-31,164119.68,169863.87,5744.19,3.50,USD,market_correction,Annual,EMP0101,rejected
SLH0065,EMP0214,2024-01-01,173648.82,187540.73,13891.91,8.00,GBP,retention,H2,EMP0040,pending
SLH0066,EMP0284,2024-10-29,148586.25,157501.43,8915.18,6.00,USD,promotion,Off-cycle,EMP0512,pending
SLH0067,EMP0158,2023-10-21,48517.27,51616.90,3099.63,6.39,INR,market_correction,Off-cycle,EMP0708,rejected
SLH0068,EMP0355,2021-08-06,73758.06,75970.81,2212.74,3.00,USD,promotion,H2,EMP0676,approved
SLH0069,EMP0587,2024-01-04,155352.91,164674.09,9321.17,6.00,USD,market_correction,H1,EMP0819,rejected
SLH0070,EMP0912,2026-10-08,163909.39,172104.86,8195.47,5.00,USD,spot_adjustment,H1,EMP0687,rejected
SLH0071,EMP0962,2026-05-23,160832.88,173699.51,12866.63,8.00,USD,market_correction,H1,EMP0995,rejected
SLH0072,EMP0295,2026-02-02,164042.48,170604.18,6561.70,4.00,USD,promotion,Annual,EMP0100,pending
SLH0073,EMP0963,2025-06-15,66741.94,68744.20,2002.26,3.00,USD,retention,Annual,EMP0899,paid
SLH0074,EMP0745,2016-09-27,49162.34,52112.08,2949.74,6.00,USD,market_correction,H1,EMP0450,pending
SLH0075,EMP0039,2025-12-21,127934.37,135610.43,7676.06,6.00,USD,retention,Off-cycle,EMP0205,approved
SLH0076,EMP0099,2019-04-04,115134.98,128951.17,13816.20,12.00,USD,promotion,H1,EMP0898,pending
SLH0077,EMP0454,2025-12-10,51991.56,54071.22,2079.66,4.00,USD,retention,Annual,EMP0083,paid
SLH0078,EMP0734,2023-02-04,64636.46,65929.19,1292.73,2.00,USD,promotion,H1,EMP0670,rejected
SLH0079,EMP0406,2024-08-04,144519.54,158665.30,14145.75,9.79,USD,spot_adjustment,H1,EMP0448,paid
SLH0080,EMP0954,2025-11-28,197479.98,207353.98,9874.00,5.00,USD,spot_adjustment,H2,EMP0393,approved
SLH0081,EMP0942,2023-11-27,179366.39,185644.21,6277.82,3.50,USD,spot_adjustment,H1,EMP0733,pending
SLH0082,EMP0425,2022-08-16,79282.65,85625.26,6342.61,8.00,USD,market_correction,H2,EMP0729,paid
SLH0083,EMP0343,2026-05-20,110157.06,113461.77,3304.71,3.00,USD,retention,H1,EMP0609,approved
SLH0084,EMP0071,2025-10-14,71877.28,80783.68,8906.40,12.39,USD,annual_cycle,Annual,EMP0779,rejected
SLH0085,EMP0787,2024-01-20,170263.41,187289.75,17026.34,10.00,USD,spot_adjustment,Off-cycle,EMP0233,rejected
SLH0086,EMP0350,2023-07-30,173216.30,194002.25,20785.96,12.00,USD,market_correction,H1,EMP0268,approved
SLH0087,EMP0486,2026-08-17,52131.42,57344.57,5213.14,10.00,USD,annual_cycle,H2,EMP0811,paid
SLH0088,EMP0867,2025-05-08,45409.61,47680.09,2270.48,5.00,GBP,market_correction,H1,EMP0255,pending
SLH0089,EMP0211,2022-12-01,124515.02,138700.97,14185.96,11.39,USD,promotion,H1,EMP0865,approved
SLH0090,EMP0905,2024-10-18,199613.12,211589.91,11976.79,6.00,USD,promotion,H2,EMP0799,approved
SLH0091,EMP0331,2026-08-04,135327.96,139387.80,4059.84,3.00,GBP,annual_cycle,H2,EMP0044,pending
SLH0092,EMP0070,2025-08-21,133890.86,141924.32,8033.45,6.00,USD,promotion,H2,EMP0557,approved
SLH0093,EMP0912,2026-10-08,151916.09,154954.42,3038.32,2.00,USD,annual_cycle,Off-cycle,EMP0050,approved
SLH0094,EMP0141,2025-02-06,166193.31,172010.08,5816.77,3.50,USD,retention,H1,EMP0429,pending
SLH0095,EMP0294,2024-11-29,160358.13,166089.45,5731.32,3.57,USD,spot_adjustment,H2,EMP0038,paid
SLH0096,EMP0366,2024-12-19,121725.41,136332.46,14607.05,12.00,USD,retention,Off-cycle,EMP0280,approved
SLH0097,EMP0850,2022-03-06,33616.90,37650.93,4034.03,12.00,INR,annual_cycle,Off-cycle,EMP0345,paid
SLH0098,EMP0140,2025-04-14,53296.48,56494.27,3197.79,6.00,INR,spot_adjustment,Off-cycle,EMP0986,paid
SLH0099,EMP0197,2024-12-27,145931.00,148849.62,2918.62,2.00,USD,annual_cycle,H2,EMP0185,rejected
SLH0100,EMP0411,2026-05-13,123654.39,129837.11,6182.72,5.00,USD,annual_cycle,H1,EMP0326,pending
SLH0101,EMP0085,2020-05-23,62088.18,67055.23,4967.05,8.00,USD,spot_adjustment,Annual,EMP0572,pending
SLH0102,EMP0067,2026-02-20,139054.02,149940.65,10886.64,7.83,GBP,promotion,H1,EMP0338,approved
SLH0103,EMP0314,2025-05-16,85185.82,96141.81,10955.98,12.86,USD,spot_adjustment,H1,EMP0969,pending
SLH0104,EMP0004,2025-10-26,42057.53,44160.41,2102.88,5.00,INR,spot_adjustment,Off-cycle,EMP0886,pending
SLH0105,EMP0598,2023-05-15,44175.43,45058.94,883.51,2.00,GBP,market_correction,Annual,EMP0880,rejected
SLH0106,EMP0239,2021-12-26,35059.72,36111.51,1051.79,3.00,INR,retention,H1,EMP0403,pending
SLH0107,EMP0653,2017-07-15,172864.41,186693.56,13829.15,8.00,GBP,promotion,Off-cycle,EMP0324,pending
SLH0108,EMP0448,2022-04-11,71713.79,76016.61,4302.83,6.00,USD,market_correction,H1,EMP0580,approved
SLH0109,EMP0610,2022-11-06,98656.82,101616.52,2959.70,3.00,USD,market_correction,H1,EMP0935,paid
SLH0110,EMP0695,2021-12-02,143956.66,165223.44,21266.78,14.77,USD,market_correction,Off-cycle,EMP0101,paid
SLH0111,EMP0009,2019-07-05,156470.58,172117.63,15647.06,10.00,USD,market_correction,H1,EMP0669,rejected
SLH0112,EMP0522,2023-02-04,102991.23,108140.79,5149.56,5.00,USD,promotion,Off-cycle,EMP0443,paid
SLH0113,EMP0153,2023-09-30,15875.03,16192.54,317.50,2.00,INR,spot_adjustment,H1,EMP0196,rejected
SLH0114,EMP0770,2026-06-23,44932.93,46280.92,1347.99,3.00,USD,retention,H2,EMP0555,rejected
SLH0115,EMP0095,2024-04-26,170756.58,179294.41,8537.83,5.00,GBP,market_correction,Off-cycle,EMP0653,paid
SLH0116,EMP0670,2022-02-10,66504.74,68349.68,1844.94,2.77,GBP,retention,H2,EMP0097,pending
SLH0117,EMP0639,2021-09-20,138279.78,149342.16,11062.38,8.00,USD,market_correction,H2,EMP0240,approved
SLH0118,EMP0960,2020-04-12,72572.08,74125.81,1553.73,2.14,USD,promotion,H1,EMP0184,rejected
SLH0119,EMP0787,2023-09-25,158073.25,177042.04,18968.79,12.00,USD,spot_adjustment,H1,EMP0925,paid
SLH0120,EMP0607,2026-08-04,52386.01,53957.59,1571.58,3.00,USD,annual_cycle,H2,EMP0650,paid
SLH0121,EMP0694,2024-12-27,152708.68,168866.57,16157.88,10.58,USD,annual_cycle,H2,EMP0667,rejected
SLH0122,EMP0968,2022-04-23,35944.81,36663.70,718.90,2.00,INR,market_correction,H1,EMP0023,paid
SLH0123,EMP0313,2026-03-05,132111.86,140038.57,7926.71,6.00,USD,spot_adjustment,H2,EMP0455,approved
SLH0124,EMP0439,2024-04-16,146933.65,149872.32,2938.67,2.00,USD,market_correction,Annual,EMP0070,approved
SLH0125,EMP0960,2025-01-16,64325.57,66898.59,2573.02,4.00,USD,promotion,Annual,EMP0601,paid
SLH0126,EMP0057,2021-07-19,67307.58,75384.49,8076.91,12.00,USD,annual_cycle,H2,EMP0429,rejected
SLH0127,EMP0349,2023-09-19,120750.78,130410.84,9660.06,8.00,USD,annual_cycle,H2,EMP0627,approved
SLH0128,EMP0414,2025-10-23,119455.69,129012.15,9556.46,8.00,USD,promotion,H2,EMP0681,approved
SLH0129,EMP0740,2025-08-15,118814.32,123566.89,4752.57,4.00,USD,annual_cycle,H1,EMP0622,pending
SLH0130,EMP0410,2022-06-21,111736.59,115647.37,3910.78,3.50,USD,promotion,H1,EMP0935,paid
SLH0131,EMP0249,2025-02-10,109790.61,111986.42,2195.81,2.00,USD,retention,Annual,EMP0633,paid
SLH0132,EMP0309,2023-01-26,130757.98,134680.72,3922.74,3.00,USD,annual_cycle,H2,EMP0213,pending
SLH0133,EMP0429,2022-12-26,84386.05,86073.77,1687.72,2.00,USD,retention,Off-cycle,EMP0061,paid
SLH0134,EMP0587,2023-12-19,142455.81,149578.61,7122.79,5.00,USD,promotion,H2,EMP0835,paid
SLH0135,EMP0929,2026-04-21,55795.80,57469.68,1673.87,3.00,INR,retention,H2,EMP0541,approved
SLH0136,EMP0915,2021-11-04,200471.93,208490.80,8018.88,4.00,USD,promotion,Off-cycle,EMP0767,paid
SLH0137,EMP0983,2026-07-20,132700.07,143810.71,11110.63,8.37,USD,annual_cycle,H1,EMP0883,rejected
SLH0138,EMP0749,2021-06-23,138635.66,143487.91,4852.25,3.50,USD,spot_adjustment,H2,EMP0924,rejected
SLH0139,EMP0088,2025-02-17,181498.60,207892.08,26393.48,14.54,USD,spot_adjustment,H1,EMP0101,approved
SLH0140,EMP0683,2024-02-04,164239.73,169988.12,5748.39,3.50,USD,market_correction,H2,EMP0735,paid
SLH0141,EMP0484,2023-12-12,109349.64,112630.13,3280.49,3.00,GBP,annual_cycle,Annual,EMP0526,approved
SLH0142,EMP0904,2025-06-16,122461.38,132258.29,9796.91,8.00,USD,annual_cycle,Annual,EMP0174,approved
SLH0143,EMP0372,2026-02-12,152018.63,161139.75,9121.12,6.00,USD,promotion,Annual,EMP0873,pending
SLH0144,EMP0517,2024-06-24,183871.64,191226.51,7354.87,4.00,USD,spot_adjustment,Off-cycle,EMP0107,approved
SLH0145,EMP0412,2017-07-12,155381.21,161596.46,6215.25,4.00,USD,retention,Off-cycle,EMP0130,pending
SLH0146,EMP0606,2015-10-29,71489.24,74348.81,2859.57,4.00,USD,retention,H1,EMP0674,approved
SLH0147,EMP0690,2026-05-14,93445.92,99052.67,5606.76,6.00,USD,market_correction,Annual,EMP0553,rejected
SLH0148,EMP0607,2026-08-03,51750.21,54855.23,3105.01,6.00,USD,market_correction,H1,EMP0625,pending
SLH0149,EMP0414,2024-04-04,112615.13,116556.65,3941.53,3.50,USD,spot_adjustment,H1,EMP0747,approved
SLH0150,EMP0816,2021-08-16,130529.41,148031.20,17501.79,13.41,USD,spot_adjustment,Annual,EMP0127,approved
SLH0151,EMP0088,2021-06-09,188520.20,199831.41,11311.21,6.00,USD,retention,Off-cycle,EMP0723,paid
SLH0152,EMP0651,2023-09-21,85848.41,90140.83,4292.42,5.00,USD,market_correction,H1,EMP0172,pending
SLH0153,EMP0020,2025-11-30,174912.52,181034.46,6121.94,3.50,USD,spot_adjustment,Annual,EMP0238,approved
SLH0154,EMP0907,2023-11-09,29860.97,33444.29,3583.32,12.00,INR,spot_adjustment,Off-cycle,EMP0762,rejected
SLH0155,EMP0950,2026-03-23,138011.29,140771.51,2760.23,2.00,USD,market_correction,Annual,EMP0720,pending
SLH0156,EMP0641,2026-06-19,192930.28,207376.71,14446.43,7.49,USD,promotion,H1,EMP0921,approved
SLH0157,EMP0855,2025-08-27,109760.00,116345.60,6585.60,6.00,USD,retention,Annual,EMP0461,paid
SLH0158,EMP0743,2024-01-16,66678.62,69012.37,2333.75,3.50,USD,annual_cycle,H1,EMP0007,paid
SLH0159,EMP0317,2022-08-16,57546.56,60423.89,2877.33,5.00,USD,market_correction,Annual,EMP0175,pending
SLH0160,EMP0602,2026-08-03,67940.15,72016.56,4076.41,6.00,USD,retention,H1,EMP0981,rejected
SLH0161,EMP0753,2024-12-05,109186.26,112461.85,3275.59,3.00,USD,spot_adjustment,H1,EMP0893,rejected
SLH0162,EMP0235,2024-12-06,75682.88,77196.53,1513.66,2.00,USD,promotion,H1,EMP0844,approved
SLH0163,EMP0190,2022-10-15,154775.46,170253.00,15477.55,10.00,USD,market_correction,Off-cycle,EMP0761,rejected
SLH0164,EMP0753,2026-03-13,104705.37,108370.06,3664.69,3.50,USD,annual_cycle,Annual,EMP0050,pending
SLH0165,EMP0226,2024-01-28,26615.22,29276.75,2661.52,10.00,INR,spot_adjustment,H2,EMP0148,pending
SLH0166,EMP0661,2026-04-03,96106.94,101873.35,5766.42,6.00,USD,promotion,H1,EMP0019,rejected
SLH0167,EMP0380,2025-12-16,55834.43,62534.56,6700.13,12.00,INR,retention,H2,EMP0620,approved
SLH0168,EMP0580,2021-05-06,136773.18,143611.84,6838.66,5.00,USD,retention,Annual,EMP0690,pending
SLH0169,EMP0852,2025-08-07,121769.66,133946.63,12176.97,10.00,USD,annual_cycle,Annual,EMP0138,rejected
SLH0170,EMP0168,2024-07-02,134774.42,138817.65,4043.23,3.00,USD,market_correction,Annual,EMP0788,paid
SLH0171,EMP0115,2024-10-30,195165.28,214359.36,19194.08,9.83,USD,annual_cycle,H1,EMP0644,approved
SLH0172,EMP0128,2018-06-04,156090.58,161553.75,5463.17,3.50,USD,market_correction,Annual,EMP0981,pending
SLH0173,EMP0267,2023-07-29,53485.88,59904.18,6418.31,12.00,INR,spot_adjustment,H2,EMP0893,rejected
SLH0174,EMP0234,2018-01-27,62714.14,66476.99,3762.85,6.00,USD,spot_adjustment,Off-cycle,EMP0387,rejected
SLH0175,EMP0674,2025-05-23,147040.38,161744.42,14704.04,10.00,USD,retention,H1,EMP0286,rejected
SLH0176,EMP0820,2020-12-19,74872.63,76370.08,1497.45,2.00,USD,retention,H2,EMP0531,pending
SLH0177,EMP0281,2025-08-29,17649.95,18708.94,1059.00,6.00,INR,promotion,H2,EMP0769,paid
SLH0178,EMP0332,2024-06-04,180237.73,194656.75,14419.02,8.00,USD,spot_adjustment,Annual,EMP0018,paid
SLH0179,EMP0445,2023-11-11,93118.91,104293.18,11174.27,12.00,USD,promotion,H1,EMP0389,rejected
SLH0180,EMP0903,2022-10-09,137497.71,152089.62,14591.92,10.61,USD,annual_cycle,Annual,EMP0187,paid
SLH0181,EMP0709,2020-11-07,72011.35,80652.71,8641.36,12.00,USD,promotion,Off-cycle,EMP0392,paid
SLH0182,EMP0888,2024-09-10,74429.25,83802.73,9373.48,12.59,USD,retention,H1,EMP0182,rejected
SLH0183,EMP0543,2026-05-18,83322.94,91973.67,8650.73,10.38,USD,annual_cycle,Off-cycle,EMP0181,rejected
SLH0184,EMP0547,2021-06-17,115219.73,129046.10,13826.37,12.00,USD,retention,H2,EMP0951,paid
SLH0185,EMP0057,2019-11-18,68860.45,75746.49,6886.04,10.00,USD,annual_cycle,H2,EMP0134,approved
SLH0186,EMP0224,2026-07-08,102394.19,104442.07,2047.88,2.00,USD,retention,Annual,EMP0312,rejected
SLH0187,EMP0119,2024-10-29,45295.48,47560.26,2264.77,5.00,INR,annual_cycle,Off-cycle,EMP0806,rejected
SLH0188,EMP0537,2023-12-25,29160.80,30181.42,1020.63,3.50,INR,promotion,H1,EMP0518,paid
SLH0189,EMP0261,2024-05-26,110325.94,123565.05,13239.11,12.00,USD,spot_adjustment,Off-cycle,EMP0613,approved
SLH0190,EMP0144,2022-03-13,52767.46,53822.81,1055.35,2.00,USD,market_correction,H1,EMP0286,approved
SLH0191,EMP0033,2025-06-02,96497.93,100357.85,3859.92,4.00,USD,market_correction,Annual,EMP0595,rejected
SLH0192,EMP0385,2024-12-21,78516.04,81264.10,2748.06,3.50,USD,market_correction,Annual,EMP0290,pending
SLH0193,EMP0809,2021-11-14,72645.32,74098.22,1452.91,2.00,USD,promotion,H1,EMP0202,approved
SLH0194,EMP0005,2025-04-25,18577.38,19692.02,1114.64,6.00,INR,promotion,H1,EMP0689,approved
SLH0195,EMP0333,2025-03-06,161857.22,181280.09,19422.87,12.00,USD,annual_cycle,Off-cycle,EMP0395,rejected
SLH0196,EMP0769,2026-02-19,149113.03,154331.98,5218.96,3.50,USD,annual_cycle,Annual,EMP0224,approved
SLH0197,EMP0186,2020-03-01,135473.83,140215.41,4741.58,3.50,USD,promotion,Annual,EMP0567,rejected
SLH0198,EMP0075,2026-02-05,127698.06,143021.83,15323.77,12.00,USD,promotion,H1,EMP0484,pending
SLH0199,EMP0640,2024-08-21,92729.69,102002.66,9272.97,10.00,USD,promotion,H1,EMP0661,paid
SLH0200,EMP0017,2015-10-20,63512.69,65735.64,2222.94,3.50,USD,spot_adjustment,Annual,EMP0080,approved
SLH0201,EMP0642,2025-09-27,122386.50,127281.96,4895.46,4.00,USD,market_correction,H1,EMP0285,pending
SLH0202,EMP0513,2023-08-04,99484.27,108687.23,9202.97,9.25,USD,market_correction,Off-cycle,EMP0468,paid
SLH0203,EMP0997,2026-09-03,49838.42,52828.72,2990.30,6.00,USD,market_correction,Annual,EMP0969,approved
SLH0204,EMP0209,2024-12-15,176384.40,179507.47,3123.07,1.77,USD,retention,Off-cycle,EMP0290,paid
SLH0205,EMP0888,2024-10-02,80010.28,81610.49,1600.21,2.00,USD,annual_cycle,Annual,EMP0931,paid
SLH0206,EMP0403,2026-07-08,156917.67,161625.20,4707.53,3.00,USD,annual_cycle,H1,EMP0794,rejected
SLH0207,EMP0887,2025-09-03,144180.22,158598.24,14418.02,10.00,USD,annual_cycle,H1,EMP0649,approved
SLH0208,EMP0004,2025-08-22,43393.41,44271.69,878.28,2.02,INR,spot_adjustment,Annual,EMP0789,pending
SLH0209,EMP0961,2024-10-01,157469.44,167147.73,9678.29,6.15,USD,spot_adjustment,H1,EMP0592,approved
SLH0210,EMP0256,2023-08-03,65849.06,68153.78,2304.72,3.50,USD,spot_adjustment,Annual,EMP0701,pending
SLH0211,EMP0952,2020-09-05,142636.55,154738.14,12101.59,8.48,USD,annual_cycle,H2,EMP0634,paid
SLH0212,EMP0153,2021-09-01,15008.95,16810.03,1801.07,12.00,INR,retention,Annual,EMP0547,approved
SLH0213,EMP0849,2024-03-22,89147.46,94496.31,5348.85,6.00,USD,annual_cycle,Off-cycle,EMP0022,rejected
SLH0214,EMP0808,2021-01-31,22325.27,23664.79,1339.52,6.00,INR,annual_cycle,H1,EMP0969,paid
SLH0215,EMP0393,2025-08-26,56761.29,63572.64,6811.35,12.00,GBP,annual_cycle,H2,EMP0990,pending
SLH0216,EMP0653,2023-05-08,167049.63,172896.37,5846.74,3.50,GBP,spot_adjustment,Annual,EMP0928,paid
SLH0217,EMP0304,2020-02-20,159873.53,163071.01,3197.47,2.00,USD,annual_cycle,Annual,EMP0948,paid
SLH0218,EMP0867,2024-11-15,45021.01,46596.75,1575.74,3.50,GBP,market_correction,H2,EMP0427,approved
SLH0219,EMP0721,2023-02-13,172502.53,178540.12,6037.59,3.50,USD,annual_cycle,H1,EMP0638,rejected
SLH0220,EMP0651,2025-10-16,85606.26,89030.52,3424.25,4.00,USD,annual_cycle,Annual,EMP0765,paid
SLH0221,EMP0402,2022-06-20,95479.83,97389.43,1909.60,2.00,USD,market_correction,H1,EMP0033,pending
SLH0222,EMP0586,2024-07-21,149210.02,158162.62,8952.60,6.00,USD,retention,Annual,EMP0998,paid
SLH0223,EMP0444,2020-07-22,166991.40,182513.84,15522.44,9.30,USD,market_correction,H2,EMP0040,pending
SLH0224,EMP0938,2025-12-20,143115.06,147408.51,4293.45,3.00,USD,promotion,H1,EMP0880,pending
SLH0225,EMP0441,2025-03-10,104068.16,112176.62,8108.46,7.79,USD,spot_adjustment,Off-cycle,EMP0745,rejected
SLH0226,EMP0234,2018-09-19,67892.74,69929.52,2036.78,3.00,USD,spot_adjustment,Annual,EMP0817,pending
SLH0227,EMP0986,2021-07-02,108052.35,118857.59,10805.24,10.00,USD,promotion,Off-cycle,EMP0205,paid
SLH0228,EMP0961,2024-09-24,156091.29,168578.59,12487.30,8.00,USD,spot_adjustment,H2,EMP0632,rejected
SLH0229,EMP0331,2026-02-21,133168.27,138495.00,5326.73,4.00,GBP,market_correction,Annual,EMP0180,approved
SLH0230,EMP0445,2021-02-13,101608.88,116161.14,14552.26,14.32,USD,market_correction,Annual,EMP0739,paid
SLH0231,EMP0704,2025-06-20,76965.71,80813.99,3848.29,5.00,USD,promotion,H2,EMP0093,approved
SLH0232,EMP0152,2026-07-28,125167.33,131425.69,6258.37,5.00,USD,retention,H1,EMP0524,paid
SLH0233,EMP0898,2026-07-01,170036.72,192228.49,22191.77,13.05,USD,annual_cycle,H2,EMP0320,rejected
SLH0234,EMP0362,2025-06-19,104818.51,117396.73,12578.22,12.00,USD,spot_adjustment,Annual,EMP0671,pending
SLH0235,EMP0844,2017-07-24,110422.60,126459.11,16036.51,14.52,USD,retention,Off-cycle,EMP0778,approved
SLH0236,EMP0379,2017-06-14,123891.20,136280.32,12389.12,10.00,USD,spot_adjustment,Annual,EMP0076,paid
SLH0237,EMP0360,2025-08-05,165958.68,174256.61,8297.93,5.00,USD,promotion,Off-cycle,EMP0270,paid
SLH0238,EMP0084,2026-06-13,73221.33,73960.94,739.60,1.01,USD,spot_adjustment,Off-cycle,EMP0659,pending
SLH0239,EMP0528,2024-03-09,120557.51,124777.02,4219.51,3.50,USD,spot_adjustment,Off-cycle,EMP0295,rejected
SLH0240,EMP0176,2023-05-29,62078.03,63940.37,1862.34,3.00,GBP,annual_cycle,H2,EMP0769,rejected
SLH0241,EMP0411,2024-08-07,132760.59,135415.80,2655.21,2.00,USD,retention,Off-cycle,EMP0994,rejected
SLH0242,EMP0344,2024-09-29,70534.20,77587.62,7053.42,10.00,USD,annual_cycle,H2,EMP0354,approved
SLH0243,EMP0735,2024-10-20,26222.13,28319.90,2097.77,8.00,INR,spot_adjustment,H1,EMP0234,approved
SLH0244,EMP0526,2024-02-07,107299.80,110518.79,3218.99,3.00,USD,spot_adjustment,H2,EMP0851,pending
SLH0245,EMP0371,2025-06-15,59209.45,67151.16,7941.71,13.41,INR,promotion,Annual,EMP0254,rejected
SLH0246,EMP0940,2025-09-24,167111.36,187164.72,20053.36,12.00,USD,promotion,H1,EMP0021,paid
SLH0247,EMP0340,2024-01-17,152297.11,157627.51,5330.40,3.50,GBP,retention,H1,EMP0752,rejected
SLH0248,EMP0542,2026-04-16,101457.23,109573.80,8116.58,8.00,USD,retention,Annual,EMP0270,rejected
SLH0249,EMP0822,2023-05-18,123996.58,138876.17,14879.59,12.00,GBP,annual_cycle,H1,EMP0807,pending
SLH0250,EMP0635,2025-07-09,157640.25,162369.46,4729.21,3.00,USD,promotion,H1,EMP0784,approved
SLH0251,EMP0459,2018-11-04,111696.13,113930.05,2233.92,2.00,USD,retention,Off-cycle,EMP0715,paid
SLH0252,EMP0729,2023-07-14,88470.47,91710.16,3239.70,3.66,USD,retention,H1,EMP0126,paid
SLH0253,EMP0592,2026-09-03,200963.99,207997.73,7033.74,3.50,USD,market_correction,H1,EMP0709,pending
SLH0254,EMP0799,2019-05-31,196080.05,201962.45,5882.40,3.00,USD,annual_cycle,Off-cycle,EMP0055,approved
SLH0255,EMP0758,2023-04-09,108260.38,121251.63,12991.25,12.00,USD,annual_cycle,Annual,EMP0882,approved
SLH0256,EMP0137,2023-06-18,91601.00,95265.04,3664.04,4.00,USD,annual_cycle,H2,EMP0145,paid
SLH0257,EMP0678,2026-05-11,174263.82,184719.64,10455.83,6.00,USD,promotion,Annual,EMP0936,approved
SLH0258,EMP0283,2025-07-27,163669.31,169397.73,5728.43,3.50,USD,retention,Off-cycle,EMP0601,rejected
SLH0259,EMP0462,2019-12-22,81927.95,91759.31,9831.35,12.00,USD,market_correction,Off-cycle,EMP0500,rejected
SLH0260,EMP0417,2025-08-06,128671.60,131245.03,2573.43,2.00,USD,spot_adjustment,H2,EMP0234,approved
SLH0261,EMP0588,2026-03-08,153638.65,162856.97,9218.32,6.00,USD,promotion,H2,EMP0125,pending
SLH0262,EMP0313,2019-09-13,115986.87,120046.41,4059.54,3.50,USD,spot_adjustment,Annual,EMP0257,approved
SLH0263,EMP0044,2017-08-07,142005.87,161461.40,19455.53,13.70,USD,promotion,Annual,EMP0752,approved
SLH0264,EMP0285,2026-07-09,41917.05,44012.90,2095.85,5.00,INR,market_correction,Annual,EMP0203,pending
SLH0265,EMP0946,2020-12-01,99955.18,104952.94,4997.76,5.00,USD,promotion,H2,EMP0665,paid
SLH0266,EMP0588,2016-03-05,137115.73,146904.97,9789.24,7.14,USD,spot_adjustment,H1,EMP0509,paid
SLH0267,EMP0672,2022-09-16,53796.95,55679.85,1882.89,3.50,USD,promotion,H1,EMP0585,approved
SLH0268,EMP0409,2024-11-21,133003.48,137658.60,4655.12,3.50,USD,retention,Annual,EMP0860,paid
SLH0269,EMP0548,2023-08-09,88035.11,91578.85,3543.74,4.03,USD,promotion,Annual,EMP0183,approved
SLH0270,EMP0067,2020-06-13,137032.12,150735.34,13703.21,10.00,GBP,annual_cycle,Off-cycle,EMP0515,rejected
SLH0271,EMP0942,2023-11-25,188436.30,208528.00,20091.70,10.66,USD,annual_cycle,H2,EMP0958,approved
SLH0272,EMP0538,2019-03-27,79152.26,81526.83,2374.57,3.00,USD,spot_adjustment,H2,EMP0459,rejected
SLH0273,EMP0165,2024-03-29,151077.25,166184.97,15107.72,10.00,GBP,annual_cycle,H2,EMP0763,approved
SLH0274,EMP0801,2018-10-21,18317.86,18958.98,641.13,3.50,INR,promotion,H1,EMP0871,paid
SLH0275,EMP0994,2024-05-27,124821.61,127318.04,2496.43,2.00,USD,annual_cycle,H2,EMP0170,pending
SLH0276,EMP0636,2023-06-14,157129.49,175985.03,18855.54,12.00,USD,promotion,Off-cycle,EMP0059,approved
SLH0277,EMP0479,2018-10-29,110721.68,124008.28,13286.60,12.00,USD,annual_cycle,H1,EMP0344,pending
SLH0278,EMP0963,2025-02-13,66883.91,69224.85,2340.94,3.50,USD,market_correction,H2,EMP0850,rejected
SLH0279,EMP0932,2026-07-25,45675.96,46589.48,913.52,2.00,INR,promotion,Annual,EMP0267,rejected
SLH0280,EMP0938,2025-07-24,144135.05,154379.61,10244.56,7.11,USD,promotion,Off-cycle,EMP0811,pending
SLH0281,EMP0641,2026-06-09,194291.34,200120.08,5828.74,3.00,USD,spot_adjustment,H1,EMP0764,approved
SLH0282,EMP0895,2020-11-13,120811.61,128060.30,7248.70,6.00,USD,market_correction,Annual,EMP0206,rejected
SLH0283,EMP0338,2026-03-04,157892.42,170523.82,12631.39,8.00,USD,annual_cycle,Off-cycle,EMP0096,approved
SLH0284,EMP0055,2024-12-30,56070.37,57191.78,1121.41,2.00,USD,spot_adjustment,H2,EMP0497,approved
SLH0285,EMP0049,2024-12-12,88212.71,97033.98,8821.27,10.00,USD,spot_adjustment,Annual,EMP0217,pending
SLH0286,EMP0855,2021-12-08,94268.33,98981.75,4713.42,5.00,USD,annual_cycle,H1,EMP0398,rejected
SLH0287,EMP0849,2025-05-30,85548.23,90681.13,5132.89,6.00,USD,annual_cycle,H1,EMP0732,rejected
SLH0288,EMP0379,2021-04-23,114273.61,123415.50,9141.89,8.00,USD,annual_cycle,H2,EMP0357,rejected
SLH0289,EMP0161,2017-07-17,75019.64,78770.63,3750.98,5.00,USD,retention,H2,EMP0590,rejected
SLH0290,EMP0179,2022-08-04,177026.75,198269.96,21243.21,12.00,USD,market_correction,Annual,EMP0597,rejected
SLH0291,EMP0915,2023-08-15,178293.23,188990.82,10697.59,6.00,USD,promotion,Annual,EMP0694,rejected
SLH0292,EMP0549,2016-08-04,51340.07,54420.48,3080.40,6.00,USD,annual_cycle,Off-cycle,EMP0733,paid
SLH0293,EMP0199,2025-07-23,85815.36,87248.29,1432.92,1.67,USD,spot_adjustment,Off-cycle,EMP0456,paid
SLH0294,EMP0613,2025-06-11,96049.89,103733.88,7683.99,8.00,USD,spot_adjustment,H1,EMP0200,rejected
SLH0295,EMP0711,2023-08-25,16384.20,18350.30,1966.10,12.00,INR,spot_adjustment,H2,EMP0463,rejected
SLH0296,EMP0377,2023-02-16,64302.73,65749.40,1446.66,2.25,USD,retention,Annual,EMP0256,approved
SLH0297,EMP0202,2025-08-12,67115.52,70471.30,3355.78,5.00,USD,spot_adjustment,H1,EMP0664,paid
SLH0298,EMP0596,2026-01-09,120594.88,124815.70,4220.82,3.50,USD,annual_cycle,H1,EMP0233,paid
SLH0299,EMP0898,2026-07-30,170312.15,180530.88,10218.73,6.00,USD,annual_cycle,Annual,EMP0302,pending
SLH0300,EMP0774,2018-10-31,146069.39,157754.94,11685.55,8.00,USD,retention,H2,EMP0280,paid
SLH0301,EMP0082,2025-08-23,67001.67,75041.87,8040.20,12.00,USD,market_correction,Annual,EMP0242,rejected
SLH0302,EMP0542,2026-04-11,97773.33,109506.13,11732.80,12.00,USD,promotion,Annual,EMP0929,approved
SLH0303,EMP0609,2018-07-06,155845.61,160520.98,4675.37,3.00,USD,annual_cycle,H1,EMP0235,approved
SLH0304,EMP0540,2018-12-19,136447.82,147363.65,10915.83,8.00,USD,spot_adjustment,Annual,EMP0784,pending
SLH0305,EMP0853,2021-12-01,141383.81,152080.55,10696.74,7.57,GBP,retention,H2,EMP0856,approved
SLH0306,EMP0656,2025-10-06,53081.63,55204.89,2123.27,4.00,USD,annual_cycle,Annual,EMP0847,pending
SLH0307,EMP0165,2022-08-23,144710.87,151946.41,7235.54,5.00,GBP,annual_cycle,Annual,EMP0829,rejected
SLH0308,EMP0644,2024-05-18,108724.08,111985.81,3261.72,3.00,USD,market_correction,Annual,EMP0999,paid
SLH0309,EMP0414,2022-03-01,119392.79,128944.21,9551.42,8.00,USD,spot_adjustment,Off-cycle,EMP0358,paid
SLH0310,EMP0865,2026-05-07,69512.96,73683.73,4170.78,6.00,USD,market_correction,Off-cycle,EMP0611,rejected
SLH0311,EMP0315,2025-07-11,46524.03,48384.99,1860.96,4.00,GBP,retention,H2,EMP0112,paid
SLH0312,EMP0432,2026-02-27,33349.80,37351.77,4001.98,12.00,INR,market_correction,H2,EMP0708,paid
SLH0313,EMP0779,2022-07-29,164996.46,168268.23,3271.77,1.98,USD,market_correction,H2,EMP0922,approved
SLH0314,EMP0176,2026-05-08,60311.41,66342.55,6031.14,10.00,GBP,spot_adjustment,Annual,EMP0873,pending
SLH0315,EMP0413,2022-12-30,164526.39,184269.56,19743.17,12.00,USD,market_correction,Off-cycle,EMP0846,rejected
SLH0316,EMP0191,2025-05-02,83215.09,88927.48,5712.39,6.86,USD,spot_adjustment,Off-cycle,EMP0100,rejected
SLH0317,EMP0473,2021-11-25,81765.63,84218.59,2452.97,3.00,USD,promotion,Off-cycle,EMP0991,paid
SLH0318,EMP0720,2023-07-18,163263.37,182854.97,19591.60,12.00,USD,promotion,Off-cycle,EMP0093,rejected
SLH0319,EMP0696,2026-07-15,194683.92,210258.64,15574.71,8.00,USD,retention,Annual,EMP0669,pending
SLH0320,EMP0934,2026-05-31,186220.04,190591.80,4371.77,2.35,USD,retention,Annual,EMP0441,approved
SLH0321,EMP0801,2024-04-21,18971.42,20109.71,1138.29,6.00,INR,annual_cycle,H1,EMP0341,pending
SLH0322,EMP0617,2026-05-19,68143.44,72232.04,4088.61,6.00,USD,spot_adjustment,Off-cycle,EMP0482,paid
SLH0323,EMP0701,2022-06-17,164288.87,177431.98,13143.11,8.00,USD,promotion,H1,EMP0631,paid
SLH0324,EMP0815,2019-09-29,86846.37,93794.08,6947.71,8.00,USD,spot_adjustment,H1,EMP0363,rejected
SLH0325,EMP0816,2026-04-13,128146.41,131990.80,3844.39,3.00,USD,promotion,H1,EMP0366,pending
SLH0326,EMP0169,2017-08-23,153975.92,157055.43,3079.52,2.00,USD,retention,Off-cycle,EMP0452,rejected
SLH0327,EMP0760,2024-12-02,74708.56,80685.25,5976.69,8.00,GBP,retention,Annual,EMP0400,approved
SLH0328,EMP0101,2026-03-14,187336.16,193892.93,6556.77,3.50,USD,retention,Off-cycle,EMP0546,pending
SLH0329,EMP0355,2025-07-28,71467.90,77185.34,5717.43,8.00,USD,market_correction,Annual,EMP0620,paid
SLH0330,EMP0455,2025-12-31,91956.41,96554.23,4597.82,5.00,USD,annual_cycle,H1,EMP0824,rejected
SLH0331,EMP0988,2021-07-12,147488.72,154863.15,7374.44,5.00,USD,retention,Annual,EMP0755,approved
SLH0332,EMP0997,2026-09-03,53318.51,55184.66,1866.15,3.50,USD,spot_adjustment,Off-cycle,EMP0666,pending
SLH0333,EMP0118,2025-09-22,181083.76,190137.95,9054.19,5.00,USD,spot_adjustment,H2,EMP0292,approved
SLH0334,EMP0171,2024-03-04,74948.59,77197.05,2248.46,3.00,USD,spot_adjustment,H1,EMP0948,pending
SLH0335,EMP0797,2020-03-20,181423.06,190494.22,9071.15,5.00,USD,promotion,Annual,EMP0336,paid
SLH0336,EMP0463,2022-11-15,120729.51,127973.28,7243.77,6.00,USD,retention,Annual,EMP0675,paid
SLH0337,EMP0924,2022-06-18,52781.56,54628.91,1847.35,3.50,USD,spot_adjustment,H2,EMP0394,pending
SLH0338,EMP0853,2023-05-14,136503.79,140598.90,4095.11,3.00,GBP,promotion,H1,EMP0970,approved
SLH0339,EMP0583,2021-03-07,115585.26,128337.00,12751.74,11.03,USD,promotion,Off-cycle,EMP0061,rejected
SLH0340,EMP0467,2025-05-04,20487.32,22945.80,2458.48,12.00,INR,retention,H2,EMP0216,paid
SLH0341,EMP0594,2022-10-26,154693.08,160107.34,5414.26,3.50,USD,promotion,Annual,EMP0022,approved
SLH0342,EMP0041,2025-11-06,58524.87,63206.86,4681.99,8.00,USD,spot_adjustment,H1,EMP0292,pending
SLH0343,EMP0155,2025-03-18,146968.64,168841.02,21872.38,14.88,USD,market_correction,Annual,EMP0439,rejected
SLH0344,EMP0130,2026-06-08,142356.50,148050.76,5694.26,4.00,USD,annual_cycle,Off-cycle,EMP0255,approved
SLH0345,EMP0738,2025-10-02,157630.70,163935.93,6305.23,4.00,USD,promotion,Off-cycle,EMP0421,approved
SLH0346,EMP0381,2025-05-31,111141.43,116698.50,5557.07,5.00,USD,spot_adjustment,H2,EMP0975,paid
SLH0347,EMP0685,2019-03-15,74879.40,79372.17,4492.76,6.00,USD,promotion,H2,EMP0333,pending
SLH0348,EMP0177,2025-02-23,119499.83,133839.81,14339.98,12.00,USD,annual_cycle,Annual,EMP0889,rejected
SLH0349,EMP0122,2023-02-21,102943.02,107060.74,4117.72,4.00,USD,retention,Annual,EMP0851,approved
SLH0350,EMP0371,2025-10-06,58462.04,59631.28,1169.24,2.00,INR,spot_adjustment,Off-cycle,EMP0032,pending
SLH0351,EMP0889,2025-12-02,75499.99,78142.49,2642.50,3.50,USD,promotion,Annual,EMP0012,approved
SLH0352,EMP0721,2026-02-22,165850.20,179118.22,13268.02,8.00,USD,retention,Off-cycle,EMP0543,approved
SLH0353,EMP0781,2024-04-13,163242.27,166507.11,3264.85,2.00,USD,retention,H1,EMP0173,paid
SLH0354,EMP0742,2023-06-07,123461.26,127782.40,4321.14,3.50,USD,retention,Off-cycle,EMP0742,approved
SLH0355,EMP0588,2026-01-05,147019.28,160594.91,13575.63,9.23,USD,retention,H1,EMP0529,pending
SLH0356,EMP0624,2026-05-26,175233.40,183995.07,8761.67,5.00,USD,promotion,Off-cycle,EMP0895,pending
SLH0357,EMP0619,2025-02-27,126644.52,130443.85,3799.34,3.00,USD,market_correction,Off-cycle,EMP0903,paid
SLH0358,EMP0382,2020-09-03,129373.91,139723.82,10349.91,8.00,USD,annual_cycle,Annual,EMP0021,rejected
SLH0359,EMP0462,2024-12-17,74710.40,77653.27,2942.87,3.94,USD,promotion,H2,EMP0872,approved
SLH0360,EMP0481,2025-09-30,52027.40,55149.04,3121.64,6.00,INR,annual_cycle,H2,EMP0553,rejected
SLH0361,EMP0629,2026-06-05,141365.39,147020.01,5654.62,4.00,GBP,market_correction,Off-cycle,EMP0946,pending
SLH0362,EMP0689,2024-08-26,39994.25,44793.56,4799.31,12.00,INR,retention,H2,EMP0099,approved
SLH0363,EMP0035,2019-03-23,94690.59,100372.03,5681.44,6.00,USD,spot_adjustment,Annual,EMP0095,paid
SLH0364,EMP0438,2026-03-01,81775.56,85864.34,4088.78,5.00,USD,promotion,Annual,EMP0042,approved
SLH0365,EMP0671,2024-07-17,153077.45,158435.16,5357.71,3.50,USD,annual_cycle,Annual,EMP0940,approved
SLH0366,EMP0910,2023-09-22,78288.95,81420.51,3131.56,4.00,USD,promotion,Off-cycle,EMP0110,approved
SLH0367,EMP0572,2022-03-25,111707.71,113941.87,2234.15,2.00,USD,spot_adjustment,Off-cycle,EMP0410,pending
SLH0368,EMP0112,2025-10-03,72459.82,81155.00,8695.18,12.00,USD,retention,H2,EMP0087,approved
SLH0369,EMP0953,2025-01-26,104044.49,119440.88,15396.39,14.80,USD,annual_cycle,H1,EMP0629,pending
SLH0370,EMP0782,2015-09-24,90993.04,98272.49,7279.44,8.00,USD,spot_adjustment,Off-cycle,EMP0996,paid
SLH0371,EMP0748,2026-10-01,97173.72,98807.49,1633.77,1.68,GBP,promotion,H1,EMP0824,rejected
SLH0372,EMP0622,2021-07-17,45593.81,49241.31,3647.50,8.00,INR,annual_cycle,H1,EMP0831,paid
SLH0373,EMP0664,2026-08-02,95030.73,98356.81,3326.08,3.50,USD,spot_adjustment,H1,EMP0814,paid
SLH0374,EMP0623,2025-07-27,102287.66,104830.81,2543.14,2.49,USD,retention,Off-cycle,EMP0359,rejected
SLH0375,EMP0967,2025-12-19,44743.80,47428.43,2684.63,6.00,USD,promotion,H2,EMP0010,rejected
SLH0376,EMP0062,2017-10-01,148776.29,163913.51,15137.21,10.17,USD,market_correction,Off-cycle,EMP0215,approved
SLH0377,EMP0140,2026-07-03,46273.73,50901.10,4627.37,10.00,INR,annual_cycle,Off-cycle,EMP0609,pending
SLH0378,EMP0483,2022-12-13,114538.89,117975.05,3436.17,3.00,USD,spot_adjustment,H2,EMP0727,approved
SLH0379,EMP0778,2023-07-03,43758.99,45946.94,2187.95,5.00,INR,promotion,H2,EMP0857,rejected
SLH0380,EMP0154,2021-04-13,146600.20,156903.92,10303.72,7.03,USD,annual_cycle,H1,EMP0784,approved
SLH0381,EMP0974,2021-09-20,148585.38,160472.21,11886.83,8.00,USD,retention,Off-cycle,EMP0120,approved
SLH0382,EMP0525,2023-03-09,139500.59,143685.61,4185.02,3.00,USD,spot_adjustment,H1,EMP0572,paid
SLH0383,EMP0222,2024-12-25,17018.60,17529.16,510.56,3.00,INR,annual_cycle,Off-cycle,EMP0329,paid
SLH0384,EMP0907,2024-10-06,32828.50,33813.35,984.85,3.00,INR,spot_adjustment,H2,EMP0240,paid
SLH0385,EMP0533,2025-09-07,91307.92,95873.32,4565.40,5.00,USD,annual_cycle,H2,EMP0927,rejected
SLH0386,EMP0269,2026-06-02,75927.30,82001.48,6074.18,8.00,USD,market_correction,Annual,EMP0227,approved
SLH0387,EMP0655,2022-03-13,170082.86,183689.48,13606.63,8.00,GBP,spot_adjustment,Annual,EMP0566,paid
SLH0388,EMP0468,2022-01-14,51534.44,58197.63,6663.18,12.93,USD,annual_cycle,Off-cycle,EMP0331,pending
SLH0389,EMP0766,2020-03-27,85693.15,90868.99,5175.84,6.04,USD,spot_adjustment,H1,EMP0384,approved
SLH0390,EMP0281,2026-05-20,17361.61,17708.84,347.23,2.00,INR,spot_adjustment,Off-cycle,EMP0515,paid
SLH0391,EMP0836,2024-05-23,105300.44,117936.50,12636.05,12.00,USD,promotion,H1,EMP0412,rejected
SLH0392,EMP0654,2024-11-17,127950.88,130509.89,2559.02,2.00,USD,retention,Annual,EMP0697,paid
SLH0393,EMP0695,2024-11-22,161890.92,167557.10,5666.18,3.50,USD,spot_adjustment,H1,EMP0245,rejected
SLH0394,EMP0706,2021-11-17,16222.43,18388.84,2166.42,13.35,INR,retention,Off-cycle,EMP0193,pending
SLH0395,EMP0982,2018-10-30,184447.00,190860.37,6413.37,3.48,USD,annual_cycle,Annual,EMP0746,pending
SLH0396,EMP0881,2026-01-15,41519.75,43180.54,1660.79,4.00,INR,promotion,H1,EMP0375,approved
SLH0397,EMP0480,2025-12-21,136995.32,139735.23,2739.91,2.00,GBP,annual_cycle,Off-cycle,EMP0381,approved
SLH0398,EMP0393,2021-05-26,59704.89,64481.28,4776.39,8.00,GBP,spot_adjustment,Annual,EMP0612,pending
SLH0399,EMP0862,2021-02-19,40544.65,41355.54,810.89,2.00,INR,retention,Off-cycle,EMP0716,approved
SLH0400,EMP0198,2025-09-18,71690.56,80293.43,8602.87,12.00,USD,retention,H2,EMP0872,rejected
SLH0401,EMP0083,2023-06-16,181659.87,192559.46,10899.59,6.00,USD,promotion,Annual,EMP0094,approved
SLH0402,EMP0075,2023-02-09,112772.93,119539.30,6766.38,6.00,USD,market_correction,Off-cycle,EMP0089,pending
SLH0403,EMP0419,2022-11-18,56220.35,60574.90,4354.54,7.75,USD,promotion,H1,EMP0008,rejected
SLH0404,EMP0248,2019-04-05,154214.65,157298.94,3084.29,2.00,USD,promotion,H2,EMP0867,pending
SLH0405,EMP0770,2025-08-11,50094.48,51597.31,1502.83,3.00,USD,promotion,Annual,EMP0134,pending
SLH0406,EMP0548,2023-11-08,84165.13,90898.34,6733.21,8.00,USD,promotion,H2,EMP0954,paid
SLH0407,EMP0790,2019-08-29,155796.68,165313.04,9516.35,6.11,USD,annual_cycle,H2,EMP0466,paid
SLH0408,EMP0928,2025-05-15,143939.91,148977.81,5037.90,3.50,USD,retention,H1,EMP0737,rejected
SLH0409,EMP0992,2021-02-25,155574.28,158685.76,3111.49,2.00,USD,retention,Off-cycle,EMP0081,paid
SLH0410,EMP0996,2022-09-02,114309.14,125740.06,11430.91,10.00,USD,market_correction,H2,EMP0425,rejected
SLH0411,EMP0100,2025-09-13,187809.32,210346.44,22537.12,12.00,USD,spot_adjustment,Annual,EMP0063,pending
SLH0412,EMP0452,2020-03-31,25912.68,26273.66,360.98,1.39,INR,annual_cycle,Annual,EMP0589,approved
SLH0413,EMP0322,2026-01-27,113124.44,115386.93,2262.49,2.00,USD,retention,H1,EMP0340,paid
SLH0414,EMP0656,2019-05-18,54885.18,55982.88,1097.70,2.00,USD,spot_adjustment,Off-cycle,EMP0858,approved
SLH0415,EMP0178,2026-07-02,112776.45,126309.63,13533.17,12.00,USD,market_correction,H1,EMP0146,pending
SLH0416,EMP0068,2024-11-06,66565.46,70559.39,3993.93,6.00,USD,market_correction,H2,EMP0788,approved
SLH0417,EMP0086,2024-06-09,26618.94,29813.21,3194.27,12.00,INR,retention,H1,EMP0504,rejected
SLH0418,EMP0514,2024-02-14,121753.10,133044.86,11291.76,9.27,USD,retention,H1,EMP0315,approved
SLH0419,EMP0111,2022-07-10,77160.67,81790.31,4629.64,6.00,GBP,annual_cycle,H2,EMP0062,approved
SLH0420,EMP0369,2025-02-17,122560.54,137267.80,14707.26,12.00,USD,promotion,Annual,EMP0514,rejected
SLH0421,EMP0741,2023-01-16,82371.10,84018.52,1647.42,2.00,USD,retention,Off-cycle,EMP0830,pending
SLH0422,EMP0528,2025-09-17,114388.97,118964.53,4575.56,4.00,USD,market_correction,Off-cycle,EMP0614,pending
SLH0423,EMP0584,2021-11-25,182966.59,201263.25,18296.66,10.00,USD,spot_adjustment,H2,EMP0459,approved
SLH0424,EMP0042,2025-02-26,167262.91,170253.26,2990.36,1.79,USD,retention,H1,EMP0426,paid
SLH0425,EMP0176,2021-07-12,65169.57,69079.75,3910.17,6.00,GBP,spot_adjustment,H2,EMP0213,pending
SLH0426,EMP0154,2023-05-19,146930.05,151337.95,4407.90,3.00,USD,retention,Off-cycle,EMP0935,approved
SLH0427,EMP0539,2026-10-04,98888.32,102843.86,3955.53,4.00,USD,spot_adjustment,H2,EMP0945,rejected
SLH0428,EMP0844,2017-11-29,106642.99,108775.85,2132.86,2.00,USD,annual_cycle,H2,EMP0143,paid
SLH0429,EMP0919,2023-05-30,72674.87,74925.11,2250.24,3.10,USD,spot_adjustment,Off-cycle,EMP0259,approved
SLH0430,EMP0292,2025-08-06,141587.59,155746.35,14158.76,10.00,GBP,annual_cycle,H1,EMP0141,paid
SLH0431,EMP0830,2025-07-04,136891.32,150580.45,13689.13,10.00,USD,spot_adjustment,H1,EMP0793,approved
SLH0432,EMP0133,2019-04-04,92170.93,96779.48,4608.55,5.00,USD,market_correction,H1,EMP0037,rejected
SLH0433,EMP0554,2025-12-25,32673.66,33327.13,653.47,2.00,INR,promotion,H2,EMP0177,rejected
SLH0434,EMP0159,2026-10-27,55174.68,57933.42,2758.73,5.00,INR,market_correction,H2,EMP0211,approved
SLH0435,EMP0337,2021-07-31,118932.56,133204.47,14271.91,12.00,USD,market_correction,Annual,EMP0969,pending
SLH0436,EMP0298,2025-06-11,108146.02,116797.71,8651.68,8.00,GBP,market_correction,Annual,EMP0061,approved
SLH0437,EMP0218,2022-11-22,49675.17,54722.44,5047.27,10.16,USD,spot_adjustment,H1,EMP0863,approved
SLH0438,EMP0410,2024-09-24,121928.24,136559.63,14631.39,12.00,USD,spot_adjustment,H2,EMP0187,paid
SLH0439,EMP0548,2017-07-14,81198.75,84040.71,2841.96,3.50,USD,retention,H1,EMP0088,approved
SLH0440,EMP0150,2025-06-02,51084.04,54149.08,3065.04,6.00,USD,annual_cycle,H1,EMP0180,paid
SLH0441,EMP0662,2023-12-13,62196.37,68115.68,5919.31,9.52,USD,market_correction,H2,EMP0149,approved
SLH0442,EMP0788,2021-09-19,95914.46,98657.21,2742.75,2.86,USD,promotion,Off-cycle,EMP0622,pending
SLH0443,EMP0337,2021-12-14,115406.63,121176.96,5770.33,5.00,USD,market_correction,Annual,EMP0462,approved
SLH0444,EMP0991,2024-10-11,113561.07,120374.74,6813.66,6.00,USD,spot_adjustment,H2,EMP0883,rejected
SLH0445,EMP0506,2023-03-01,50284.49,52044.45,1759.96,3.50,GBP,retention,Annual,EMP0289,rejected
SLH0446,EMP0728,2020-02-11,81245.33,84088.92,2843.59,3.50,USD,annual_cycle,H1,EMP0584,paid
SLH0447,EMP0433,2021-04-21,55611.94,62285.38,6673.43,12.00,INR,annual_cycle,Annual,EMP0562,rejected
SLH0448,EMP0998,2023-11-09,52685.86,55320.16,2634.29,5.00,USD,spot_adjustment,H2,EMP0111,approved
SLH0449,EMP0140,2026-03-06,47602.10,50458.22,2856.13,6.00,INR,promotion,Annual,EMP0591,approved
SLH0450,EMP0826,2026-05-15,94686.69,106049.09,11362.40,12.00,USD,retention,Annual,EMP0252,approved
SLH0451,EMP0022,2020-08-04,126989.32,129529.11,2539.79,2.00,USD,annual_cycle,H1,EMP0036,pending
SLH0452,EMP0179,2024-08-10,189591.69,197175.36,7583.67,4.00,USD,spot_adjustment,H2,EMP0861,approved
SLH0453,EMP0787,2023-07-22,153502.75,162712.91,9210.16,6.00,USD,promotion,H1,EMP0089,approved
SLH0454,EMP0409,2025-06-15,120767.07,126805.42,6038.35,5.00,USD,market_correction,H1,EMP0682,pending
SLH0455,EMP0366,2026-06-02,122806.53,127718.79,4912.26,4.00,USD,spot_adjustment,H1,EMP0423,pending
SLH0456,EMP0338,2026-07-11,151727.30,166900.03,15172.73,10.00,USD,market_correction,Off-cycle,EMP0614,approved
SLH0457,EMP0685,2018-06-09,80695.49,83923.31,3227.82,4.00,USD,annual_cycle,Off-cycle,EMP0077,rejected
SLH0458,EMP0918,2026-02-23,89742.89,93332.61,3589.72,4.00,USD,annual_cycle,H1,EMP0676,rejected
SLH0459,EMP0205,2018-05-29,133928.44,144642.71,10714.27,8.00,USD,retention,Off-cycle,EMP0654,paid
SLH0460,EMP0210,2019-05-13,163752.51,180127.76,16375.25,10.00,GBP,promotion,H2,EMP0796,pending
SLH0461,EMP0315,2025-06-20,50488.50,51034.86,546.36,1.08,GBP,retention,H2,EMP0247,approved
SLH0462,EMP0761,2021-06-21,127829.47,143169.00,15339.54,12.00,USD,promotion,H2,EMP0681,approved
SLH0463,EMP0966,2015-06-28,100366.19,110402.81,10036.62,10.00,USD,retention,Annual,EMP0094,paid
SLH0464,EMP0601,2017-12-14,101979.48,114217.02,12237.54,12.00,USD,spot_adjustment,H2,EMP0054,rejected
SLH0465,EMP0815,2019-09-18,91348.15,95915.55,4567.41,5.00,USD,retention,Off-cycle,EMP0294,rejected
SLH0466,EMP0186,2018-09-10,143030.72,151612.56,8581.84,6.00,USD,promotion,H1,EMP0691,approved
SLH0467,EMP0214,2024-01-04,178548.06,185073.03,6524.97,3.65,GBP,promotion,Annual,EMP0209,pending
SLH0468,EMP0332,2025-11-09,187996.10,197395.91,9399.81,5.00,USD,market_correction,H1,EMP0083,approved
SLH0469,EMP0867,2026-02-08,49307.21,50621.84,1314.63,2.67,GBP,market_correction,Off-cycle,EMP0575,approved
SLH0470,EMP0166,2018-03-25,64262.38,71973.86,7711.49,12.00,USD,market_correction,Annual,EMP0331,rejected
SLH0471,EMP0796,2026-01-06,143211.94,147508.30,4296.36,3.00,USD,spot_adjustment,H2,EMP0548,paid
SLH0472,EMP0634,2025-05-23,156716.52,169253.84,12537.32,8.00,USD,promotion,Annual,EMP0887,rejected
SLH0473,EMP0875,2021-01-30,139066.34,150191.65,11125.31,8.00,USD,market_correction,Off-cycle,EMP0888,rejected
SLH0474,EMP0799,2018-06-08,188218.53,191982.91,3764.37,2.00,USD,annual_cycle,Annual,EMP0531,pending
SLH0475,EMP0633,2025-03-21,78751.30,88201.45,9450.16,12.00,USD,market_correction,Off-cycle,EMP0921,rejected
SLH0476,EMP0788,2021-12-12,102493.68,108643.30,6149.62,6.00,USD,promotion,H1,EMP0846,approved
SLH0477,EMP0730,2020-10-23,50054.21,52460.88,2406.67,4.81,USD,market_correction,Off-cycle,EMP0629,approved
SLH0478,EMP0986,2025-10-30,110126.93,124392.68,14265.76,12.95,USD,market_correction,H2,EMP0307,approved
SLH0479,EMP0596,2020-01-06,131469.21,138025.43,6556.22,4.99,USD,market_correction,Off-cycle,EMP0457,rejected
SLH0480,EMP0525,2018-02-11,140906.81,154997.49,14090.68,10.00,USD,annual_cycle,H1,EMP0829,approved
SLH0481,EMP0409,2024-10-26,136310.62,149941.68,13631.06,10.00,USD,spot_adjustment,H1,EMP0490,approved
SLH0482,EMP0309,2024-01-05,120153.41,127362.62,7209.20,6.00,USD,promotion,H2,EMP0509,pending
SLH0483,EMP0918,2026-01-12,85772.65,87488.10,1715.45,2.00,USD,market_correction,H1,EMP0763,paid
SLH0484,EMP0671,2025-01-15,150394.51,153402.40,3007.89,2.00,USD,market_correction,Annual,EMP0918,paid
SLH0485,EMP0324,2023-11-02,57394.78,59403.60,2008.82,3.50,USD,spot_adjustment,H1,EMP0185,paid
SLH0486,EMP0264,2020-11-24,28013.91,31375.58,3361.67,12.00,INR,market_correction,H2,EMP0922,rejected
SLH0487,EMP0826,2026-03-03,96073.34,101837.74,5764.40,6.00,USD,spot_adjustment,H2,EMP0904,paid
SLH0488,EMP0571,2026-05-09,187953.96,202990.27,15036.32,8.00,USD,annual_cycle,H2,EMP0641,paid
SLH0489,EMP0330,2024-03-20,106916.11,109054.43,2138.32,2.00,USD,annual_cycle,Off-cycle,EMP0391,pending
SLH0490,EMP0559,2026-04-27,20398.16,22845.94,2447.78,12.00,INR,promotion,Off-cycle,EMP0675,paid
SLH0491,EMP0780,2026-08-04,121452.06,123881.10,2429.04,2.00,USD,market_correction,Off-cycle,EMP0385,approved
SLH0492,EMP0633,2023-12-11,77967.23,79526.57,1559.34,2.00,USD,annual_cycle,Off-cycle,EMP0126,rejected
SLH0493,EMP0771,2025-09-27,144319.40,148648.99,4329.58,3.00,USD,annual_cycle,H2,EMP0088,rejected
SLH0494,EMP0511,2026-01-01,53313.14,58644.45,5331.31,10.00,INR,spot_adjustment,Annual,EMP0420,approved
SLH0495,EMP0514,2025-08-29,138078.91,146363.65,8284.73,6.00,USD,promotion,Off-cycle,EMP0113,rejected
SLH0496,EMP0335,2016-09-11,135042.25,148546.47,13504.22,10.00,USD,market_correction,Annual,EMP0698,paid
SLH0497,EMP0025,2026-06-12,64992.72,67267.47,2274.75,3.50,USD,retention,H1,EMP0539,rejected
SLH0498,EMP0278,2025-02-26,181530.06,199683.07,18153.01,10.00,USD,spot_adjustment,Annual,EMP0297,approved
SLH0499,EMP0535,2019-04-07,85633.80,90771.83,5138.03,6.00,USD,annual_cycle,H1,EMP0892,rejected
SLH0500,EMP0667,2026-06-04,98628.13,110463.51,11835.38,12.00,USD,annual_cycle,H1,EMP0238,pending
SLH0501,EMP0648,2021-03-25,130551.17,143606.28,13055.12,10.00,USD,spot_adjustment,Off-cycle,EMP0373,approved
SLH0502,EMP0137,2024-09-29,101936.96,106014.44,4077.48,4.00,USD,promotion,Annual,EMP0889,pending
SLH0503,EMP0992,2022-02-10,162006.59,166866.79,4860.20,3.00,USD,spot_adjustment,H2,EMP0571,paid
SLH0504,EMP0850,2023-10-24,31371.15,32626.00,1254.85,4.00,INR,spot_adjustment,Annual,EMP0777,approved
SLH0505,EMP0645,2023-09-12,165102.84,184915.18,19812.34,12.00,USD,spot_adjustment,H2,EMP0403,paid
SLH0506,EMP0641,2026-05-23,196529.68,216182.65,19652.97,10.00,USD,retention,H1,EMP0729,pending
SLH0507,EMP0063,2025-09-13,81241.75,87741.09,6499.34,8.00,USD,annual_cycle,Annual,EMP0370,paid
SLH0508,EMP0768,2022-11-19,92450.27,103544.30,11094.03,12.00,USD,spot_adjustment,Off-cycle,EMP0745,rejected
SLH0509,EMP0410,2024-09-28,109521.48,113354.73,3833.25,3.50,USD,market_correction,H2,EMP0238,pending
SLH0510,EMP0997,2026-09-03,54423.73,57144.91,2721.19,5.00,USD,spot_adjustment,Annual,EMP0151,paid
SLH0511,EMP0794,2024-08-01,91314.58,94510.59,3196.01,3.50,USD,annual_cycle,Off-cycle,EMP0721,rejected
SLH0512,EMP0738,2025-05-10,139314.43,143493.86,4179.43,3.00,USD,retention,Annual,EMP0622,pending
SLH0513,EMP0485,2026-07-05,67500.39,72900.42,5400.03,8.00,USD,annual_cycle,H1,EMP0473,paid
SLH0514,EMP0156,2024-10-14,147549.67,159353.64,11803.97,8.00,USD,spot_adjustment,Annual,EMP0286,approved
SLH0515,EMP0178,2026-04-26,116695.39,121363.21,4667.82,4.00,USD,promotion,H1,EMP0698,pending
SLH0516,EMP0554,2025-12-07,36328.72,37600.23,1271.51,3.50,INR,retention,H1,EMP0731,rejected
SLH0517,EMP0833,2021-06-17,16027.62,16989.27,961.66,6.00,INR,spot_adjustment,Annual,EMP0286,rejected
SLH0518,EMP0004,2025-07-31,40733.25,45621.23,4887.99,12.00,INR,promotion,H1,EMP0412,paid
SLH0519,EMP0968,2024-01-25,40850.10,42279.85,1429.75,3.50,INR,annual_cycle,Off-cycle,EMP0536,paid
SLH0520,EMP0695,2021-01-11,147138.14,154495.05,7356.91,5.00,USD,retention,H1,EMP0020,approved
SLH0521,EMP0419,2021-03-01,55419.52,58135.84,2716.32,4.90,USD,retention,H2,EMP0447,rejected
SLH0522,EMP0618,2026-07-20,25811.77,26328.01,516.24,2.00,INR,spot_adjustment,Off-cycle,EMP0490,pending
SLH0523,EMP0187,2019-08-11,50020.28,51520.89,1500.61,3.00,USD,retention,Off-cycle,EMP0082,rejected
SLH0524,EMP0333,2026-05-26,163114.86,171270.61,8155.74,5.00,USD,retention,Annual,EMP0897,approved
SLH0525,EMP0016,2015-11-11,20334.79,21046.50,711.72,3.50,INR,spot_adjustment,H1,EMP0788,pending
SLH0526,EMP0248,2019-09-18,145001.16,158466.07,13464.91,9.29,USD,market_correction,H1,EMP0795,paid
SLH0527,EMP0534,2025-10-03,74633.81,82097.19,7463.38,10.00,USD,market_correction,H1,EMP0096,rejected
SLH0528,EMP0409,2024-11-30,122539.97,134108.29,11568.33,9.44,USD,annual_cycle,Annual,EMP0938,approved
SLH0529,EMP0443,2024-07-19,202227.02,212338.37,10111.35,5.00,USD,retention,Annual,EMP0458,pending
SLH0530,EMP0736,2025-05-24,114222.10,118219.87,3997.77,3.50,USD,market_correction,H1,EMP0288,pending
SLH0531,EMP0114,2023-04-13,59136.21,65049.83,5913.62,10.00,USD,market_correction,Off-cycle,EMP0130,approved
SLH0532,EMP0166,2019-05-28,68481.47,75329.62,6848.15,10.00,USD,retention,H1,EMP0252,paid
SLH0533,EMP0413,2023-04-11,165467.68,182014.44,16546.77,10.00,USD,retention,Off-cycle,EMP0924,paid
SLH0534,EMP0036,2024-01-27,62385.86,64257.44,1871.58,3.00,USD,spot_adjustment,Annual,EMP0431,paid
SLH0535,EMP0574,2026-02-24,167416.10,175786.90,8370.80,5.00,GBP,promotion,Off-cycle,EMP0787,approved
SLH0536,EMP0706,2022-11-02,16756.49,17426.75,670.26,4.00,INR,annual_cycle,Annual,EMP0025,rejected
SLH0537,EMP0396,2022-02-12,172722.79,175244.76,2521.97,1.46,USD,market_correction,H1,EMP0423,paid
SLH0538,EMP0958,2026-03-26,58478.83,62620.14,4141.31,7.08,USD,market_correction,H1,EMP0325,pending
SLH0539,EMP0995,2018-05-04,88891.08,96002.36,7111.29,8.00,USD,spot_adjustment,H1,EMP0626,paid
SLH0540,EMP0303,2025-04-01,38839.17,42723.09,3883.92,10.00,INR,promotion,H1,EMP0634,pending
SLH0541,EMP0917,2024-05-11,108377.99,116536.11,8158.12,7.53,GBP,spot_adjustment,H1,EMP0050,approved
SLH0542,EMP0253,2025-05-30,38736.56,41835.48,3098.92,8.00,INR,annual_cycle,H1,EMP0166,pending
SLH0543,EMP0263,2025-05-15,95591.34,107062.30,11470.96,12.00,USD,promotion,Annual,EMP0337,paid
SLH0544,EMP0250,2026-05-09,61528.18,67085.72,5557.54,9.03,USD,promotion,H2,EMP0408,pending
SLH0545,EMP0635,2021-07-21,161901.71,168377.78,6476.07,4.00,USD,retention,Annual,EMP0443,pending
SLH0546,EMP0634,2024-09-23,152066.98,161191.00,9124.02,6.00,USD,annual_cycle,Annual,EMP0951,paid
SLH0547,EMP0611,2026-02-05,47156.13,49985.49,2829.37,6.00,INR,annual_cycle,Annual,EMP0307,approved
SLH0548,EMP0616,2022-07-15,105334.47,115867.92,10533.45,10.00,USD,annual_cycle,Off-cycle,EMP0518,approved
SLH0549,EMP0009,2026-01-19,161692.38,164926.22,3233.85,2.00,USD,market_correction,H1,EMP0448,rejected
SLH0550,EMP0644,2024-06-18,111005.72,116556.00,5550.29,5.00,USD,retention,H1,EMP0895,rejected
SLH0551,EMP0269,2026-05-27,81996.99,86916.81,4919.82,6.00,USD,spot_adjustment,H2,EMP0225,pending
SLH0552,EMP0247,2025-12-12,172198.69,178225.65,6026.95,3.50,USD,retention,Annual,EMP0641,paid
SLH0553,EMP0959,2026-04-01,47158.34,53519.10,6360.76,13.49,GBP,annual_cycle,H1,EMP0417,rejected
SLH0554,EMP0759,2022-12-03,35512.17,39773.63,4261.46,12.00,INR,annual_cycle,H1,EMP0104,rejected
SLH0555,EMP0292,2019-02-22,158566.45,164909.11,6342.66,4.00,GBP,market_correction,Off-cycle,EMP0441,pending
SLH0556,EMP0567,2021-10-12,152951.79,156010.82,3059.04,2.00,USD,retention,H2,EMP0505,rejected
SLH0557,EMP0724,2026-04-25,91291.86,95856.46,4564.59,5.00,USD,retention,H2,EMP0632,rejected
SLH0558,EMP0573,2025-12-06,156225.80,174972.89,18747.10,12.00,USD,promotion,H1,EMP0126,rejected
SLH0559,EMP0452,2024-04-11,25613.66,27662.75,2049.09,8.00,INR,promotion,H2,EMP0866,paid
SLH0560,EMP0572,2023-09-17,106220.73,111531.77,5311.04,5.00,USD,annual_cycle,Off-cycle,EMP0990,approved
SLH0561,EMP0781,2020-02-23,172630.61,186441.05,13810.45,8.00,USD,spot_adjustment,H2,EMP0264,pending
SLH0562,EMP0405,2026-08-04,126684.36,131118.32,4433.95,3.50,USD,market_correction,H2,EMP0577,pending
SLH0563,EMP0065,2026-05-27,55068.32,57821.74,2753.42,5.00,USD,annual_cycle,Annual,EMP0330,pending
SLH0564,EMP0212,2022-05-06,178670.00,189390.20,10720.20,6.00,USD,annual_cycle,Off-cycle,EMP0999,paid
SLH0565,EMP0502,2020-12-04,51990.72,58229.61,6238.89,12.00,INR,promotion,Annual,EMP0681,paid
SLH0566,EMP0023,2016-04-30,107870.91,111107.03,3236.13,3.00,USD,annual_cycle,Off-cycle,EMP0444,pending
SLH0567,EMP0887,2017-10-30,147607.34,154987.71,7380.37,5.00,USD,annual_cycle,Annual,EMP0893,paid
SLH0568,EMP0439,2023-01-12,141086.36,158016.72,16930.36,12.00,USD,spot_adjustment,H1,EMP0498,pending
SLH0569,EMP0761,2017-06-24,119502.65,131452.92,11950.27,10.00,USD,market_correction,H2,EMP0538,approved
SLH0570,EMP0042,2025-12-16,186399.91,197073.98,10674.07,5.73,USD,market_correction,Off-cycle,EMP0883,pending
SLH0571,EMP0115,2026-07-23,198090.59,207856.39,9765.80,4.93,USD,market_correction,H2,EMP0699,rejected
SLH0572,EMP0175,2026-06-28,130829.68,136062.87,5233.19,4.00,USD,market_correction,H1,EMP0504,rejected
SLH0573,EMP0502,2024-07-23,49143.68,51639.82,2496.14,5.08,INR,spot_adjustment,H2,EMP0044,approved
SLH0574,EMP0072,2026-05-18,170040.28,173441.08,3400.81,2.00,USD,spot_adjustment,Annual,EMP0801,rejected
SLH0575,EMP0597,2018-09-20,70514.28,78975.99,8461.71,12.00,USD,market_correction,Annual,EMP0908,rejected
SLH0576,EMP0760,2024-01-19,73250.65,78357.34,5106.69,6.97,GBP,annual_cycle,H1,EMP0754,approved
SLH0577,EMP0488,2024-08-24,152040.18,158121.79,6081.61,4.00,USD,retention,H2,EMP0937,pending
SLH0578,EMP0909,2026-04-08,25521.31,28073.44,2552.13,10.00,INR,promotion,Annual,EMP0012,paid
SLH0579,EMP0158,2020-11-09,46168.30,52740.29,6571.99,14.23,INR,annual_cycle,Annual,EMP0655,rejected
SLH0580,EMP0793,2017-08-29,121450.11,127522.61,6072.51,5.00,USD,annual_cycle,Annual,EMP0919,pending
SLH0581,EMP0975,2026-05-14,66519.11,76455.51,9936.40,14.94,GBP,spot_adjustment,H2,EMP0786,paid
SLH0582,EMP0169,2019-07-17,164629.44,181092.39,16462.94,10.00,USD,spot_adjustment,Off-cycle,EMP0177,rejected
SLH0583,EMP0174,2024-08-21,168689.28,177123.74,8434.46,5.00,USD,spot_adjustment,H2,EMP0674,pending
SLH0584,EMP0643,2025-11-04,75379.68,84425.24,9045.56,12.00,USD,retention,Annual,EMP0163,rejected
SLH0585,EMP0614,2025-11-16,172752.76,179662.87,6910.11,4.00,GBP,promotion,H1,EMP0515,paid
SLH0586,EMP0370,2022-06-02,162574.24,168264.34,5690.10,3.50,USD,promotion,H1,EMP0935,paid
SLH0587,EMP0082,2019-02-24,66612.22,70962.76,4350.54,6.53,USD,spot_adjustment,Annual,EMP0036,paid
SLH0588,EMP0768,2024-12-21,106790.67,111062.30,4271.63,4.00,USD,annual_cycle,Off-cycle,EMP0800,approved
SLH0589,EMP0776,2024-10-28,125756.17,134591.29,8835.12,7.03,GBP,market_correction,Off-cycle,EMP0946,pending
SLH0590,EMP0925,2017-06-06,74628.49,83583.91,8955.42,12.00,USD,spot_adjustment,H1,EMP0846,paid
SLH0591,EMP0673,2022-02-06,37648.62,42166.46,4517.83,12.00,INR,retention,Off-cycle,EMP0861,pending
SLH0592,EMP0900,2025-03-08,158957.17,168494.60,9537.43,6.00,USD,retention,H2,EMP0460,pending
SLH0593,EMP0571,2026-01-31,180636.71,184249.44,3612.73,2.00,USD,market_correction,H2,EMP0555,approved
SLH0594,EMP0160,2026-05-07,173842.25,195290.15,21447.90,12.34,USD,market_correction,Off-cycle,EMP0304,rejected
SLH0595,EMP0568,2025-11-11,78758.36,82696.28,3937.92,5.00,USD,spot_adjustment,H2,EMP0661,paid
SLH0596,EMP0260,2023-01-15,97073.11,100470.67,3397.56,3.50,USD,spot_adjustment,H1,EMP0056,rejected
SLH0597,EMP0905,2023-01-03,181456.81,185085.94,3629.14,2.00,USD,spot_adjustment,Annual,EMP0220,approved
SLH0598,EMP0365,2026-01-09,70295.09,73106.90,2811.80,4.00,USD,market_correction,Annual,EMP0323,approved
SLH0599,EMP0987,2026-02-13,93857.80,99489.27,5631.47,6.00,USD,annual_cycle,Off-cycle,EMP0077,rejected
SLH0600,EMP0835,2019-09-06,183343.25,187010.11,3666.86,2.00,USD,spot_adjustment,Off-cycle,EMP0045,paid
SLH0601,EMP0825,2026-07-28,68793.10,70856.89,2063.79,3.00,USD,retention,Annual,EMP0932,paid
SLH0602,EMP0849,2024-07-14,98865.03,100842.33,1977.30,2.00,USD,retention,Annual,EMP0348,approved
SLH0603,EMP0942,2020-07-29,191731.64,203235.54,11503.90,6.00,USD,spot_adjustment,Annual,EMP0823,approved
SLH0604,EMP0473,2025-07-24,79150.14,85482.15,6332.01,8.00,USD,promotion,Annual,EMP0820,rejected
SLH0605,EMP0679,2021-10-02,80827.21,84868.57,4041.36,5.00,USD,retention,Off-cycle,EMP0461,rejected
SLH0606,EMP0951,2021-07-02,135729.02,139800.89,4071.87,3.00,USD,annual_cycle,H2,EMP0557,rejected
SLH0607,EMP0585,2024-09-04,61540.67,62575.50,1034.83,1.68,USD,annual_cycle,Off-cycle,EMP0355,paid
SLH0608,EMP0268,2022-11-23,176785.56,183856.98,7071.42,4.00,USD,market_correction,H1,EMP0392,rejected
SLH0609,EMP0549,2025-07-03,57029.33,60540.60,3511.26,6.16,USD,promotion,H2,EMP0128,paid
SLH0610,EMP0670,2021-02-26,59320.80,64066.46,4745.66,8.00,GBP,retention,Off-cycle,EMP0301,paid
SLH0611,EMP0255,2021-12-22,124383.42,133871.23,9487.81,7.63,USD,retention,H1,EMP0404,paid
SLH0612,EMP0763,2022-05-13,53641.25,55786.90,2145.65,4.00,USD,market_correction,Annual,EMP0153,paid
SLH0613,EMP0939,2024-06-07,103232.55,107361.85,4129.30,4.00,USD,spot_adjustment,Annual,EMP0862,rejected
SLH0614,EMP0285,2026-05-15,39165.57,39948.88,783.31,2.00,INR,retention,H1,EMP0624,rejected
SLH0615,EMP0107,2018-05-15,112419.78,119164.96,6745.19,6.00,USD,promotion,Off-cycle,EMP0969,rejected
SLH0616,EMP0807,2017-12-20,77335.97,81202.77,3866.80,5.00,USD,annual_cycle,H2,EMP0999,rejected
SLH0617,EMP0684,2020-06-28,108301.27,112633.33,4332.05,4.00,USD,retention,Off-cycle,EMP0084,paid
SLH0618,EMP0174,2024-08-29,172312.46,178343.40,6030.94,3.50,USD,retention,H1,EMP0184,pending
SLH0619,EMP0792,2026-06-01,69238.48,71315.64,2077.15,3.00,USD,promotion,H2,EMP0848,pending
SLH0620,EMP0270,2025-09-28,85777.46,97323.69,11546.22,13.46,USD,annual_cycle,Off-cycle,EMP0664,pending
SLH0621,EMP0654,2026-04-24,145939.43,157614.59,11675.15,8.00,USD,promotion,H1,EMP0706,paid
SLH0622,EMP0199,2017-04-08,93219.19,102541.11,9321.92,10.00,USD,promotion,H1,EMP0224,paid
SLH0623,EMP0981,2025-06-27,32588.74,34218.18,1629.44,5.00,INR,retention,H2,EMP0766,rejected
SLH0624,EMP0647,2025-09-12,111036.30,120334.04,9297.74,8.37,USD,spot_adjustment,H1,EMP0836,approved
SLH0625,EMP0997,2026-09-03,48675.36,49778.38,1103.02,2.27,USD,retention,H1,EMP0661,approved
SLH0626,EMP0482,2023-05-25,133455.53,136692.28,3236.76,2.43,USD,market_correction,H1,EMP0609,pending
SLH0627,EMP0587,2026-02-27,155355.87,167784.34,12428.47,8.00,USD,annual_cycle,Annual,EMP0628,pending
SLH0628,EMP0424,2026-06-14,171867.28,177882.63,6015.35,3.50,USD,spot_adjustment,H2,EMP0793,rejected
SLH0629,EMP0101,2025-05-11,196289.53,204141.11,7851.58,4.00,USD,promotion,H2,EMP0816,paid
SLH0630,EMP0245,2026-06-05,156310.67,160191.61,3880.94,2.48,GBP,annual_cycle,Annual,EMP0816,paid
SLH0631,EMP0951,2021-08-02,129175.36,134342.38,5167.01,4.00,USD,retention,H2,EMP0895,pending
SLH0632,EMP0077,2026-03-24,21429.42,24000.95,2571.53,12.00,INR,annual_cycle,H1,EMP0643,pending
SLH0633,EMP0576,2026-07-28,138382.79,150821.15,12438.36,8.99,USD,annual_cycle,H1,EMP0606,paid
SLH0634,EMP0010,2024-07-11,141035.51,148087.28,7051.78,5.00,USD,market_correction,Annual,EMP0537,paid
SLH0635,EMP0140,2025-03-25,47222.37,49583.49,2361.12,5.00,INR,retention,H1,EMP0804,paid
SLH0636,EMP0101,2023-01-11,181670.36,192570.58,10900.22,6.00,USD,retention,H1,EMP0059,pending
SLH0637,EMP0545,2020-05-23,139592.14,156343.20,16751.06,12.00,GBP,promotion,H2,EMP0917,pending
SLH0638,EMP0569,2025-04-22,189400.66,200764.70,11364.04,6.00,USD,retention,Off-cycle,EMP0403,approved
SLH0639,EMP0700,2026-08-04,142822.23,147821.01,4998.78,3.50,USD,spot_adjustment,H1,EMP0540,pending
SLH0640,EMP0604,2025-01-20,72258.05,75870.95,3612.90,5.00,USD,market_correction,H1,EMP0277,approved
SLH0641,EMP0837,2022-08-19,111904.48,117499.70,5595.22,5.00,USD,annual_cycle,H2,EMP0556,approved
SLH0642,EMP0557,2026-03-30,107134.79,109277.48,2142.70,2.00,USD,retention,Off-cycle,EMP0381,approved
SLH0643,EMP0562,2023-12-02,53844.30,55728.85,1884.55,3.50,INR,market_correction,Off-cycle,EMP0936,paid
SLH0644,EMP0759,2025-08-28,37157.53,38073.52,915.99,2.47,INR,spot_adjustment,Off-cycle,EMP0316,rejected
SLH0645,EMP0871,2020-12-24,183944.02,189462.34,5518.32,3.00,USD,retention,Off-cycle,EMP0821,approved
SLH0646,EMP0037,2025-05-29,150245.02,162264.62,12019.60,8.00,USD,promotion,Off-cycle,EMP0434,approved
SLH0647,EMP0661,2025-11-14,106586.42,112981.60,6395.18,6.00,USD,annual_cycle,H1,EMP0263,pending
SLH0648,EMP0396,2023-06-23,158557.63,168450.88,9893.25,6.24,USD,promotion,H2,EMP0688,approved
SLH0649,EMP0235,2016-04-16,70985.33,79503.57,8518.24,12.00,USD,spot_adjustment,H2,EMP0521,pending
SLH0650,EMP0401,2021-11-16,74536.35,78263.16,3726.82,5.00,GBP,annual_cycle,H2,EMP0435,approved
SLH0651,EMP0242,2021-07-07,78642.27,82302.97,3660.70,4.65,USD,annual_cycle,Annual,EMP0778,approved
SLH0652,EMP0414,2026-03-11,106607.21,115135.79,8528.58,8.00,USD,market_correction,Off-cycle,EMP0519,approved
SLH0653,EMP0021,2016-01-05,140825.94,147867.24,7041.30,5.00,USD,promotion,H1,EMP0425,paid
SLH0654,EMP0063,2025-09-15,71165.53,74723.81,3558.28,5.00,USD,market_correction,H2,EMP0039,pending
SLH0655,EMP0101,2026-05-21,201321.13,207360.76,6039.63,3.00,USD,promotion,H2,EMP0297,approved
SLH0656,EMP0267,2019-01-14,58522.56,60863.46,2340.90,4.00,INR,spot_adjustment,H1,EMP0370,approved
SLH0657,EMP0826,2026-03-18,101069.68,106123.16,5053.48,5.00,USD,retention,Off-cycle,EMP0137,rejected
SLH0658,EMP0829,2022-03-30,129642.66,136124.79,6482.13,5.00,GBP,market_correction,Off-cycle,EMP0940,pending
SLH0659,EMP0957,2025-08-15,56756.05,59026.29,2270.24,4.00,GBP,promotion,H1,EMP0436,approved
SLH0660,EMP0639,2021-03-17,136715.33,144918.25,8202.92,6.00,USD,spot_adjustment,H2,EMP0211,rejected
SLH0661,EMP0898,2026-07-27,165002.12,174902.25,9900.13,6.00,USD,market_correction,H1,EMP0296,rejected
SLH0662,EMP0681,2024-03-04,139858.62,151047.31,11188.69,8.00,USD,retention,H2,EMP0333,approved
SLH0663,EMP0873,2026-07-16,195125.12,199027.62,3902.50,2.00,USD,annual_cycle,H2,EMP0206,rejected
SLH0664,EMP0406,2023-09-03,135845.87,141934.95,6089.08,4.48,USD,spot_adjustment,Off-cycle,EMP0936,paid
SLH0665,EMP0941,2025-05-22,182704.77,193667.06,10962.29,6.00,GBP,spot_adjustment,H2,EMP0211,paid
SLH0666,EMP0007,2025-04-09,59654.10,65619.51,5965.41,10.00,INR,annual_cycle,Annual,EMP0232,pending
SLH0667,EMP0832,2025-07-16,99710.91,103200.79,3489.88,3.50,USD,promotion,H2,EMP0594,approved
SLH0668,EMP0496,2025-01-28,90340.33,99374.36,9034.03,10.00,USD,promotion,Off-cycle,EMP0126,rejected
SLH0669,EMP0711,2025-12-02,16839.18,18298.55,1459.37,8.67,INR,retention,Off-cycle,EMP0801,rejected
SLH0670,EMP0598,2021-07-02,44389.71,49716.47,5326.77,12.00,GBP,retention,Off-cycle,EMP0786,rejected
SLH0671,EMP0903,2021-06-11,141211.21,155332.33,14121.12,10.00,USD,promotion,Annual,EMP0870,pending
SLH0672,EMP0336,2023-05-20,66361.54,73511.77,7150.23,10.77,USD,market_correction,Annual,EMP0378,rejected
SLH0673,EMP0446,2026-02-24,138030.82,142171.75,4140.92,3.00,USD,promotion,H1,EMP0799,approved
SLH0674,EMP0187,2024-09-12,52180.26,53745.67,1565.41,3.00,USD,annual_cycle,Annual,EMP0068,paid
SLH0675,EMP0563,2026-01-09,156982.72,163262.03,6279.31,4.00,USD,retention,Off-cycle,EMP0553,approved
SLH0676,EMP0445,2024-04-24,90947.94,101861.69,10913.75,12.00,USD,promotion,Annual,EMP0017,rejected
SLH0677,EMP0400,2025-07-29,42526.33,44227.39,1701.05,4.00,INR,promotion,H2,EMP0338,pending
SLH0678,EMP0684,2020-04-24,99312.45,104145.33,4832.87,4.87,USD,promotion,H2,EMP0553,rejected
SLH0679,EMP0241,2022-09-30,188025.26,203067.28,15042.02,8.00,USD,promotion,Off-cycle,EMP0094,rejected
SLH0680,EMP1000,2020-11-19,112747.85,126277.59,13529.74,12.00,USD,spot_adjustment,H1,EMP0328,pending
SLH0681,EMP0468,2023-03-04,52981.81,54041.45,1059.64,2.00,USD,promotion,H1,EMP0837,approved
SLH0682,EMP0623,2015-05-16,112355.31,119096.63,6741.32,6.00,USD,annual_cycle,Annual,EMP0648,rejected
SLH0683,EMP0009,2025-07-08,154165.52,172665.38,18499.86,12.00,USD,promotion,Annual,EMP0486,paid
SLH0684,EMP0782,2026-06-09,86377.17,89400.37,3023.20,3.50,USD,retention,H2,EMP0831,rejected
SLH0685,EMP0107,2023-12-30,107954.30,114258.20,6303.90,5.84,USD,market_correction,H2,EMP0342,approved
SLH0686,EMP0451,2025-10-27,173776.68,191154.35,17377.67,10.00,USD,retention,H1,EMP0666,approved
SLH0687,EMP0664,2022-04-05,108988.63,117707.72,8719.09,8.00,USD,annual_cycle,Annual,EMP0714,approved
SLH0688,EMP0597,2021-12-31,69038.46,70419.23,1380.77,2.00,USD,annual_cycle,Off-cycle,EMP0828,approved
SLH0689,EMP0449,2023-08-17,51349.15,52376.14,1026.98,2.00,USD,market_correction,Off-cycle,EMP0953,approved
SLH0690,EMP0112,2025-12-30,68232.49,71644.11,3411.62,5.00,USD,spot_adjustment,Annual,EMP0489,pending
SLH0691,EMP0243,2026-04-23,182393.27,187865.07,5471.80,3.00,USD,market_correction,Annual,EMP0225,pending
SLH0692,EMP0793,2024-12-05,127902.78,135891.95,7989.17,6.25,USD,promotion,H2,EMP0014,rejected
SLH0693,EMP0990,2018-06-20,90866.48,92683.81,1817.33,2.00,USD,spot_adjustment,Off-cycle,EMP0264,pending
SLH0694,EMP0432,2026-05-17,31687.94,35490.49,3802.55,12.00,INR,retention,H1,EMP0582,pending
SLH0695,EMP0766,2018-08-22,89571.40,98528.54,8957.14,10.00,USD,spot_adjustment,H1,EMP0545,approved
SLH0696,EMP0526,2018-11-01,106032.08,112394.00,6361.92,6.00,USD,annual_cycle,H1,EMP0771,pending
SLH0697,EMP0432,2026-08-04,33400.79,34405.22,1004.43,3.01,INR,spot_adjustment,H1,EMP0872,rejected
SLH0698,EMP0839,2017-09-12,55012.15,57762.76,2750.61,5.00,INR,market_correction,Off-cycle,EMP0936,pending
SLH0699,EMP0199,2021-06-15,93641.06,96918.50,3277.44,3.50,USD,retention,H2,EMP0482,rejected
SLH0700,EMP0139,2025-11-04,68392.72,69760.57,1367.85,2.00,GBP,annual_cycle,Annual,EMP0403,rejected
SLH0701,EMP0544,2025-01-21,20528.61,20939.18,410.57,2.00,INR,retention,Off-cycle,EMP0162,paid
SLH0702,EMP0065,2026-02-15,57156.77,58871.48,1714.70,3.00,USD,spot_adjustment,H2,EMP0857,pending
SLH0703,EMP0518,2022-04-17,17589.95,18117.65,527.70,3.00,INR,promotion,H1,EMP0024,paid
SLH0704,EMP0710,2025-02-15,103406.01,106508.19,3102.18,3.00,USD,promotion,Annual,EMP0901,rejected
SLH0705,EMP0254,2026-07-11,17628.84,19744.30,2115.46,12.00,INR,spot_adjustment,Annual,EMP0840,rejected
SLH0706,EMP0824,2024-10-16,171269.19,181545.34,10276.15,6.00,GBP,annual_cycle,Off-cycle,EMP0541,pending
SLH0707,EMP0040,2022-10-30,72968.91,78806.42,5837.51,8.00,GBP,spot_adjustment,Annual,EMP0231,approved
SLH0708,EMP0357,2024-11-29,19341.91,20528.44,1186.53,6.13,INR,promotion,H2,EMP0605,pending
SLH0709,EMP0454,2026-01-11,55054.25,61660.76,6606.51,12.00,USD,spot_adjustment,H1,EMP0440,rejected
SLH0710,EMP0712,2016-03-12,63187.35,68605.71,5418.37,8.58,USD,spot_adjustment,H2,EMP0213,rejected
SLH0711,EMP0265,2025-11-06,64313.47,69458.55,5145.08,8.00,USD,annual_cycle,H2,EMP0126,paid
SLH0712,EMP0414,2023-05-25,120769.10,126933.49,6164.39,5.10,USD,market_correction,H2,EMP0603,paid
SLH0713,EMP0037,2016-04-22,134158.15,145722.08,11563.93,8.62,USD,spot_adjustment,H1,EMP0789,rejected
SLH0714,EMP0812,2025-10-23,152158.56,159766.48,7607.93,5.00,USD,retention,H2,EMP0367,approved
SLH0715,EMP0074,2021-03-04,42115.46,45484.69,3369.24,8.00,INR,spot_adjustment,H2,EMP0192,paid
SLH0716,EMP0618,2026-08-03,26863.26,30086.85,3223.59,12.00,INR,promotion,H1,EMP0791,approved
SLH0717,EMP0841,2026-01-02,50949.98,51968.98,1019.00,2.00,USD,promotion,Off-cycle,EMP0858,paid
SLH0718,EMP0800,2026-07-03,134938.24,148432.06,13493.82,10.00,USD,promotion,H2,EMP0366,approved
SLH0719,EMP0421,2021-04-29,177690.41,195459.45,17769.04,10.00,USD,annual_cycle,Off-cycle,EMP0078,approved
SLH0720,EMP0469,2018-04-29,87388.59,97875.22,10486.63,12.00,GBP,market_correction,H2,EMP0311,approved
SLH0721,EMP0644,2022-02-08,115027.65,117328.20,2300.55,2.00,USD,spot_adjustment,H1,EMP0548,approved
SLH0722,EMP0610,2022-11-14,105589.84,116148.83,10558.98,10.00,USD,retention,Annual,EMP0477,paid
SLH0723,EMP0918,2018-03-12,80751.13,83981.17,3230.05,4.00,USD,spot_adjustment,Annual,EMP0520,rejected
SLH0724,EMP0876,2017-11-28,67421.28,69090.95,1669.67,2.48,USD,retention,Annual,EMP0784,pending
SLH0725,EMP0440,2024-04-08,163384.48,179722.93,16338.45,10.00,USD,retention,H2,EMP0546,approved
SLH0726,EMP0256,2022-12-29,74593.92,82053.31,7459.39,10.00,USD,promotion,Off-cycle,EMP0113,pending
SLH0727,EMP0029,2024-11-17,114996.40,126496.04,11499.64,10.00,USD,spot_adjustment,Annual,EMP0825,pending
SLH0728,EMP0541,2020-02-12,62322.43,65438.56,3116.12,5.00,USD,promotion,Off-cycle,EMP0845,pending
SLH0729,EMP0914,2025-08-26,49483.56,50968.07,1484.51,3.00,USD,annual_cycle,H2,EMP0529,pending
SLH0730,EMP0536,2026-07-27,168369.18,181838.72,13469.53,8.00,USD,annual_cycle,H2,EMP0737,paid
SLH0731,EMP0998,2020-10-20,50552.57,55607.83,5055.26,10.00,USD,market_correction,H1,EMP0551,paid
SLH0732,EMP0785,2021-05-29,166122.77,169445.22,3322.46,2.00,GBP,promotion,Annual,EMP0487,approved
SLH0733,EMP0214,2024-08-04,163365.07,182968.88,19603.81,12.00,GBP,annual_cycle,Annual,EMP0340,approved
SLH0734,EMP0941,2024-09-13,166558.72,176552.24,9993.52,6.00,GBP,market_correction,H2,EMP0061,rejected
SLH0735,EMP0990,2020-10-13,90019.83,93170.52,3150.69,3.50,USD,retention,H1,EMP0955,pending
SLH0736,EMP0885,2016-04-16,157069.93,171223.77,14153.84,9.01,USD,spot_adjustment,H2,EMP0053,approved
SLH0737,EMP0955,2024-07-19,23084.69,24469.77,1385.08,6.00,INR,annual_cycle,H2,EMP0408,pending
SLH0738,EMP0026,2024-08-18,140532.29,146153.58,5621.29,4.00,USD,market_correction,H1,EMP0958,approved
SLH0739,EMP0256,2023-07-11,69478.34,78912.08,9433.74,13.58,USD,promotion,Annual,EMP0410,rejected
SLH0740,EMP0814,2025-07-28,61097.12,63235.52,2138.40,3.50,USD,spot_adjustment,Off-cycle,EMP0371,paid
SLH0741,EMP0007,2025-03-23,53284.45,55948.68,2664.22,5.00,INR,retention,H2,EMP0873,paid
SLH0742,EMP0145,2021-02-25,95490.61,106949.48,11458.87,12.00,USD,retention,H2,EMP0971,approved
SLH0743,EMP0402,2024-09-08,90990.91,94630.55,3639.64,4.00,USD,spot_adjustment,H2,EMP0890,paid
SLH0744,EMP0342,2025-08-18,77532.12,80633.40,3101.28,4.00,USD,annual_cycle,Off-cycle,EMP0488,approved
SLH0745,EMP0381,2022-11-27,108433.28,122532.14,14098.86,13.00,USD,market_correction,Off-cycle,EMP0083,paid
SLH0746,EMP0098,2026-08-02,34313.36,36154.76,1841.40,5.37,INR,spot_adjustment,H1,EMP0364,paid
SLH0747,EMP0136,2025-02-24,152870.62,171215.10,18344.47,12.00,USD,annual_cycle,Off-cycle,EMP0681,approved
SLH0748,EMP0641,2026-03-21,172807.20,183175.63,10368.43,6.00,USD,spot_adjustment,H2,EMP0918,rejected
SLH0749,EMP0609,2025-02-21,158789.19,174668.11,15878.92,10.00,USD,market_correction,H1,EMP0651,paid
SLH0750,EMP0092,2024-07-09,82176.54,83820.07,1643.53,2.00,USD,promotion,H1,EMP0273,rejected
SLH0751,EMP0864,2025-11-16,177109.81,185965.30,8855.49,5.00,USD,retention,Off-cycle,EMP0352,pending
SLH0752,EMP0628,2025-09-18,182428.66,187901.52,5472.86,3.00,USD,market_correction,Off-cycle,EMP0401,paid
SLH0753,EMP0603,2022-06-24,92146.38,94910.77,2764.39,3.00,USD,market_correction,H1,EMP0208,paid
SLH0754,EMP0471,2019-02-12,84403.49,94769.38,10365.89,12.28,USD,promotion,Annual,EMP0275,paid
SLH0755,EMP0340,2024-04-27,156751.53,173683.11,16931.58,10.80,GBP,retention,H1,EMP0047,rejected
SLH0756,EMP0163,2026-05-13,123859.63,131291.21,7431.58,6.00,USD,market_correction,H1,EMP0436,paid
SLH0757,EMP0150,2018-11-13,56551.45,61075.56,4524.12,8.00,USD,market_correction,H1,EMP0370,rejected
SLH0758,EMP0223,2026-07-30,122416.32,132209.62,9793.31,8.00,USD,spot_adjustment,H1,EMP0881,paid
SLH0759,EMP0287,2026-07-15,41236.36,44535.27,3298.91,8.00,INR,annual_cycle,H2,EMP0357,pending
SLH0760,EMP0812,2026-01-28,151435.13,163549.95,12114.81,8.00,USD,promotion,H1,EMP0136,rejected
SLH0761,EMP0455,2024-09-28,87561.44,90626.09,3064.65,3.50,USD,retention,Off-cycle,EMP0288,pending
SLH0762,EMP0691,2021-12-01,126222.49,132737.40,6514.91,5.16,USD,spot_adjustment,H2,EMP0946,pending
SLH0763,EMP0674,2025-03-01,151064.29,163149.43,12085.14,8.00,USD,annual_cycle,Off-cycle,EMP0724,pending
SLH0764,EMP0068,2026-05-09,71132.40,73266.37,2133.97,3.00,USD,spot_adjustment,H1,EMP0664,paid
SLH0765,EMP0798,2021-01-06,186889.59,209316.35,22426.75,12.00,USD,annual_cycle,Off-cycle,EMP0005,rejected
SLH0766,EMP0920,2024-05-11,161919.68,167586.86,5667.19,3.50,USD,promotion,H1,EMP0794,rejected
SLH0767,EMP0834,2026-07-02,67504.40,72904.75,5400.35,8.00,USD,market_correction,Annual,EMP0152,approved
SLH0768,EMP0382,2018-06-17,117613.77,131727.43,14113.65,12.00,USD,spot_adjustment,Annual,EMP0890,approved
SLH0769,EMP0416,2024-11-20,57958.82,59509.48,1550.66,2.68,INR,annual_cycle,H2,EMP0286,pending
SLH0770,EMP0862,2021-08-07,43244.79,46704.37,3459.58,8.00,INR,promotion,Off-cycle,EMP0209,pending
SLH0771,EMP0726,2025-02-13,52846.60,53903.54,1056.93,2.00,INR,annual_cycle,H2,EMP0144,paid
SLH0772,EMP0062,2021-09-09,144932.12,153628.05,8695.93,6.00,USD,retention,Annual,EMP0524,pending
SLH0773,EMP0033,2020-02-08,107566.23,109717.56,2151.32,2.00,USD,annual_cycle,Annual,EMP0072,approved
SLH0774,EMP0576,2024-12-14,135209.30,146026.05,10816.74,8.00,USD,spot_adjustment,Off-cycle,EMP0445,approved
SLH0775,EMP0535,2021-11-11,96286.06,98969.09,2683.03,2.79,USD,retention,H2,EMP0732,paid
SLH0776,EMP0090,2024-02-23,53631.15,55776.39,2145.25,4.00,USD,retention,H2,EMP0371,pending
SLH0777,EMP0091,2024-04-16,14593.18,15103.94,510.76,3.50,INR,promotion,H1,EMP0164,rejected
SLH0778,EMP0981,2026-05-15,35168.60,35871.97,703.37,2.00,INR,spot_adjustment,H2,EMP0075,pending
SLH0779,EMP0456,2023-10-21,167188.01,180563.05,13375.04,8.00,USD,retention,Off-cycle,EMP0458,approved
SLH0780,EMP0323,2024-09-08,108104.11,111347.24,3243.12,3.00,USD,spot_adjustment,H2,EMP0471,pending
SLH0781,EMP0896,2020-09-26,15373.13,16910.45,1537.31,10.00,INR,retention,Annual,EMP0482,approved
SLH0782,EMP0911,2023-01-01,48400.36,51304.38,2904.02,6.00,GBP,market_correction,Off-cycle,EMP0628,pending
SLH0783,EMP0796,2026-02-17,143874.93,155384.92,11509.99,8.00,USD,promotion,Annual,EMP0580,rejected
SLH0784,EMP0537,2021-09-19,29664.97,30554.91,889.95,3.00,INR,spot_adjustment,H1,EMP0112,pending
SLH0785,EMP0729,2022-08-11,94107.71,98813.09,4705.39,5.00,USD,market_correction,H2,EMP0765,pending
SLH0786,EMP0388,2020-04-28,65462.20,66771.44,1309.24,2.00,USD,annual_cycle,Off-cycle,EMP0800,pending
SLH0787,EMP0142,2019-01-03,142726.21,160098.55,17372.34,12.17,USD,annual_cycle,H2,EMP0263,pending
SLH0788,EMP0195,2016-01-01,29027.46,31349.66,2322.20,8.00,INR,market_correction,Annual,EMP0908,paid
SLH0789,EMP0169,2017-10-23,157649.69,162379.18,4729.49,3.00,USD,retention,Off-cycle,EMP0954,pending
SLH0790,EMP0701,2016-08-28,165241.58,171025.03,5783.46,3.50,USD,promotion,Off-cycle,EMP0627,pending
SLH0791,EMP0984,2025-11-21,161076.11,165908.40,4832.28,3.00,USD,annual_cycle,H2,EMP0161,approved
SLH0792,EMP0058,2026-09-21,131524.05,136127.39,4603.34,3.50,USD,promotion,Off-cycle,EMP0674,pending
SLH0793,EMP0508,2026-10-24,106624.02,111955.22,5331.20,5.00,USD,market_correction,H2,EMP0237,paid
SLH0794,EMP0668,2023-02-02,73064.84,81832.62,8767.78,12.00,USD,market_correction,H2,EMP0940,pending
SLH0795,EMP0426,2026-03-23,68490.94,70888.12,2397.18,3.50,USD,spot_adjustment,H1,EMP0580,pending
SLH0796,EMP0967,2026-07-03,44684.25,50046.36,5362.11,12.00,USD,annual_cycle,H1,EMP0388,paid
SLH0797,EMP0742,2024-08-24,124160.56,134093.41,9932.84,8.00,USD,market_correction,Annual,EMP0004,pending
SLH0798,EMP0655,2022-04-03,169932.50,176729.80,6797.30,4.00,GBP,retention,Annual,EMP0385,paid
SLH0799,EMP0647,2025-06-16,116180.86,121989.90,5809.04,5.00,USD,promotion,H1,EMP0493,approved
SLH0800,EMP0135,2022-05-15,164634.89,184391.08,19756.19,12.00,USD,spot_adjustment,Annual,EMP0446,paid
SLH0801,EMP0816,2021-12-26,134203.01,149514.94,15311.93,11.41,USD,annual_cycle,Off-cycle,EMP0738,approved
SLH0802,EMP0840,2022-03-26,80016.97,86418.33,6401.36,8.00,USD,promotion,H1,EMP0812,pending
SLH0803,EMP0702,2026-02-12,154725.74,167103.80,12378.06,8.00,GBP,annual_cycle,Annual,EMP0207,pending
SLH0804,EMP0264,2021-02-18,27798.18,28354.14,555.96,2.00,INR,market_correction,Off-cycle,EMP0803,pending
SLH0805,EMP0819,2026-05-13,173767.69,182456.07,8688.38,5.00,USD,retention,Annual,EMP0514,rejected
SLH0806,EMP0517,2024-04-14,190565.19,209621.71,19056.52,10.00,USD,annual_cycle,H1,EMP0804,pending
SLH0807,EMP0923,2025-09-13,75501.69,84561.89,9060.20,12.00,USD,annual_cycle,Off-cycle,EMP0178,paid
SLH0808,EMP0762,2021-09-26,131790.66,144969.73,13179.07,10.00,USD,promotion,H2,EMP0935,approved
SLH0809,EMP0057,2019-10-21,63922.30,71592.98,7670.68,12.00,USD,annual_cycle,H2,EMP0970,rejected
SLH0810,EMP0681,2023-11-18,137527.33,140277.88,2750.55,2.00,USD,market_correction,H2,EMP0272,pending
SLH0811,EMP0301,2026-10-22,33300.88,34466.41,1165.53,3.50,INR,spot_adjustment,H2,EMP0720,rejected
SLH0812,EMP0384,2026-06-04,72061.39,74583.54,2522.15,3.50,USD,retention,Off-cycle,EMP0988,pending
SLH0813,EMP0925,2017-03-24,78077.21,82334.61,4257.39,5.45,USD,market_correction,Off-cycle,EMP0270,rejected
SLH0814,EMP0287,2026-01-30,36604.18,38068.35,1464.17,4.00,INR,spot_adjustment,Off-cycle,EMP0668,rejected
SLH0815,EMP0994,2025-09-01,126486.39,132810.71,6324.32,5.00,USD,annual_cycle,Annual,EMP0158,rejected
SLH0816,EMP0292,2024-06-01,155499.28,167939.23,12439.94,8.00,GBP,annual_cycle,H1,EMP0814,approved
SLH0817,EMP0584,2020-12-30,177647.75,191859.57,14211.82,8.00,USD,market_correction,Annual,EMP0371,rejected
SLH0818,EMP0237,2023-04-22,63284.71,69613.18,6328.47,10.00,USD,market_correction,Off-cycle,EMP0469,rejected
SLH0819,EMP0328,2017-12-15,102351.18,107468.74,5117.56,5.00,USD,market_correction,Annual,EMP0667,approved
SLH0820,EMP0925,2025-02-20,81173.00,87666.84,6493.84,8.00,USD,annual_cycle,Off-cycle,EMP0870,pending
SLH0821,EMP0038,2026-01-08,60506.58,65496.89,4990.31,8.25,USD,annual_cycle,H1,EMP0045,approved
SLH0822,EMP0394,2026-06-25,105945.43,116539.97,10594.54,10.00,USD,annual_cycle,H1,EMP0594,paid
SLH0823,EMP0062,2024-01-30,156281.22,171909.34,15628.12,10.00,USD,spot_adjustment,H2,EMP0301,rejected
SLH0824,EMP0706,2023-01-24,17458.87,17994.11,535.24,3.07,INR,promotion,H2,EMP0963,approved
SLH0825,EMP0634,2026-04-15,160078.26,168082.17,8003.91,5.00,USD,spot_adjustment,H2,EMP0612,paid
SLH0826,EMP0287,2025-12-04,37881.49,39396.75,1515.26,4.00,INR,retention,H1,EMP0692,approved
SLH0827,EMP0217,2014-10-16,163276.99,177092.78,13815.80,8.46,USD,market_correction,Off-cycle,EMP0134,rejected
SLH0828,EMP0245,2024-01-19,159107.01,168653.43,9546.42,6.00,GBP,market_correction,H2,EMP0451,pending
SLH0829,EMP0626,2025-11-09,17301.92,17647.96,346.04,2.00,INR,promotion,H2,EMP0954,paid
SLH0830,EMP0707,2021-06-17,131738.74,138325.68,6586.94,5.00,USD,annual_cycle,Annual,EMP0326,paid
SLH0831,EMP0094,2024-01-02,19511.53,21852.91,2341.38,12.00,INR,retention,Off-cycle,EMP0635,rejected
SLH0832,EMP0806,2026-05-20,162067.39,167739.75,5672.36,3.50,USD,spot_adjustment,Annual,EMP0507,approved
SLH0833,EMP0854,2023-08-05,90416.80,94937.64,4520.84,5.00,USD,spot_adjustment,Off-cycle,EMP0913,pending
SLH0834,EMP0202,2025-08-05,66390.11,68381.81,1991.70,3.00,USD,annual_cycle,Off-cycle,EMP0110,paid
SLH0835,EMP0638,2025-11-01,151474.52,156776.13,5301.61,3.50,USD,annual_cycle,Annual,EMP0147,rejected
SLH0836,EMP0492,2022-04-21,49455.22,54400.74,4945.52,10.00,USD,annual_cycle,H1,EMP0326,rejected
SLH0837,EMP0562,2023-10-28,54953.48,56052.55,1099.07,2.00,INR,market_correction,Annual,EMP0971,approved
SLH0838,EMP0562,2023-02-28,56581.21,60908.28,4327.08,7.65,INR,spot_adjustment,H2,EMP0686,approved
SLH0839,EMP0931,2025-03-01,124623.96,139578.83,14954.87,12.00,USD,annual_cycle,H1,EMP0354,rejected
SLH0840,EMP0892,2025-10-23,48180.70,50589.73,2409.03,5.00,USD,spot_adjustment,Annual,EMP0897,paid
SLH0841,EMP0365,2025-10-12,69341.07,72686.18,3345.11,4.82,USD,retention,Annual,EMP0492,pending
SLH0842,EMP0138,2020-11-21,142428.54,147413.54,4985.00,3.50,GBP,market_correction,Annual,EMP0996,paid
SLH0843,EMP0610,2023-04-11,98493.07,101447.86,2954.79,3.00,USD,promotion,Off-cycle,EMP0610,paid
SLH0844,EMP0156,2021-04-25,127902.56,143250.87,15348.31,12.00,USD,retention,H2,EMP0855,approved
SLH0845,EMP0483,2022-07-03,109055.45,111236.56,2181.11,2.00,USD,market_correction,Off-cycle,EMP0714,approved
SLH0846,EMP0343,2025-12-01,96642.46,99541.74,2899.27,3.00,USD,market_correction,H2,EMP0374,pending
SLH0847,EMP0945,2026-01-17,131430.72,147202.41,15771.69,12.00,USD,annual_cycle,Annual,EMP0500,pending
SLH0848,EMP0704,2026-01-24,82442.73,85328.22,2885.50,3.50,USD,market_correction,Off-cycle,EMP0984,paid
SLH0849,EMP0555,2020-04-21,15820.50,17086.14,1265.64,8.00,INR,market_correction,Annual,EMP0583,approved
SLH0850,EMP0241,2025-01-12,173494.80,180434.59,6939.79,4.00,USD,retention,H2,EMP0992,paid
SLH0851,EMP0889,2022-10-19,85620.49,94182.54,8562.05,10.00,USD,market_correction,H1,EMP0659,approved
SLH0852,EMP0106,2026-07-26,28990.48,30150.10,1159.62,4.00,INR,annual_cycle,Off-cycle,EMP0976,approved
SLH0853,EMP0386,2026-07-18,135829.64,156036.48,20206.84,14.88,USD,spot_adjustment,H2,EMP0316,paid
SLH0854,EMP0457,2025-07-21,122510.56,126185.88,3675.32,3.00,USD,promotion,H1,EMP0797,paid
SLH0855,EMP0310,2023-10-02,63070.23,64331.64,1261.40,2.00,USD,market_correction,H1,EMP0299,rejected
SLH0856,EMP0541,2026-01-18,65176.26,67365.47,2189.21,3.36,USD,promotion,Annual,EMP0774,rejected
SLH0857,EMP0407,2019-01-17,61015.18,68337.00,7321.82,12.00,USD,market_correction,H2,EMP0592,approved
SLH0858,EMP0426,2026-06-01,60302.64,66332.91,6030.26,10.00,USD,market_correction,H1,EMP0226,approved
SLH0859,EMP0036,2022-07-20,66898.43,73588.27,6689.84,10.00,USD,market_correction,Annual,EMP0593,paid
SLH0860,EMP0284,2024-12-08,149589.96,154825.61,5235.65,3.50,USD,promotion,H2,EMP0618,pending
SLH0861,EMP0737,2021-05-22,96451.37,101273.94,4822.57,5.00,USD,promotion,H1,EMP0345,paid
SLH0862,EMP0595,2018-01-27,74840.72,83821.60,8980.89,12.00,USD,market_correction,H2,EMP0614,pending
SLH0863,EMP0609,2023-12-20,162498.28,168185.72,5687.44,3.50,USD,market_correction,Annual,EMP0604,paid
SLH0864,EMP0634,2023-07-28,158213.00,170402.61,12189.61,7.70,USD,annual_cycle,H1,EMP0737,paid
SLH0865,EMP0588,2015-08-22,158910.44,162088.65,3178.21,2.00,USD,market_correction,H2,EMP0471,rejected
SLH0866,EMP0433,2024-12-19,50439.60,53465.98,3026.38,6.00,INR,retention,H1,EMP0756,approved
SLH0867,EMP0920,2025-08-21,184052.92,198944.23,14891.31,8.09,USD,spot_adjustment,H1,EMP0910,rejected
SLH0868,EMP0471,2020-03-29,93920.07,101433.68,7513.61,8.00,USD,promotion,H2,EMP0153,pending
SLH0869,EMP0503,2023-01-03,79805.78,84594.13,4788.35,6.00,USD,promotion,H1,EMP0544,approved
SLH0870,EMP0101,2023-05-24,179032.55,200516.45,21483.91,12.00,USD,promotion,Off-cycle,EMP0556,rejected
SLH0871,EMP0268,2022-08-18,159052.52,164619.36,5566.84,3.50,USD,annual_cycle,H2,EMP0202,approved
SLH0872,EMP0235,2024-12-13,76978.12,78526.52,1548.40,2.01,USD,market_correction,H1,EMP0106,paid
SLH0873,EMP0294,2024-01-07,164264.41,183976.14,19711.73,12.00,USD,market_correction,Annual,EMP0225,approved
SLH0874,EMP0470,2019-12-02,125876.64,133429.23,7552.60,6.00,USD,retention,H1,EMP0694,pending
SLH0875,EMP0521,2025-03-13,134725.61,150892.68,16167.07,12.00,USD,spot_adjustment,H1,EMP0377,pending
SLH0876,EMP0954,2026-05-01,185428.68,189137.25,3708.57,2.00,USD,market_correction,Annual,EMP0689,pending
SLH0877,EMP0901,2023-02-24,91011.04,101932.36,10921.32,12.00,USD,spot_adjustment,H2,EMP0448,rejected
SLH0878,EMP0928,2025-11-01,141376.12,149858.69,8482.57,6.00,USD,market_correction,Annual,EMP0007,approved
SLH0879,EMP0138,2021-02-26,146173.45,160790.79,14617.34,10.00,GBP,retention,H2,EMP0127,approved
SLH0880,EMP0957,2026-03-24,57121.10,64399.44,7278.34,12.74,GBP,market_correction,H1,EMP0875,rejected
SLH0881,EMP0693,2026-08-20,53381.41,56584.30,3202.88,6.00,USD,market_correction,Annual,EMP0909,approved
SLH0882,EMP0386,2026-07-22,134237.46,151765.86,17528.40,13.06,USD,retention,Annual,EMP0365,rejected
SLH0883,EMP0601,2022-01-28,95991.43,99831.09,3839.66,4.00,USD,market_correction,H1,EMP0563,rejected
SLH0884,EMP0003,2024-11-23,60861.07,62991.20,2130.14,3.50,USD,promotion,Off-cycle,EMP0802,approved
SLH0885,EMP0263,2023-04-08,96021.71,100822.79,4801.09,5.00,USD,spot_adjustment,Off-cycle,EMP0351,paid
SLH0886,EMP0061,2019-08-26,81726.29,91533.44,9807.15,12.00,USD,spot_adjustment,H1,EMP0917,pending
SLH0887,EMP0005,2025-08-21,18645.43,20509.97,1864.54,10.00,INR,market_correction,H1,EMP0312,pending
SLH0888,EMP0330,2025-12-22,121685.70,128986.84,7301.14,6.00,USD,market_correction,Off-cycle,EMP0971,approved
SLH0889,EMP0594,2018-12-05,157949.64,176903.60,18953.96,12.00,USD,annual_cycle,Off-cycle,EMP0361,pending
SLH0890,EMP0640,2019-09-26,89630.44,94763.06,5132.62,5.73,USD,annual_cycle,H1,EMP0128,paid
SLH0891,EMP0639,2025-11-08,142497.42,156747.16,14249.74,10.00,USD,retention,Off-cycle,EMP0783,rejected
SLH0892,EMP0796,2026-01-17,149747.96,158732.84,8984.88,6.00,USD,retention,Annual,EMP0310,pending
SLH0893,EMP0014,2025-12-28,202128.19,218298.44,16170.26,8.00,USD,retention,Off-cycle,EMP0604,pending
SLH0894,EMP0589,2025-05-13,150510.57,156530.99,6020.42,4.00,USD,retention,H2,EMP0466,pending
SLH0895,EMP0552,2023-06-11,57070.33,63918.77,6848.44,12.00,USD,market_correction,Off-cycle,EMP0064,paid
SLH0896,EMP0237,2020-05-20,60340.08,68571.10,8231.02,13.64,USD,annual_cycle,Off-cycle,EMP0237,approved
SLH0897,EMP0183,2026-08-03,111326.48,120232.60,8906.12,8.00,USD,market_correction,Off-cycle,EMP0784,paid
SLH0898,EMP0303,2024-02-27,37252.92,39488.10,2235.18,6.00,INR,spot_adjustment,H1,EMP0160,pending
SLH0899,EMP0270,2026-04-05,93834.73,105094.90,11260.17,12.00,USD,market_correction,Annual,EMP0231,approved
SLH0900,EMP0397,2023-05-07,38159.31,39685.69,1526.37,4.00,INR,spot_adjustment,Off-cycle,EMP0928,approved
SLH0901,EMP0757,2020-02-12,190640.33,209704.36,19064.03,10.00,USD,spot_adjustment,H1,EMP0501,paid
SLH0902,EMP0358,2026-06-11,52669.56,54249.64,1580.09,3.00,INR,spot_adjustment,Off-cycle,EMP0284,paid
SLH0903,EMP0231,2025-04-23,37412.43,41153.67,3741.24,10.00,INR,spot_adjustment,Off-cycle,EMP0738,pending
SLH0904,EMP0493,2022-05-12,49728.15,55695.53,5967.38,12.00,GBP,spot_adjustment,Annual,EMP0976,approved
SLH0905,EMP0020,2024-06-10,168274.41,188467.34,20192.93,12.00,USD,annual_cycle,H2,EMP0723,approved
SLH0906,EMP0712,2026-01-18,70320.12,75945.73,5625.61,8.00,USD,retention,H2,EMP0004,rejected
SLH0907,EMP0404,2016-12-04,53238.67,54303.44,1064.77,2.00,USD,market_correction,Off-cycle,EMP0842,rejected
SLH0908,EMP0420,2026-03-03,158332.18,177332.05,18999.86,12.00,USD,spot_adjustment,Annual,EMP0820,paid
SLH0909,EMP0812,2026-04-14,151692.58,156243.36,4550.78,3.00,USD,promotion,Annual,EMP0490,rejected
SLH0910,EMP0863,2025-02-28,97613.19,105422.24,7809.05,8.00,USD,annual_cycle,Off-cycle,EMP0092,paid
SLH0911,EMP0168,2023-11-13,134164.86,143075.03,8910.17,6.64,USD,market_correction,H1,EMP0157,pending
SLH0912,EMP0690,2026-07-02,97447.31,100857.96,3410.66,3.50,USD,market_correction,Off-cycle,EMP0368,rejected
SLH0913,EMP0324,2026-02-23,56494.26,63273.57,6779.31,12.00,USD,spot_adjustment,Annual,EMP0010,rejected
SLH0914,EMP0634,2023-05-08,143633.09,160869.06,17235.97,12.00,USD,retention,H1,EMP0126,approved
SLH0915,EMP0532,2025-01-02,138615.42,149704.65,11089.23,8.00,USD,annual_cycle,Annual,EMP0030,rejected
SLH0916,EMP0803,2022-02-04,64674.95,71142.45,6467.50,10.00,GBP,annual_cycle,Off-cycle,EMP0374,rejected
SLH0917,EMP0076,2022-11-26,187237.70,202836.90,15599.20,8.33,USD,retention,Off-cycle,EMP0110,rejected
SLH0918,EMP0415,2025-05-15,59065.18,66153.00,7087.82,12.00,USD,annual_cycle,H2,EMP0860,approved
SLH0919,EMP0926,2019-10-06,121420.91,126277.75,4856.84,4.00,USD,annual_cycle,H2,EMP0613,paid
SLH0920,EMP0138,2022-09-27,149643.51,162287.58,12644.08,8.45,GBP,spot_adjustment,Annual,EMP0352,paid
SLH0921,EMP0045,2025-07-22,70567.21,73037.07,2469.85,3.50,USD,spot_adjustment,H1,EMP0099,pending
SLH0922,EMP0345,2026-05-03,53920.58,56616.61,2696.03,5.00,USD,retention,H2,EMP0649,approved
SLH0923,EMP0959,2024-06-24,49878.46,54792.79,4914.34,9.85,GBP,spot_adjustment,H1,EMP0013,rejected
SLH0924,EMP0661,2025-11-04,93847.28,96662.70,2815.42,3.00,USD,spot_adjustment,H2,EMP0662,paid
SLH0925,EMP0499,2023-05-17,104857.30,110100.17,5242.87,5.00,USD,annual_cycle,H2,EMP0809,pending
SLH0926,EMP0867,2026-07-08,50721.72,53765.03,3043.30,6.00,GBP,annual_cycle,H1,EMP0645,pending
SLH0927,EMP0548,2024-02-25,87525.81,98028.91,10503.10,12.00,USD,spot_adjustment,H2,EMP0879,pending
SLH0928,EMP0613,2025-01-30,89648.19,95027.08,5378.89,6.00,USD,market_correction,H2,EMP0515,approved
SLH0929,EMP0933,2026-08-02,86239.57,91413.94,5174.37,6.00,GBP,promotion,H2,EMP0631,paid
SLH0930,EMP0584,2019-05-17,164870.37,173113.89,8243.52,5.00,USD,spot_adjustment,Off-cycle,EMP0693,rejected
SLH0931,EMP0874,2025-09-23,59841.01,63431.47,3590.46,6.00,USD,annual_cycle,H1,EMP0821,paid
SLH0932,EMP0867,2025-04-28,48349.78,53184.76,4834.98,10.00,GBP,spot_adjustment,H1,EMP0852,paid
SLH0933,EMP0682,2026-06-03,119222.43,125183.56,5961.12,5.00,USD,retention,Off-cycle,EMP0013,pending
SLH0934,EMP0439,2026-05-18,155888.37,168359.44,12471.07,8.00,USD,spot_adjustment,Annual,EMP0175,approved
SLH0935,EMP0832,2023-06-05,100254.69,110280.15,10025.47,10.00,USD,market_correction,Off-cycle,EMP0407,paid
SLH0936,EMP0543,2026-05-22,76473.50,80749.03,4275.54,5.59,USD,market_correction,H2,EMP0342,rejected
SLH0937,EMP0057,2026-02-11,72089.50,77709.61,5620.11,7.80,USD,retention,Annual,EMP0826,approved
SLH0938,EMP0792,2025-10-19,62632.63,64511.61,1878.98,3.00,USD,market_correction,H1,EMP0222,paid
SLH0939,EMP0564,2024-01-21,112128.87,115492.74,3363.87,3.00,USD,promotion,Annual,EMP0649,approved
SLH0940,EMP0564,2024-06-25,117403.90,129144.29,11740.39,10.00,USD,annual_cycle,H1,EMP0708,approved
SLH0941,EMP0132,2026-10-07,87934.42,91451.79,3517.38,4.00,USD,market_correction,Off-cycle,EMP0729,approved
SLH0942,EMP0245,2023-01-15,155780.69,168243.15,12462.46,8.00,GBP,retention,H1,EMP0411,approved
SLH0943,EMP0555,2022-02-05,16228.28,17039.70,811.41,5.00,INR,annual_cycle,Annual,EMP0419,approved
SLH0944,EMP0878,2024-12-14,196861.19,216547.31,19686.12,10.00,USD,spot_adjustment,Annual,EMP0304,approved
SLH0945,EMP0348,2026-03-08,197629.96,207511.45,9881.50,5.00,USD,promotion,H1,EMP0652,paid
SLH0946,EMP0314,2024-11-05,84309.74,91054.52,6744.78,8.00,USD,promotion,Off-cycle,EMP0402,approved
SLH0947,EMP0028,2025-11-14,179070.62,185338.10,6267.47,3.50,USD,spot_adjustment,H2,EMP0020,pending
SLH0948,EMP0250,2026-06-07,53288.13,54886.78,1598.64,3.00,USD,spot_adjustment,H1,EMP0649,pending
SLH0949,EMP0571,2026-02-18,175006.63,183756.96,8750.33,5.00,USD,market_correction,H1,EMP0192,pending
SLH0950,EMP0891,2020-10-20,31693.82,34790.13,3096.31,9.77,INR,promotion,Annual,EMP0589,pending
SLH0951,EMP0665,2025-06-21,32073.86,35281.25,3207.39,10.00,INR,annual_cycle,Off-cycle,EMP0948,paid
SLH0952,EMP0790,2019-05-29,167382.28,173240.66,5858.38,3.50,USD,annual_cycle,Off-cycle,EMP0432,paid
SLH0953,EMP0812,2026-05-12,153782.39,174932.38,21149.98,13.75,USD,promotion,Annual,EMP0548,approved
SLH0954,EMP0838,2023-08-29,57215.41,59504.03,2288.62,4.00,INR,retention,Annual,EMP0942,approved
SLH0955,EMP0933,2026-07-30,93071.16,100516.86,7445.69,8.00,GBP,market_correction,Off-cycle,EMP0188,approved
SLH0956,EMP0634,2024-11-25,140177.44,144382.76,4205.32,3.00,USD,promotion,Off-cycle,EMP0911,pending
SLH0957,EMP0276,2024-06-03,25012.68,25512.93,500.25,2.00,INR,market_correction,Off-cycle,EMP0898,paid
SLH0958,EMP0997,2026-09-03,47975.53,48935.05,959.51,2.00,USD,spot_adjustment,H1,EMP0499,approved
SLH0959,EMP0773,2026-04-06,50459.47,53487.03,3027.57,6.00,USD,retention,Annual,EMP0185,pending
SLH0960,EMP0283,2025-08-01,172766.91,176222.25,3455.34,2.00,USD,spot_adjustment,H1,EMP0224,rejected
SLH0961,EMP0988,2024-07-31,131640.54,136247.96,4607.42,3.50,USD,spot_adjustment,Annual,EMP0713,pending
SLH0962,EMP0584,2022-03-21,173226.72,178423.52,5196.80,3.00,USD,market_correction,Annual,EMP0498,paid
SLH0963,EMP0475,2024-02-10,48372.16,50790.76,2418.61,5.00,INR,spot_adjustment,Off-cycle,EMP0296,pending
SLH0964,EMP0076,2024-05-25,168069.00,188237.28,20168.28,12.00,USD,promotion,H2,EMP0115,approved
SLH0965,EMP0284,2024-12-02,130795.54,138643.28,7847.73,6.00,USD,retention,H1,EMP0941,paid
SLH0966,EMP0301,2026-10-22,31024.95,32265.95,1241.00,4.00,INR,market_correction,Off-cycle,EMP0053,approved
SLH0967,EMP0087,2022-04-04,152417.53,170707.64,18290.10,12.00,USD,retention,H1,EMP0357,paid
SLH0968,EMP0403,2026-02-26,139187.47,155889.96,16702.50,12.00,USD,market_correction,H1,EMP0948,paid
SLH0969,EMP0133,2024-08-21,102424.58,108570.05,6145.47,6.00,USD,retention,Annual,EMP0876,pending
SLH0970,EMP0419,2016-04-05,56013.00,58317.07,2304.08,4.11,USD,annual_cycle,Annual,EMP0509,rejected
SLH0971,EMP0600,2025-10-31,114377.75,120096.64,5718.89,5.00,GBP,annual_cycle,H1,EMP0777,rejected
SLH0972,EMP0413,2021-02-13,178713.07,185861.59,7148.52,4.00,USD,promotion,Off-cycle,EMP0690,approved
SLH0973,EMP0129,2023-12-30,56604.60,58868.78,2264.18,4.00,INR,annual_cycle,H1,EMP0597,rejected
SLH0974,EMP0197,2020-11-03,146550.20,164136.23,17586.02,12.00,USD,annual_cycle,H2,EMP0655,approved
SLH0975,EMP0843,2020-12-10,130309.52,136824.99,6515.48,5.00,USD,spot_adjustment,Annual,EMP0826,paid
SLH0976,EMP0588,2026-03-10,143230.30,154688.72,11458.42,8.00,USD,market_correction,H1,EMP0410,paid
SLH0977,EMP0307,2025-12-01,128945.83,133458.94,4513.10,3.50,USD,retention,Off-cycle,EMP0032,pending
SLH0978,EMP0430,2024-01-21,73732.64,81105.91,7373.26,10.00,USD,spot_adjustment,Annual,EMP0375,rejected
SLH0979,EMP0487,2024-04-30,86681.87,97083.69,10401.82,12.00,USD,retention,Annual,EMP0298,approved
SLH0980,EMP0412,2025-09-28,160116.34,168122.16,8005.82,5.00,USD,market_correction,H1,EMP0316,paid
SLH0981,EMP0589,2024-07-10,140851.33,147893.90,7042.57,5.00,USD,spot_adjustment,H2,EMP0917,paid
SLH0982,EMP0843,2022-05-03,134095.16,147717.47,13622.31,10.16,USD,annual_cycle,H1,EMP0114,paid
SLH0983,EMP0607,2026-08-04,55525.69,61078.26,5552.57,10.00,USD,spot_adjustment,H1,EMP0066,paid
SLH0984,EMP0443,2023-12-03,177226.49,186087.81,8861.32,5.00,USD,retention,H2,EMP0673,pending
SLH0985,EMP0438,2026-05-07,72510.77,74686.10,2175.32,3.00,USD,retention,Annual,EMP0152,rejected
SLH0986,EMP0419,2025-07-30,54175.82,56884.61,2708.79,5.00,USD,annual_cycle,H1,EMP0709,approved
SLH0987,EMP0617,2026-07-13,65725.02,69668.52,3943.50,6.00,USD,market_correction,Annual,EMP0940,paid
SLH0988,EMP0823,2017-08-04,93013.56,101779.56,8766.00,9.42,USD,promotion,H1,EMP0817,paid
SLH0989,EMP0574,2026-02-10,162862.75,173267.58,10404.83,6.39,GBP,annual_cycle,Off-cycle,EMP0048,approved
SLH0990,EMP0362,2023-04-23,103311.66,105784.98,2473.33,2.39,USD,spot_adjustment,H2,EMP0123,approved
SLH0991,EMP0862,2022-04-20,42239.79,43506.98,1267.19,3.00,INR,market_correction,H1,EMP0125,rejected
SLH0992,EMP0676,2020-06-06,108341.55,111112.30,2770.75,2.56,GBP,market_correction,Off-cycle,EMP0459,rejected
SLH0993,EMP0359,2026-03-15,96613.11,110383.94,13770.82,14.25,GBP,annual_cycle,H2,EMP0400,rejected
SLH0994,EMP0227,2022-04-24,101561.27,104608.11,3046.84,3.00,USD,promotion,H1,EMP0735,paid
SLH0995,EMP0089,2023-12-21,165045.38,171588.01,6542.63,3.96,USD,promotion,Off-cycle,EMP0022,paid
SLH0996,EMP0175,2015-06-15,124089.27,131534.62,7445.36,6.00,USD,retention,Off-cycle,EMP0427,paid
SLH0997,EMP0982,2020-12-15,188620.91,203710.59,15089.67,8.00,USD,spot_adjustment,H2,EMP0152,approved
SLH0998,EMP0465,2024-08-16,80709.22,87165.96,6456.74,8.00,GBP,retention,Annual,EMP0267,paid
SLH0999,EMP0839,2019-11-24,61141.33,63281.28,2139.95,3.50,INR,market_correction,H1,EMP0817,approved
SLH1000,EMP0884,2026-02-12,160057.04,165659.04,5602.00,3.50,GBP,market_correction,H2,EMP0515,approved
